{"organizations": [], "uuid": "55070ebed7f6b7b5b40106f664096bcdb669c653", "thread": {"social": {"gplus": {"shares": 0}, "pinterest": {"shares": 0}, "vk": {"shares": 0}, "linkedin": {"shares": 0}, "facebook": {"likes": 0, "shares": 0, "comments": 0}, "stumbledupon": {"shares": 0}}, "site_full": "www.footmercato.net", "main_image": "", "site_section": "http://footmercato.net//flux-rss", "section_title": "Foot Mercato : Info Transferts Football - Actu Foot Transfert", "url": "http://www.footmercato.net/breves/ol-asse-galtier-tacle-l-arbitrage_187635", "country": "FR", "domain_rank": 6556, "title": "OL-ASSE : Galtier tacle l'arbitrage", "performance_score": 0, "site": "footmercato.net", "participants_count": 1, "title_full": "OL-ASSE : Galtier tacle l'arbitrage", "spam_score": 0.0, "site_type": "news", "published": "2016-10-03T05:47:00.000+03:00", "replies_count": 0, "uuid": "55070ebed7f6b7b5b40106f664096bcdb669c653"}, "author": "Quentin Siebman", "url": "http://www.footmercato.net/breves/ol-asse-galtier-tacle-l-arbitrage_187635", "ord_in_thread": 0, "title": "OL-ASSE : Galtier tacle l'arbitrage", "locations": [], "entities": {"persons": [], "locations": [], "organizations": []}, "highlightText": "", "language": "french", "persons": [], "text": "  OL-ASSE : Galtier tacle l’arbitrage OL-ASSE : Galtier tacle l’arbitrage Publié le : Quentin Siebman Suivre @qsiebman \nAu terme d’un match accroché et rythmé, l’Olympique Lyonnais a remporté le premier derby de l’histoire de son Parc OL, ce dimanche face à Saint-Étienne. En conférence de presse, Christophe Galtier est apparu amer à l’heure de se remémorer ce qui, pour lui, constitue le tournant du match. \nÀ la 40e minute, Jérémy Morel se rend coupable d’une grosse faute sur Tannane. L’arbitre laisse les Verts terminer leur action, avant de stopper le jeu pour prendre des nouvelles du joueur stéphanois et avertir le Lyonnais d’un carton jaune. Quelques secondes plus tard, les Gones ouvrent le score par Darder : « Il doit y avoir coup franc et supériorité numérique. À la sortie, il y a balle à terre, pas de supériorité numérique et on se retrouve menés 1-0. C’est un peu dommage... L’arbitre reverra les images et portera un jugement sur ce que j’ai vu en direct. Je n’ai pas eu besoin d’images... »", "external_links": [], "published": "2016-10-03T05:47:00.000+03:00", "crawled": "2016-10-03T01:04:07.092+03:00", "highlightTitle": ""}