{"organizations": [], "uuid": "2316c7766c7c0664207ebdabd1346d3fc32ec56b", "thread": {"social": {"gplus": {"shares": 0}, "pinterest": {"shares": 0}, "vk": {"shares": 0}, "linkedin": {"shares": 0}, "facebook": {"likes": 2, "shares": 2, "comments": 0}, "stumbledupon": {"shares": 0}}, "site_full": "www.eurosport.fr", "main_image": "http://i.eurosport.com/2016/10/01/1942124-40837972-1600-900.jpg", "site_section": "http://www.eurosport.fr/rss.xml", "section_title": "Eurosport - Top des infos", "url": "http://www.eurosport.fr/formule-1/sergio-perez-restera-bien-chez-force-india-en-2017_sto5886886/story.shtml", "country": "FR", "domain_rank": 3169, "title": "Pérez sera bien chez Force India en 2017", "performance_score": 0, "site": "eurosport.fr", "participants_count": 0, "title_full": "Pérez sera bien chez Force India en 2017", "spam_score": 0.0, "site_type": "news", "published": "2016-10-01T19:28:00.000+03:00", "replies_count": 0, "uuid": "2316c7766c7c0664207ebdabd1346d3fc32ec56b"}, "author": "", "url": "http://www.eurosport.fr/formule-1/sergio-perez-restera-bien-chez-force-india-en-2017_sto5886886/story.shtml", "ord_in_thread": 0, "title": "Pérez sera bien chez Force India en 2017", "locations": [], "entities": {"persons": [], "locations": [], "organizations": []}, "highlightText": "", "language": "french", "persons": [], "text": "il y a 1 heure 0 0 0 FORMULE 1 2017 - Les sponsors de Sergio Pérez ont trouvé un accord avec Force India pour l'an prochain. Et rien ne changera car Nico Hülkenberg a démenti la rumeur Renault. Sergio Pérez courra pour une quatrième saison consécutive pour Force India l’an prochain. Un accord entre les sponsors du pilote mexicain et l’écurie indienne a été trouvé ce samedi au circuit de Sepang, qui accueille le Grand Prix de Malaisie ce week-end.Le nom de Pérez avait été cité chez Haas si jamais ses bailleurs de fonds et Force India ne parvenaient pas à trouver un terrain d’entente pour 2017. \"Checo\" ne fera finalement pas équipe avec Romain Grosjean la saison prochaine, ce qui signifie qu’ Esteban Gutiérrez devrait probablement garder son volant.Force India conservera donc son duo de pilotes l’an prochain, Nico Hülkenberg ayant pour sa part démenti la rumeur Renault .Découvrez les girlfriends des pilotes de Formule 1 dans notre galerie en cliquant ici .Retrouvez plus d’articles sur F1i 0 Lire et réagir", "external_links": [], "published": "2016-10-01T19:28:00.000+03:00", "crawled": "2016-10-01T15:41:06.267+03:00", "highlightTitle": ""}