{"organizations": [], "uuid": "6656ce721ca3fd1b0bd272eefa72a104e2f27b35", "thread": {"social": {"gplus": {"shares": 0}, "pinterest": {"shares": 0}, "vk": {"shares": 0}, "linkedin": {"shares": 0}, "facebook": {"likes": 0, "shares": 0, "comments": 0}, "stumbledupon": {"shares": 0}}, "site_full": "finance.orange.fr", "main_image": "http://media1.woopic.com/493/f/470x264/q/85/fd/p/newsweb-finance-article|559|985|9c4e128d108e09b6ce21e0206b/edf-l-acompte-sur-dividende-pourra-etre-paye-en-actions|l_perte-aaa-moodys-consequence-taux-menages.jpg", "site_section": "", "section_title": "", "url": "http://finance.orange.fr/bourse/article/edf-l-acompte-sur-dividende-pourra-etre-paye-en-actions-CNT000000uwB6S.html", "country": "FR", "domain_rank": 208, "title": "EDF : l'acompte sur dividende pourra être payé en actions sur Orange Finance", "performance_score": 0, "site": "orange.fr", "participants_count": 0, "title_full": "EDF : l'acompte sur dividende pourra être payé en actions sur Orange Finance", "spam_score": 0.213, "site_type": "news", "published": "2016-10-01T20:06:00.000+03:00", "replies_count": 0, "uuid": "6656ce721ca3fd1b0bd272eefa72a104e2f27b35"}, "author": "", "url": "http://finance.orange.fr/bourse/article/edf-l-acompte-sur-dividende-pourra-etre-paye-en-actions-CNT000000uwB6S.html", "ord_in_thread": 0, "title": "EDF : l'acompte sur dividende pourra être payé en actions sur Orange Finance", "locations": [], "entities": {"persons": [], "locations": [], "organizations": []}, "highlightText": "", "language": "french", "persons": [], "text": "Umicore : paiement de l'acompte sur dividende le 25 août Boursier.com, publié le samedi 01 octobre 2016 à 12h06 \nLe Conseil d'administration d' EDF , a décidé la mise en distribution d'un acompte sur dividende au titre de l'exercice 2016 de 0,50 euro par action. Les actionnaires auront la possibilité d'exercer l'option du paiement de cet acompte en actions nouvelles de la société. \nLe prix d'émission des actions nouvelles remises en paiement de cet acompte au titre de l'exercice 2016 est fixé par le Conseil d'administration à 9,62 euros. Ce prix est égal à 90% de la moyenne des premiers cours cotés lors des 20 séances de bourse ayant précédé le 30 septembre 2016, jour de la décision de mise en distribution de cet acompte sur dividende, diminuée du montant net de l'acompte. \nCet acompte au titre de l'exercice 2016 sera détaché le 5 octobre. Les actionnaires pourront opter pour le paiement de l'acompte en actions nouvelles entre le 5 et le 21 octobre 2016 inclus, en adressant leur demande aux intermédiaires financiers habilités à payer ledit acompte. Si le montant de l'acompte, pour lequel est exercée l'option de paiement en actions, ne correspond pas à un nombre entier d'actions, l'actionnaire recevra le nombre d'actions immédiatement inférieur, complété d'une soulte en espèces. Ces actions porteront jouissance immédiate et feront l'objet d'une demande d'admission à la cotation sur Euronext Paris. Leur livraison interviendra à compter du 31 octobre. \nPour les actionnaires qui n'auront pas opté pendant la période indiquée pour un versement de l'acompte en actions, cet acompte au titre de l'exercice 2016 sera payé en numéraire à compter du 31 octobre. Publicité ", "external_links": [], "published": "2016-10-01T20:06:00.000+03:00", "crawled": "2016-10-01T14:19:29.535+03:00", "highlightTitle": ""}