{"organizations": [], "uuid": "7c8b40099fc67c0972449ccd9d9e2dd8a929199f", "thread": {"social": {"gplus": {"shares": 0}, "pinterest": {"shares": 0}, "vk": {"shares": 0}, "linkedin": {"shares": 0}, "facebook": {"likes": 1, "shares": 1, "comments": 0}, "stumbledupon": {"shares": 0}}, "site_full": "www.europe1.fr", "main_image": "http://cdn2-europe1.new2.ladmedia.fr/var/europe1/storage/images/europe1/emissions/une-semaine-en-europe-1/une-semaine-en-europe-1-lhommage-a-shimon-peres-2861410/29149105-1-fre-FR/Une-semaine-en-Europe-1-L-hommage-a-Shimon-Peres.jpg", "site_section": "http://www.europe1.fr/var/export/rss/europe1/animateurs.xml", "section_title": "Europe 1: Animateurs", "url": "http://www.europe1.fr/emissions/une-semaine-en-europe-1/une-semaine-en-europe-1-lhommage-a-shimon-peres-2861410", "country": "FR", "domain_rank": 9784, "title": "Une semaine en Europe 1 - L'hommage à Shimon Peres", "performance_score": 0, "site": "europe1.fr", "participants_count": 1, "title_full": "Une semaine en Europe 1 - L'hommage à Shimon Peres", "spam_score": 0.0, "site_type": "news", "published": "2016-10-01T14:38:00.000+03:00", "replies_count": 0, "uuid": "7c8b40099fc67c0972449ccd9d9e2dd8a929199f"}, "author": "Wendy Bouchard", "url": "http://www.europe1.fr/emissions/une-semaine-en-europe-1/une-semaine-en-europe-1-lhommage-a-shimon-peres-2861410", "ord_in_thread": 0, "title": "Une semaine en Europe 1 - L'hommage à Shimon Peres", "locations": [], "entities": {"persons": [], "locations": [], "organizations": []}, "highlightText": "", "language": "french", "persons": [], "text": "Une semaine en Europe 1 - L'hommage à Shimon Peres 08h38, le 01 octobre 2016 A Une semaine en Europe 1 est une chronique de l'émission Europe 1 Week end diffusée le samedi 01 octobre 2016 0 partage \nWendy Bouchard revient sur les événements marquants de la semaine avec le meilleur d'Europe 1. \nAu menu d'une semaine en Europe 1 : \n- Nicolas Sarkozy raccompagnera-t-il François Hollande à sa voiture s'il est élu président de la République ? \n- Jean-Pierre Elkabbach rediffuse des extraits d'interviews de Shimon Peres en français. \n- Patrick Buisson s'exprime sur les raisons qui l'ont poussé à écrire un livre sur Nicolas Sarkozy. \n- Nicolas Canteloup fait rire Nicolas Sarkozy avec une parodie de Groupama. × S'abonner au podcast \n  Une semaine en Europe 1  //cdn2-europe1.new2.ladmedia.fr/var/exports/podcasts/sound/une-semaine-en-europe-1.xml Les chroniques des jours précédents", "external_links": [], "published": "2016-10-01T14:38:00.000+03:00", "crawled": "2016-10-01T13:38:58.643+03:00", "highlightTitle": ""}