{"organizations": [], "uuid": "8521e07c68a37d9824eaf707e24217a90dd9ae7e", "thread": {"social": {"gplus": {"shares": 0}, "pinterest": {"shares": 0}, "vk": {"shares": 0}, "linkedin": {"shares": 0}, "facebook": {"likes": 0, "shares": 0, "comments": 0}, "stumbledupon": {"shares": 0}}, "site_full": "fr.finance.yahoo.com", "main_image": "https://s.yimg.com/bt/api/res/1.2/N0bMwVREJjphL0g7iXZX.g--/YXBwaWQ9eW5ld3NfbGVnbztpbD1wbGFuZTtxPTc1O3c9NjAw/http://globalfinance.zenfs.com/fr_FR/Finance/FR_AFTP_LATRIBUNE_LIVE_1/cci-lyon.jpg", "site_section": "https://fr.finance.yahoo.com/actualites/partenaire-latribune/?format=rss", "section_title": "Archives des articles La Tribune - Yahoo France Finance", "url": "https://fr.finance.yahoo.com/actualites/%C3%A9lections-cci-m%C3%A9tropolitaine-syndicats-patronaux-145950399.html", "country": "US", "domain_rank": 5, "title": "Élections CCI métropolitaine : les syndicats patronaux unis", "performance_score": 0, "site": "yahoo.com", "participants_count": 0, "title_full": "Élections CCI métropolitaine : les syndicats patronaux unis", "spam_score": 0.0, "site_type": "news", "published": "2016-10-03T22:59:00.000+03:00", "replies_count": 0, "uuid": "8521e07c68a37d9824eaf707e24217a90dd9ae7e"}, "author": "", "url": "https://fr.finance.yahoo.com/actualites/%C3%A9lections-cci-m%C3%A9tropolitaine-syndicats-patronaux-145950399.html", "ord_in_thread": 0, "title": "Élections CCI métropolitaine : les syndicats patronaux unis", "locations": [], "entities": {"persons": [], "locations": [], "organizations": []}, "highlightText": "", "language": "french", "persons": [], "text": "Wall Street, sans élan, termine en légère baisse AFP - il y a 15 minutes Wall Street a légèrement reculé lundi, attentiste en début de trimestre et avec la publication d'indicateurs économiques américains mitigés: le Dow Jones a perdu 0,30% et le Nasdaq 0,21%. … Suite » Wall Street fléchit dans l'attente de l'emploi et des élections Reuters - il y a 32 minutes Wall Street a terminé la séance de lundi en baisse modérée, dans le sillage des valeurs des services aux collectivités et des valeurs bancaires, ces dernières continuant de pâtir des mésaventures de Deutsche ... … Suite » Alstom : pour sauver Belfort, des TGV pour des lignes Intercités et des autobus électriques ? La Tribune - il y a 51 minutes Le plan de sauvetage du site Alstom de Belfort, qui sera présenté mardi par le secrétaire d'Etat à l'Industrie, comprend une commande publique de 16 rames TGV et de leurs 32 motrices. … Suite » Industrialiser pour préparer la digitalisation GlobeNewswire - il y a 57 minutes Par   21 minutes Nanobiotix renforce son équipe dirigeante aux Etats-Unis avec le recrutement d'un Directeur du Développement Clinique et une Directrice des Relations Investisseurs Paris, France, Cambridge, Massachusetts, USA, le 3 Octobre 2016 - NANOBIOTIX … Suite » Foncière Paris Nord : Communiqué sur les résultats annuels 2015 GlobeNewswire - il y a 1 heure 47 minutes FONCIERE PARIS NORD Société Anonyme au capital de 379 602,53 euros Siège social : 15 rue de la Banque - 75002 PARIS 542 030 200 RCS PARIS RESULTATS 2015 A Paris, le 3 octobre2016 Chiffres clefs Patrimoine 18,5 Millions d'euros (y compris … Suite » Cette disposition du Budget 2017 qui rend les artisans furieux BFM Business - il y a 1 heure 47 minutes Alors qu'il avait été supprimé par la loi Travail, le plafonnement des droits à la formation des artisans devrait être rétabli dans le projet de loi de finances pour 2017. … Suite » Foncière Paris Nord : Communiqué de mise à disposition du rapport financier annuel 2015 GlobeNewswire - il y a 1 heure 53 minutes FONCIERE PARIS NORD Société Anonyme au capital de 379 602,53 euros Siège social : 15 rue de la Banque - 75002 PARIS 542 030 200 RCS PARIS Paris, le 3 octobre 2016, Communiqué de mise à disposition du rapport financier annuel au 31 décembre 2015 La … Suite » EDF va récupérer environ un milliard auprès de ses clients Reuters - il y a 2 heures 31 minutes EDF va récupérer environ un milliard d'euros auprès de ses clients français après une hausse rétroactive des factures imposée au gouvernement par le Conseil d'Etat, selon deux arrêtés publiés au Journal ... … Suite » INGENICO GROUP : Morgan Stanley réduit son objectif de cours Tradingsat.com - il y a 2 heures 34 minutes Morgan Stanley a abaissé lundi son objectif de cours sur Ingenico de 85 euros à 70 euros, tout en confirmant sa recommandation \"Sous-pondérer\" sur le leader mondial du marché des terminaux de ... … Suite » La Bourse de Paris prudente avant plusieurs rendez-vous Tradingsat.com - il y a 2 heures 36 minutes La Bourse de Paris a opté pour la prudence lundi, finissant en légère hausse (+0,12% à 4.453,56 points), les investisseurs se plaçant déjà dans l'attente de plusieurs rendez-vous macroéconomiques cette ... … Suite » Quand Allianz Riviera renforce sa gouvernance La Tribune - il y a 2 heures 40   43   49   3 heures f ormulaire de déclaration d'actions et de droits de vote Modèle à adresser en application de l'article L. 233-8 II du Code de Commerce à AMF Autorité des marchés financiers Direction des Emetteurs 17, place de la bourse 75002 PARIS … Suite » Où va l'économie française ? La Tribune - il y a 3 heures Si   appris … Suite » La Bourse de Paris affiche   4 heures (CercleFinance.com) - CCA International a fait état ce lundi après Bourse d'un bénéfice net part du groupe de 423.000 euros à fin juin, contre 665.000 euros au premier semestre 2015. Le bénéfice opérationnel ... … Suite »", "external_links": [], "published": "2016-10-03T22:59:00.000+03:00", "crawled": "2016-10-03T23:53:16.698+03:00", "highlightTitle": ""}