{"organizations": [], "uuid": "ab82af87ce500e21fd18a1042fe325783337853c", "thread": {"social": {"gplus": {"shares": 0}, "pinterest": {"shares": 0}, "vk": {"shares": 0}, "linkedin": {"shares": 0}, "facebook": {"likes": 45, "shares": 45, "comments": 0}, "stumbledupon": {"shares": 0}}, "site_full": "www.dhnet.be", "main_image": "http://r0.ldh.be/image/f0/57eebee2cd70871fc42372f0.jpg", "site_section": "http://dhnet.be//rss.xml", "section_title": "DH.be - La Une", "url": "http://www.dhnet.be/lifestyle/magazine/ce-soir-l-hotel-de-ville-de-bruxelles-se-parera-de-rose-pour-la-lutte-contre-le-cancer-du-sein-57ef92b9cd70871fc423b795", "country": "BE", "domain_rank": 5754, "title": "Ce soir, l'Hôtel de Ville de Bruxelles se parera de rose pour la lutte contre le cancer du sein", "performance_score": 0, "site": "dhnet.be", "participants_count": 1, "title_full": "Ce soir, l'Hôtel de Ville de Bruxelles se parera de rose pour la lutte contre le cancer du sein", "spam_score": 0.0, "site_type": "news", "published": "2016-10-01T17:40:00.000+03:00", "replies_count": 0, "uuid": "ab82af87ce500e21fd18a1042fe325783337853c"}, "author": "Belga", "url": "http://www.dhnet.be/lifestyle/magazine/ce-soir-l-hotel-de-ville-de-bruxelles-se-parera-de-rose-pour-la-lutte-contre-le-cancer-du-sein-57ef92b9cd70871fc423b795", "ord_in_thread": 0, "title": "Ce soir, l'Hôtel de Ville de Bruxelles se parera de rose pour la lutte contre le cancer du sein", "locations": [], "entities": {"persons": [], "locations": [], "organizations": []}, "highlightText": "", "language": "french", "persons": [], "text": "  Lifestyle > Magazine Ce soir, l'Hôtel de Ville de Bruxelles se parera de rose pour la lutte contre le cancer du sein \nBelga   12h40   12h41 ... Shannen Doherty : son combat contre le cancer sur Instagram Magazine \nLa Ville de Bruxelles soutiendra la lutte contre le cancer du sein en illuminant en rose son Hôtel de Ville, samedi à partir de 18 heures, a annoncé jeudi l'échevine des travaux Publics Els Ampe (Open Vld). \nLa Ville contribuera ainsi à l'ouverture du mois d'octobre consacré chaque année, dans le monde, à la sensibilisation à la lutte contre le cancer du sein. \n\" En éclairant l'Hôtel de Ville d'une lumière rose, la Ville veut montrer sa sympathie et sa solidarité avec les patients atteints du cancer, ainsi que leurs proches. Nous voulons donner aussi, avec cette couleur rose, du courage à tous ceux qui luttent contre le cancer \", a commenté Els Ampe. L'échevine a précisé que l'éclairage de l'Hôtel de Ville serait adapté tout au long de l'année pour certains événements ou dates de commémoration. Sur le même sujet : Shannen Doherty : son combat contre le cancer sur Instagram ...", "external_links": [], "published": "2016-10-01T17:40:00.000+03:00", "crawled": "2016-10-01T13:55:19.524+03:00", "highlightTitle": ""}