{"organizations": [], "uuid": "8b2ecb67cb6347d0fe1d553876ca6a3b08df768b", "thread": {"social": {"gplus": {"shares": 0}, "pinterest": {"shares": 0}, "vk": {"shares": 0}, "linkedin": {"shares": 0}, "facebook": {"likes": 0, "shares": 0, "comments": 0}, "stumbledupon": {"shares": 0}}, "site_full": "www.anibis.ch", "main_image": "https://can01.anibis.ch/Autres-Habit-122-et-chaussures-32-33/?1024x728/3/90/anibis/894/761/016/17KuSeycgkKtQyIWXCy8hQ_1.jpg", "site_section": "http://anibis.ch//fr/enfants-,-b%c3%a9b%c3%a9s--27/rssexport.aspx", "section_title": "Petites annonces Enfants & bébés", "url": "http://www.anibis.ch/fr/enfants-~-b%c3%a9b%c3%a9s--27/habit-122-et-chaussures-32-33--16761894.aspx", "country": "CH", "domain_rank": 8918, "title": "Habit 122 et chaussures 32 33", "performance_score": 0, "site": "anibis.ch", "participants_count": 0, "title_full": "Habit 122 et chaussures 32 33", "spam_score": 0.0, "site_type": "news", "published": "2016-10-01T23:18:00.000+03:00", "replies_count": 0, "uuid": "8b2ecb67cb6347d0fe1d553876ca6a3b08df768b"}, "author": "", "url": "http://www.anibis.ch/fr/enfants-~-b%c3%a9b%c3%a9s--27/habit-122-et-chaussures-32-33--16761894.aspx", "ord_in_thread": 0, "title": "Habit 122 et chaussures 32 33", "locations": [], "entities": {"persons": [], "locations": [], "organizations": []}, "highlightText": "", "language": "french", "persons": [], "text": "Habit 122 et chaussures 32 33 Type d'insertion: 40.– Description: \nDans un sac d Ecole peu utilise et deux trousses avec dont une neuve Tablier et habits Le tout 40.- ou 50.- avec envoi Payer simplement et en toute sécurité? Envoyer et recevoir de l'argent avec Cet utilisateur a confirmé son compte avec un numéro de mobile valable. moijvends Membre depuis le 27.05.2009 Êtes-vous intéressé par cette offre? Ecrivez un message à l’annonceur. Mon nom : Transmettre l'annonce par e-mail Vous connaissez quelqu'un qui pourrait s'intéresser à cette annonce ? Envoyez lui un e-mail grâce à ce formulaire. Expéditeur : Veuillez nous indiquer en quelques mots pourquoi cette annonce est une arnaque. e-mail* : Indiquez-nous d'autres annonces concernées (optionel): Multipostage (spam) A votre avis, pourquoi s'agit-il d'une fraude? Fraude Pouvez-vous nous indiquer l'article de loi? Illégal Merci d'indiquer le chapitre de notre CG? Interdit sur anibis.ch Pouvez-vous nous donner une preuve de ces insultes (copie d'email) Insulte Merci de nous donner le site original Contrefaçon Pouvez-vous nous donner l'URL du texte ou l'image original? Copyright Veuillez préciser la raison de votre signalement : Autre raison", "external_links": [], "published": "2016-10-01T23:18:00.000+03:00", "crawled": "2016-10-01T18:53:58.585+03:00", "highlightTitle": ""}