{"organizations": [], "uuid": "c976df4b37080992c2ab305b090187c52213a1cc", "thread": {"social": {"gplus": {"shares": 0}, "pinterest": {"shares": 0}, "vk": {"shares": 0}, "linkedin": {"shares": 0}, "facebook": {"likes": 1, "shares": 1, "comments": 0}, "stumbledupon": {"shares": 0}}, "site_full": "www.lexpress.fr", "main_image": "http://static.lexpress.fr/medias_11168/w_605,h_350,c_fill,g_north/v1475501345/nikola-karabatic-avant-un-entrainement-avec-le-psg-a-paris-le-14-avril-2016_5718429.jpg", "site_section": "http://www.lexpress.fr/rss/lexpresspointfr.xml", "section_title": "LEXPRESS.fr - Rss A la Une", "url": "http://www.lexpress.fr/actualites/1/sport/hand-nikola-karabatic-psg-absent-deux-a-trois-semaines_1836973.html", "country": "FR", "domain_rank": 3353, "title": "Hand: Nikola Karabatic (PSG) absent deux à trois semaines - L'Express", "performance_score": 0, "site": "lexpress.fr", "participants_count": 1, "title_full": "Hand: Nikola Karabatic (PSG) absent deux à trois semaines - L'Express", "spam_score": 0.0, "site_type": "news", "published": "2016-10-03T23:20:00.000+03:00", "replies_count": 0, "uuid": "c976df4b37080992c2ab305b090187c52213a1cc"}, "author": "lexpress.fr", "url": "http://www.lexpress.fr/actualites/1/sport/hand-nikola-karabatic-psg-absent-deux-a-trois-semaines_1836973.html", "ord_in_thread": 0, "title": "Hand: Nikola Karabatic (PSG) absent deux à trois semaines - L'Express", "locations": [], "entities": {"persons": [], "locations": [], "organizations": []}, "highlightText": "", "language": "french", "persons": [], "text": "Paris - Nikola Karabatic, touché au genou droit dimanche contre Plock en Ligue des champions, \"souffre d'une lésion musculaire\" et \"sera donc éloigné des terrains entre deux et trois semaines\", a annoncé lundi le PSG handball. \" C'est ce qu'a révélé un IRM passé ce (lundi) matin par le joueur \", précise le club. \nLe demi-centre du PSG et de l'équipe de France avait dû quitter le terrain en boitant en milieu de première période dimanche, après avoir subi une faute, et n'était plus entré en jeu par la suite. \n+ Plus d'actualité :\n\"Cruauté\": des milliers de Polonaises défilent contre l'interdiction de l'IVG Malaisie: neuf Australiens en détention pour avoir montré leur slip Attentat de Magnanville: Larossi Abballa a été inhumé au Maroc Dons aux associations: les Français de plus en plus généreux", "external_links": [], "published": "2016-10-03T23:20:00.000+03:00", "crawled": "2016-10-03T16:40:02.517+03:00", "highlightTitle": ""}