{"organizations": [], "uuid": "52c20b2ce1b07220996c4d60bfac6013b1112597", "thread": {"social": {"gplus": {"shares": 0}, "pinterest": {"shares": 0}, "vk": {"shares": 0}, "linkedin": {"shares": 0}, "facebook": {"likes": 3, "shares": 3, "comments": 0}, "stumbledupon": {"shares": 0}}, "site_full": "www.lefigaro.fr", "main_image": "http://i.f1g.fr/media/figaro/orig/2016/10/03/XVMfe39d142-8988-11e6-8bce-57b23a9183a7.jpg", "site_section": "http://www.lefigaro.fr/rss/figaro_economie.xml", "section_title": "LE FIGARO - Le Figaro Economie - Actualité économique et financière, conseils en gestion de patrimoine", "url": "http://www.lefigaro.fr/conjoncture/2016/10/03/20002-20161003ARTFIG00331-royaume-uni-l-hypothese-d-un-brexit-dur-fait-craindre-des-turbulences.php", "country": "FR", "domain_rank": 1013, "title": "Royaume-Uni : l'hypothèse d'un Brexit dur fait craindre des «turbulences»", "performance_score": 0, "site": "lefigaro.fr", "participants_count": 1, "title_full": "Royaume-Uni : l'hypothèse d'un Brexit dur fait craindre des «turbulences»", "spam_score": 0.0, "site_type": "news", "published": "2016-10-04T00:53:00.000+03:00", "replies_count": 0, "uuid": "52c20b2ce1b07220996c4d60bfac6013b1112597"}, "author": "fcollomp@lefigaro.fr", "url": "http://www.lefigaro.fr/conjoncture/2016/10/03/20002-20161003ARTFIG00331-royaume-uni-l-hypothese-d-un-brexit-dur-fait-craindre-des-turbulences.php", "ord_in_thread": 0, "title": "Royaume-Uni : l'hypothèse d'un Brexit dur fait craindre des «turbulences»", "locations": [], "entities": {"persons": [], "locations": [], "organizations": []}, "highlightText": "", "language": "french", "persons": [], "text": "Publié le 03/10/2016 à 18:53 \nPhilip Hammond, le ministre britannique des Finances, a prévenu, lundi, que l'économie du Royaume-Uni allait affronter des «turbulences» et des «montagnes russes» lors des négociations du Brexit.. Crédits photo : OLI SCARFF/AFP Londres assouplit sa discipline budgétaire face aux circonstances exceptionnelles de la sortie de l'UE. \nDe notre correspondant à Londres \nLes annonces de Theresa May sur le Brexit, dimanche, au congrès du Parti conservateur à Birmingham ont déjà produit des effets. Après son discours laissant augurer une rupture franche avec l'Union européenne («hard Brexit»), la livre sterling a plongé lundi à son plus bas niveau depuis trois ans face à l'euro. Cette chute traduit les inquiétudes sur les conséquences économiques de la négociation qui doit s'amorcer en mars 2017 entre Londres et Bruxelles. \nDouchant la fierté nationaliste des militants conservateurs gonflés à bloc par la fermeté de la première ministre, son chancelier de l'Échiquier, Philip Hammond, annonce ... Cet article a été publié dans l'édition du Figaro du 04/10/2016 .", "external_links": [], "published": "2016-10-04T00:53:00.000+03:00", "crawled": "2016-10-04T07:40:51.204+03:00", "highlightTitle": ""}