{"organizations": [], "uuid": "92dd3c2c4cfe7064596d32ef01267aa7b026c058", "thread": {"social": {"gplus": {"shares": 0}, "pinterest": {"shares": 0}, "vk": {"shares": 0}, "linkedin": {"shares": 0}, "facebook": {"likes": 0, "shares": 0, "comments": 0}, "stumbledupon": {"shares": 0}}, "site_full": "www.leparisien.fr", "main_image": "http://s1.lprs1.fr/images/2016/10/01/6167523_riba.jpg", "site_section": "http://www.leparisien.fr/sports/iledefrance/rss.xml", "section_title": "Le Parisien  - Sports en Ile-de-France", "url": "http://www.leparisien.fr/sports/ile-de-france/football-cfa-le-bon-coup-de-fleury-contre-calais-1-0-01-10-2016-6167523.php", "country": "FR", "domain_rank": 2525, "title": "Football, CFA : le bon coup de Fleury contre Calais (1-0) - le Parisien", "performance_score": 0, "site": "leparisien.fr", "participants_count": 1, "title_full": "Football, CFA : le bon coup de Fleury contre Calais (1-0) - le Parisien", "spam_score": 0.0, "site_type": "news", "published": "2016-10-02T05:27:00.000+03:00", "replies_count": 0, "uuid": "92dd3c2c4cfe7064596d32ef01267aa7b026c058"}, "author": "leparisien.fr", "url": "http://www.leparisien.fr/sports/ile-de-france/football-cfa-le-bon-coup-de-fleury-contre-calais-1-0-01-10-2016-6167523.php", "ord_in_thread": 0, "title": "Football, CFA : le bon coup de Fleury contre Calais (1-0) - le Parisien", "locations": [], "entities": {"persons": [], "locations": [], "organizations": []}, "highlightText": "", "language": "french", "persons": [], "text": "E xilé à Sainte-Geneviève-des-Bois, Fleury a réussi un bon coup en disposant de Calais grâce à une superbe frappe du gauche de Ribadeira en fin de partie: « La première mi-temps a été poussive et m'a déçu mais la deuxième, même réduits à dix (NDLR : expulsion de Nouï Laïfa), m'a bien plu. Nous étions meilleurs que Calais », se réjouit Bernard Bouger qui voit son club basculer dans le haut de tableau. FLEURY - CALAIS : 1-0 (0-0). Spectateurs : 150. Arbitre : M. Apruzzese.\nBut. Ribadeira (84e). Avertissements. Fleury : Laïfa (37e), Sert (62e), Maxwell (71e), Ribadeira (84e) ; Calais : Bétéhé (70e). \nExpulsion. Fleury : Laïfa (60e).\nFleury : Petit - Kuyema, Maxwell, Sert (cap.), Hebert - Ribadeira, Laïfa, Autret, Tertereau - Louaisil (Naim, 83e), Danso (Matos, 46e). Entr. : Bouger.\nCalais : Bague - St Maxin (Hurtrel, 71e), Gaillard, Bétéhé, Delannoy - Darre (Merlen, 59e), Marque (cap.), Briesmalien, Bopesu - Fori, Bauchet (Hassan, 76e). Entr. : Boutoille.\n\n\n\n\n  leparisien.fr", "external_links": [], "published": "2016-10-02T05:27:00.000+03:00", "crawled": "2016-10-01T22:44:23.642+03:00", "highlightTitle": ""}