{"organizations": [], "uuid": "c8e72139c409425f711406876fc3c4370d846d10", "thread": {"social": {"gplus": {"shares": 0}, "pinterest": {"shares": 0}, "vk": {"shares": 0}, "linkedin": {"shares": 0}, "facebook": {"likes": 0, "shares": 0, "comments": 0}, "stumbledupon": {"shares": 0}}, "site_full": "www.anibis.ch", "main_image": "https://can01.anibis.ch/iPhone-4S-IPhone-4s-16gb-blanc-bon-etat/?1024x728/3/90/anibis/990/783/016/707hgeW3h0qzNJ5V_n2hqw_1.jpg", "site_section": "http://anibis.ch//fr/t%c3%a9l%c3%a9phonie--31/rssexport.aspx", "section_title": "Petites annonces Téléphonie", "url": "http://www.anibis.ch/fr/t%c3%a9l%c3%a9phonie--31/iphone-4s-16gb-blanc-bon-etat--16783990.aspx", "country": "CH", "domain_rank": 8918, "title": "IPhone 4s 16gb blanc bon etat", "performance_score": 0, "site": "anibis.ch", "participants_count": 0, "title_full": "IPhone 4s 16gb blanc bon etat", "spam_score": 0.0, "site_type": "news", "published": "2016-10-03T21:54:00.000+03:00", "replies_count": 0, "uuid": "c8e72139c409425f711406876fc3c4370d846d10"}, "author": "", "url": "http://www.anibis.ch/fr/t%c3%a9l%c3%a9phonie--31/iphone-4s-16gb-blanc-bon-etat--16783990.aspx", "ord_in_thread": 0, "title": "IPhone 4s 16gb blanc bon etat", "locations": [], "entities": {"persons": [], "locations": [], "organizations": []}, "highlightText": "", "language": "french", "persons": [], "text": "IPhone 4s 16gb blanc bon etat Type d'insertion: \nIphone 4s 16gb blanc bon etat. Tout operateur. Payer simplement et en toute sécurité? Envoyer et recevoir de l'argent avec Cet utilisateur a confirmé son compte avec un numéro de mobile valable. smartfixmontreux Membre depuis le 15.12.2015 Téléphone : +41 76 215 87 86 Êtes-vous intéressé par cette offre? Ecrivez un message à l’annonceur. Mon nom : Transmettre l'annonce par e-mail Vous connaissez quelqu'un qui pourrait s'intéresser à cette annonce ? Envoyez lui un e-mail grâce à ce formulaire. Expéditeur : Veuillez nous indiquer en quelques mots pourquoi cette annonce est une arnaque. e-mail* : Indiquez-nous d'autres annonces concernées (optionel): Multipostage (spam) A votre avis, pourquoi s'agit-il d'une fraude? Fraude   Envoyer \nLes annonces suivantes pourront peut-être aussi vous intéresser", "external_links": [], "published": "2016-10-03T21:54:00.000+03:00", "crawled": "2016-10-03T18:09:34.732+03:00", "highlightTitle": ""}