{"organizations": [], "uuid": "17b2a9299278706f9852490e212a8dc15e5b4fdc", "thread": {"social": {"gplus": {"shares": 0}, "pinterest": {"shares": 0}, "vk": {"shares": 0}, "linkedin": {"shares": 0}, "facebook": {"likes": 90, "shares": 90, "comments": 0}, "stumbledupon": {"shares": 0}}, "site_full": "www.buzzfeed.com", "main_image": "https://img.buzzfeed.com/buzzfeed-static/static/2016-10/3/6/campaign_images/buzzfeed-prod-fastlane01/16-personnes-a-suivre-sur-instagram-si-vous-aimez-2-2444-1475492131-9_dblbig.jpg", "site_section": "", "section_title": "", "url": "https://www.buzzfeed.com/jenniferpadjemi/16-personnes-a-suivre-sur-instagram-si-vous-aimez-beaucoup-l", "country": "US", "domain_rank": 137, "title": "16 personnes à suivre sur Instagram si vous aimez (beaucoup) la bouffe", "performance_score": 0, "site": "buzzfeed.com", "participants_count": 0, "title_full": "16 personnes à suivre sur Instagram si vous aimez (beaucoup) la bouffe", "spam_score": 0.02, "site_type": "news", "published": "2016-10-03T08:00:00.000+03:00", "replies_count": 0, "uuid": "17b2a9299278706f9852490e212a8dc15e5b4fdc"}, "author": "Jennifer Padjemi Journaliste Chez Buzzfeed", "url": "https://www.buzzfeed.com/jenniferpadjemi/16-personnes-a-suivre-sur-instagram-si-vous-aimez-beaucoup-l", "ord_in_thread": 0, "title": "16 personnes à suivre sur Instagram si vous aimez (beaucoup) la bouffe", "locations": [], "entities": {"persons": [], "locations": [], "organizations": []}, "highlightText": "", "language": "french", "persons": [], "text": "Désolé, vous ne pouvez réagir que trois fois. Oups. Il semble que vous ayez déjà voté. You are signed in as . Merci de votre réaction ! Partagez cet article avec vos amis Facebook ! Partager ce lien 16 personnes à suivre sur Instagram si vous aimez (beaucoup) la bouffe https://www.buzzfeed.com/jenniferpadjemi/16-per... De la bouffe et encore de la bouffe pour remplir nos ventres. Votre lien a été partagé avec succès ! Sponsorisé par Note: once you save these links, they will no longer update automatically. 1. \n© 2016 BuzzFeed, Inc Are you sure you want to remove this item? You can\\'t restore it with \"Cancel\" button! No \nhas been editing this post since . Unlock and edit anyway \nhave been jointly editing this post since . Unlock only in a case of an emergency. Unlock and edit anyway \nSomething's wrong, a mini-history of this post: Reload the page What type of post are you making? Article Upload an Image Crop Image Are These Thumbnails Okay? × Choose a new image Envoyer par email à un ami J'ai vu ce post sur BuzzFeed et ça m'a fait penser à toi. Please enter the CAT-CHA \nPlease select the newsletters you'd like to receive. \nVotre email a été envoyé ! Oops! We had a problem sending your message. Please try again later. Great! You'll get your first email soon. Share This Link Drag to highlight one or more parts of the screen. Cancel What should we know about this issue? Back ", "external_links": [], "published": "2016-10-03T08:00:00.000+03:00", "crawled": "2016-10-03T15:43:04.650+03:00", "highlightTitle": ""}