{"organizations": [], "uuid": "62e4bb5b7d2d84156f7d7bba436bb2b1cd4eab6c", "thread": {"social": {"gplus": {"shares": 0}, "pinterest": {"shares": 0}, "vk": {"shares": 0}, "linkedin": {"shares": 0}, "facebook": {"likes": 0, "shares": 0, "comments": 0}, "stumbledupon": {"shares": 0}}, "site_full": "www.maxifoot.fr", "main_image": "", "site_section": "http://rss.maxifoot.com/football-general.xml", "section_title": "Maxifoot.fr", "url": "http://www.maxifoot.fr/football-rss247347/om-accord.php", "country": "FR", "domain_rank": 9818, "title": "PSG : un petit couac pour le retour des ultras", "performance_score": 0, "site": "maxifoot.fr", "participants_count": 0, "title_full": "PSG : un petit couac pour le retour des ultras", "spam_score": 0.0, "site_type": "news", "published": "2016-10-01T23:20:00.000+03:00", "replies_count": 0, "uuid": "62e4bb5b7d2d84156f7d7bba436bb2b1cd4eab6c"}, "author": "", "url": "http://www.maxifoot.fr/football-rss247347/om-accord.php", "ord_in_thread": 0, "title": "PSG : un petit couac pour le retour des ultras", "locations": [], "entities": {"persons": [], "locations": [], "organizations": []}, "highlightText": "", "language": "french", "persons": [], "text": "Romain Lantheaume - Le 01/10/2016 A - + Imprimer Email voir l'article de vendredi ), le match entre le Paris Saint-Germain et Bordeaux (1-0 en cours) comptant pour la 8e journжe de Ligue 1 samedi a dжbutж par un petit couac. Si environ 150 ultras ont effectivement жtж autorisжs en tribunes, 6 des 15 encadrants qui les accompagnaient ont жtж refoulжs Я leur entrжe, indique la radio RMC. Une liste de noms avait pourtant жtж transmise Я l'avance mais le club et la prжfecture se rejettent la faute... Une banderole \"amnistie pour les ultras\" a жtж dжployжe par ceux prжsents au Parc, qui assurent une belle ambiance dans l'enceinte francilienne ce samedi ! Les ultras parisiens remettent de l'ambiance !", "external_links": [], "published": "2016-10-01T23:20:00.000+03:00", "crawled": "2016-10-01T20:58:11.132+03:00", "highlightTitle": ""}