{"organizations": [], "uuid": "f5d1fe49ffdaffb8d302bcf489b43098f039e249", "thread": {"social": {"gplus": {"shares": 0}, "pinterest": {"shares": 0}, "vk": {"shares": 0}, "linkedin": {"shares": 0}, "facebook": {"likes": 0, "shares": 0, "comments": 0}, "stumbledupon": {"shares": 0}}, "site_full": "finance.orange.fr", "main_image": "http://media2.woopic.com/493/f/470x264/q/85/fd/p/newsweb-finance-article|f50|28b|d6605a8f484c6fc3772d282d88/prologue-attenue-ses-pertes-sur-le-semestre|l_vingt-centimes.jpg", "site_section": "", "section_title": "", "url": "http://finance.orange.fr/bourse/article/prologue-attenue-ses-pertes-sur-le-semestre-CNT000000uwZy4.html", "country": "FR", "domain_rank": 208, "title": "Prologue : atténue ses pertes sur le semestre sur Orange Finance", "performance_score": 0, "site": "orange.fr", "participants_count": 0, "title_full": "Prologue : atténue ses pertes sur le semestre sur Orange Finance", "spam_score": 0.233, "site_type": "news", "published": "2016-10-02T03:20:00.000+03:00", "replies_count": 0, "uuid": "f5d1fe49ffdaffb8d302bcf489b43098f039e249"}, "author": "", "url": "http://finance.orange.fr/bourse/article/prologue-attenue-ses-pertes-sur-le-semestre-CNT000000uwZy4.html", "ord_in_thread": 0, "title": "Prologue : atténue ses pertes sur le semestre sur Orange Finance", "locations": [], "entities": {"persons": [], "locations": [], "organizations": []}, "highlightText": "", "language": "french", "persons": [], "text": "Micropole : hausse sensible du résultat opérationnel courant Boursier.com, publié le samedi 01 octobre 2016 à 19h20 \nPorté par le rapprochement industriel avec le groupe O2i , Prologue a réalisé sur le 1er semestre 2016 un chiffre d'affaires de 35,17 ME en progression de 192% par rapport à la même période de l'exercice précédent (+4% en données pro forma). \nComme attendu, les résultats du groupe ont commencé à afficher une nette amélioration (en données pro forma) alors même que les chantiers de rationalisation des coûts et d'économies d'échelle liés au rapprochement avec le groupe O2i ne sont encore qu'à leurs débuts. Ainsi, sur les 6 premiers mois de l'année, le résultat opérationnel et le résultat opérationnel courant s'améliorent respectivement de +0,34 ME et +0,49 ME. Ils restent néanmoins déficitaires à -0,75 ME et -0,2 ME. Les charges financières restant contenues, le résultat net du groupe profite à plein de la progression de la rentabilité opérationnelle. Bien qu'encore en perte de -1,57 ME, il marque sur le semestre une amélioration de +0,24 ME. \nLes très bonnes tendances d'activité enregistrées depuis le début du second semestre permettent au groupe \"d'envisager avec sérénité la poursuite de l'amélioration de sa rentabilité opérationnelle qui tendra vers l'équilibre dès le second semestre 2016\". Avec la croissance attendue de ses activités et la poursuite de la rationalisation de ses coûts et des économies d'échelle entreprises avec le groupe O2i, Prologue a pour ambition d'afficher dès 2017 un résultat nettement bénéficiaire. L'intégration du Groupe O2i permet à Prologue de tripler sa taille industrielle grâce à des activités complémentaires. Publicité ", "external_links": [], "published": "2016-10-02T03:20:00.000+03:00", "crawled": "2016-10-01T22:13:36.512+03:00", "highlightTitle": ""}