{"organizations": [], "uuid": "c713376e928c6fa34c89a5423b0fa1d4e72fe162", "thread": {"social": {"gplus": {"shares": 0}, "pinterest": {"shares": 0}, "vk": {"shares": 0}, "linkedin": {"shares": 0}, "facebook": {"likes": 1, "shares": 1, "comments": 0}, "stumbledupon": {"shares": 0}}, "site_full": "france3-regions.francetvinfo.fr", "main_image": "http://france3-regions.francetvinfo.fr/lorraine/sites/regions_france3/files/styles/top_big/public/assets/images/2016/09/11/maxsportsworldtwo401513.jpg?itok=nSuxc8Jm", "site_section": "http://france3-regions.francetvinfo.fr/sport/football/rss", "section_title": "France 3 Régions - football", "url": "http://france3-regions.francetvinfo.fr/lorraine/moselle/metz/fc-metz-monaco-un-vrai-test-match-1097931.html", "country": "FR", "domain_rank": 3566, "title": "FC Metz - AS Monaco : un vrai test-match", "performance_score": 0, "site": "francetvinfo.fr", "participants_count": 1, "title_full": "FC Metz - AS Monaco : un vrai test-match", "spam_score": 0.0, "site_type": "news", "published": "2016-10-01T16:17:00.000+03:00", "replies_count": 0, "uuid": "c713376e928c6fa34c89a5423b0fa1d4e72fe162"}, "author": "Didier Vincenot", "url": "http://france3-regions.francetvinfo.fr/lorraine/moselle/metz/fc-metz-monaco-un-vrai-test-match-1097931.html", "ord_in_thread": 0, "title": "FC Metz - AS Monaco : un vrai test-match", "locations": [], "entities": {"persons": [], "locations": [], "organizations": []}, "highlightText": "", "language": "french", "persons": [], "text": "© MaxPPP Le match Après la lourde défaite à Saint-Symphorien face aux Girondins de Bordeaux (0-3), le groupe messin devait réagir vite. C'est fait. Avec leur victoire à la Mosson face à Montpellier Hérault (0-1), les Grenats se sont rassurés. C'est pourquoi le match de samedi aura valeur de test, car après Bordeaux, c'est une autre grosse écurie de Ligue 1 qui fait le déplacement en Lorraine. Monaco , avec sa pléïade de vedettes , second au classement, vient à Metz pour gagner . Aux messin de contrecarrer les plans monégasques. Avec un groupe homogène et de qualité, le but recherché est tout à fait à la portée des lorrains. Encore faudra-t-i être solides derrière, gagner la bataille du milieu, et surtout savoir poser les bonnes banderilles aux bons endroits, aux bons moments en attaque. Il va de soi qu'un résultat nul serait considéré comme un bon résultat, et qu'une victoire messine déclencherait la fête dans les travées de Saint-Symphorien ! La rencontre, cependant, devra être abordée avec prudence. Attention à ne pas se découvrir devant le bloc monégasque, qui peut être dangereux sur chaque action. Les messins, attentifs, peuvent faire quelque chose samedi, et poursuivre leur objectif : aller de l'avant. Après Montpellier-Metz, réaction Philippe Hinschberger", "external_links": [], "published": "2016-10-01T16:17:00.000+03:00", "crawled": "2016-10-01T12:08:54.232+03:00", "highlightTitle": ""}