{"organizations": [], "uuid": "18f990285f339d1decb310313448fce2573a670a", "thread": {"social": {"gplus": {"shares": 0}, "pinterest": {"shares": 0}, "vk": {"shares": 0}, "linkedin": {"shares": 0}, "facebook": {"likes": 0, "shares": 0, "comments": 0}, "stumbledupon": {"shares": 0}}, "site_full": "www.anibis.ch", "main_image": "https://can01.anibis.ch/Autres-Materiel-de-jardinage/?1024x728/3/90/anibis/359/787/016/Dl1yJsVw_U6Qxbybw_x2mA_1.jpg", "site_section": "http://anibis.ch//fr/bricolage-,-jardinage--7/rssexport.aspx", "section_title": "Petites annonces Bricolage & Jardinage", "url": "http://www.anibis.ch/fr/bricolage-~-jardinage--7/mat%c3%a9riel-de-jardinage--16787359.aspx", "country": "CH", "domain_rank": 8918, "title": "Matériel de jardinage", "performance_score": 0, "site": "anibis.ch", "participants_count": 0, "title_full": "Matériel de jardinage", "spam_score": 0.0, "site_type": "news", "published": "2016-10-04T04:21:00.000+03:00", "replies_count": 0, "uuid": "18f990285f339d1decb310313448fce2573a670a"}, "author": "", "url": "http://www.anibis.ch/fr/bricolage-~-jardinage--7/mat%c3%a9riel-de-jardinage--16787359.aspx", "ord_in_thread": 0, "title": "Matériel de jardinage", "locations": [], "entities": {"persons": [], "locations": [], "organizations": []}, "highlightText": "", "language": "french", "persons": [], "text": "Pouvez-vous nous indiquer l'article de loi? Illégal Merci d'indiquer le chapitre de notre CG? Interdit sur anibis.ch Pouvez-vous nous donner une preuve de ces insultes (copie d'email) Insulte Merci de nous donner le site original Contrefaçon Pouvez-vous nous donner l'URL du texte ou l'image original? Copyright Veuillez préciser la raison de votre signalement : Autre raison", "external_links": [], "published": "2016-10-04T04:21:00.000+03:00", "crawled": "2016-10-04T00:17:45.144+03:00", "highlightTitle": ""}