{"organizations": [], "uuid": "84b817894754c5ef6406b56e8c21a2fc56208af3", "thread": {"social": {"gplus": {"shares": 0}, "pinterest": {"shares": 0}, "vk": {"shares": 0}, "linkedin": {"shares": 0}, "facebook": {"likes": 0, "shares": 0, "comments": 0}, "stumbledupon": {"shares": 0}}, "site_full": "www.anibis.ch", "main_image": "https://can01.anibis.ch/Voitures-de-tourisme-VW-t4,-1998,-300000-km/?1024x728/3/90/anibis/002/752/016/hnr-S1j57E-O6tgTfVkFsw_1.jpg", "site_section": "http://anibis.ch//fr/automobiles--4/rssexport.aspx", "section_title": "Petites annonces Automobiles", "url": "http://www.anibis.ch/fr/automobiles--4/vw-t4,-1998,-300'000-km--16752002.aspx", "country": "CH", "domain_rank": 8918, "title": "VW t4, 1998, 300'000 km", "performance_score": 0, "site": "anibis.ch", "participants_count": 0, "title_full": "VW t4, 1998, 300'000 km", "spam_score": 0.0, "site_type": "news", "published": "2016-10-01T04:59:00.000+03:00", "replies_count": 0, "uuid": "84b817894754c5ef6406b56e8c21a2fc56208af3"}, "author": "", "url": "http://www.anibis.ch/fr/automobiles--4/vw-t4,-1998,-300'000-km--16752002.aspx", "ord_in_thread": 0, "title": "VW t4, 1998, 300'000 km", "locations": [], "entities": {"persons": [], "locations": [], "organizations": []}, "highlightText": "", "language": "french", "persons": [], "text": "VW t4, 1998, 300'000 km Type d'insertion: Traction avant Description: 2,5 tdi , 5 places , 2 portes lateral , motor et boite en bonne etat , probleme pompe gasoil ou bougie de chauffage Cet utilisateur a confirmé son compte avec un numéro de mobile valable. sarah778 Membre depuis le 31.12.2009 Téléphone : +41 792577720 Problèmes de contact? \n1) Exemple de calcul: crédit de CHF 10 000.–. Un taux d’intérêt annuel effectif entre 7,95% et 9,95% et une durée de 12 mois engendrent des intérêts totaux entre CHF 421.– et CHF 524.–. Le prêteur est Cembra Money Bank SA, dont le siège est à Zurich. L’octroi d’un crédit est interdit s’il entraîne le surendettement du consommateur. Transmettre l'annonce par e-mail Vous connaissez quelqu'un qui pourrait s'intéresser à cette annonce ? Envoyez lui un e-mail grâce à ce formulaire. Expéditeur :", "external_links": [], "published": "2016-10-01T04:59:00.000+03:00", "crawled": "2016-10-01T01:02:42.895+03:00", "highlightTitle": ""}