{"organizations": [], "uuid": "e5b402b610dc13a9acff490057583dd5df4ed2e6", "thread": {"social": {"gplus": {"shares": 0}, "pinterest": {"shares": 0}, "vk": {"shares": 0}, "linkedin": {"shares": 0}, "facebook": {"likes": 0, "shares": 0, "comments": 0}, "stumbledupon": {"shares": 0}}, "site_full": "www.anibis.ch", "main_image": "https://can01.anibis.ch/Valais-Avendre-villa-jumelle-par-les-garages-5.5-PC/?1024x728/3/90/anibis/520/776/016/-g3l58yIzUSlsjdTkp10Iw_1.jpg", "site_section": "http://anibis.ch//fr/immobilier--16/rssexport.aspx", "section_title": "Petites annonces Immobilier", "url": "http://www.anibis.ch/fr/immobilier--16/avendre-villa-jumelle-par-les-garages-55-pc--16776520.aspx", "country": "CH", "domain_rank": 8918, "title": "Avendre villa jumelle par les garages 5.5 PC", "performance_score": 0, "site": "anibis.ch", "participants_count": 0, "title_full": "Avendre villa jumelle par les garages 5.5 PC", "spam_score": 0.0, "site_type": "news", "published": "2016-10-03T02:56:00.000+03:00", "replies_count": 0, "uuid": "e5b402b610dc13a9acff490057583dd5df4ed2e6"}, "author": "", "url": "http://www.anibis.ch/fr/immobilier--16/avendre-villa-jumelle-par-les-garages-55-pc--16776520.aspx", "ord_in_thread": 0, "title": "Avendre villa jumelle par les garages 5.5 PC", "locations": [], "entities": {"persons": [], "locations": [], "organizations": []}, "highlightText": "", "language": "french", "persons": [], "text": "Avendre villa jumelle par les garages 5.5 PC Type d'insertion: \nMagnifique villa jumelle par les garages Parcelle 407 m2 desponible juint 2017 \nm2 142 \n4 chambres, 2 WC, Cuizine ouvert \nLocal thecnique 7.70 m2 Utile en cas de déménagement MOVU – Les meilleurs alliés pour les déménagements et les nettoyages. En savoir plus Fraude ? Cet utilisateur a confirmé son compte avec un numéro de mobile valable. info@decoration-de-jardin.ch Membre depuis le 22.04.2014 Êtes-vous intéressé par cette offre? Ecrivez un message à l’annonceur. Mon nom : Transmettre l'annonce par e-mail Vous connaissez quelqu'un qui pourrait s'intéresser à cette annonce ? Envoyez lui un e-mail grâce à ce formulaire. Expéditeur : Veuillez nous indiquer en quelques mots pourquoi cette annonce est une arnaque. e-mail* : Indiquez-nous d'autres annonces concernées (optionel): Multipostage (spam) A votre avis, pourquoi s'agit-il d'une fraude? Fraude Pouvez-vous nous indiquer l'article de loi? Illégal Merci d'indiquer le chapitre de notre CG? Interdit sur anibis.ch Pouvez-vous nous donner une preuve de ces insultes (copie d'email) Insulte Merci de nous donner le site original Contrefaçon Pouvez-vous nous donner l'URL du texte ou l'image original? Copyright Veuillez préciser la raison de votre signalement : Autre raison Envoyer \nLes annonces suivantes pourront peut-être aussi vous intéresser", "external_links": [], "published": "2016-10-03T02:56:00.000+03:00", "crawled": "2016-10-02T22:14:42.114+03:00", "highlightTitle": ""}