{"organizations": [], "uuid": "7426070ce8c2868ba4a42b25613fdd06729d2fb4", "thread": {"social": {"gplus": {"shares": 0}, "pinterest": {"shares": 0}, "vk": {"shares": 0}, "linkedin": {"shares": 0}, "facebook": {"likes": 3, "shares": 3, "comments": 0}, "stumbledupon": {"shares": 0}}, "site_full": "www.lequipe.fr", "main_image": "http://medias.lequipe.fr/img-photo-jpg/tomas-berdych-a-l-appendicite/1500000000736531/0:102,2048:1135-665-335-70/82716.jpg", "site_section": "http://www.lequipe.fr/Xml/Tennis/Titres/actu_rss.xml", "section_title": "L'Equipe.fr Actu Tennis", "url": "http://www.lequipe.fr/Tennis/Actualites/Tomas-berdych-se-qualifie-pour-les-demi-finales-a-shenzhen/732582", "country": "FR", "domain_rank": 977, "title": "Tennis - ATP - Shenzhen - Tomas Berdych se qualifie pour les demi-finales à Shenzhen", "performance_score": 0, "site": "lequipe.fr", "participants_count": 0, "title_full": "Tennis - ATP - Shenzhen - Tomas Berdych se qualifie pour les demi-finales à Shenzhen", "spam_score": 0.0, "site_type": "news", "published": "2016-09-30T22:30:00.000+03:00", "replies_count": 0, "uuid": "7426070ce8c2868ba4a42b25613fdd06729d2fb4"}, "author": "", "url": "http://www.lequipe.fr/Tennis/Actualites/Tomas-berdych-se-qualifie-pour-les-demi-finales-a-shenzhen/732582", "ord_in_thread": 0, "title": "Tennis - ATP - Shenzhen - Tomas Berdych se qualifie pour les demi-finales à Shenzhen", "locations": [], "entities": {"persons": [], "locations": [], "organizations": []}, "highlightText": "", "language": "french", "persons": [], "text": "ATP Shenzhen Tomas Berdych se qualifie pour les demi-finales à Shenzhen   16:33:06 Tête de série n°1 du tournoi chinois de Shenzhen, Tomas Berdych est venu à bout de son compatriote Jiri Vesely vendredi en quart de finale (7-6 [1], 3-6, 6-2).   \nTomas Berdych poursuit sa route à Shenzhen et jouera les demi-finales. (Reuters) Tomas Berdych a tenu son rang de tête de série n°1 du tournoi de Shenzhen vendredi, à l'occasion des quarts de finale. Le Tchèque, opposéà son compatriote Jiri Vesely (n°8), a tout de même eu du mal à rester régulier mais s'est imposé en trois sets (7-6 [1], 3-6, 6-2 en 2h09). Il rencontrera au tour suivant le Brésilien Thomaz Bellucci, tombeur de Bernard Tomic (n°4). INFOS", "external_links": [], "published": "2016-09-30T22:30:00.000+03:00", "crawled": "2016-10-01T04:27:23.871+03:00", "highlightTitle": ""}