{"organizations": [], "uuid": "b055b37e4934d8003c84462ef1fd0d3d80f4a944", "thread": {"social": {"gplus": {"shares": 1}, "pinterest": {"shares": 0}, "vk": {"shares": 0}, "linkedin": {"shares": 9}, "facebook": {"likes": 435, "shares": 435, "comments": 0}, "stumbledupon": {"shares": 0}}, "site_full": "tvmag.lefigaro.fr", "main_image": "http://i.f1g.fr/media/eidos/805x453_crop/2016/10/03/XVMe75ecd2c-8935-11e6-bdfd-da60d80cb221.jpg", "site_section": "", "section_title": "", "url": "http://tvmag.lefigaro.fr/programme-tv/fanny-agostini-mobilise-les-journalistes-sur-les-questions-climatiques_93c15802-8934-11e6-bdfd-da60d80cb221/", "country": "FR", "domain_rank": 1013, "title": "Fanny Agostini mobilise les journalistes sur les questions..", "performance_score": 4, "site": "lefigaro.fr", "participants_count": 0, "title_full": "Fanny Agostini mobilise les journalistes sur les questions..", "spam_score": 0.173, "site_type": "news", "published": "2016-10-03T08:00:00.000+03:00", "replies_count": 0, "uuid": "b055b37e4934d8003c84462ef1fd0d3d80f4a944"}, "author": "Le Tvmag.Com", "url": "http://tvmag.lefigaro.fr/programme-tv/fanny-agostini-mobilise-les-journalistes-sur-les-questions-climatiques_93c15802-8934-11e6-bdfd-da60d80cb221/", "ord_in_thread": 0, "title": "Fanny Agostini mobilise les journalistes sur les questions..", "locations": [], "entities": {"persons": [], "locations": [], "organizations": []}, "highlightText": "", "language": "french", "persons": [], "text": "Fanny Agostini mobilise les journalistes sur les questions climatiques Par Le TVMag.com Mis à jour le 03/10/2016 à 09:30 03/10/2016 à 09:04 Fanny Agostini Crédits photo : JLPPA/ABACA TÉLÉVISION / VIDÉO - Pendant tout un week-end, la présentatrice météo de BFMTV a sensibilisé plusieurs de ses confrères sur les enjeux autour du réchauffement climatique. Publicité \nCe week-end, Fanny Agostini , présentatrice météo à BFMTV, organisait la deuxième édition du Climate Boot Camp, à la Bourboule, en Auvergne. Un événement où se mêlent ateliers ludiques et travail d’équipe animés entre experts et journalistes. L’idée est de sensibiliser les médias sur les enjeux autour des problématiques climatiques qui se posent. Des pointures tel que François Gemenne, chercheur à Sciences Po et spécialiste des flux migratoires et Pierre Rabhi, philosophe, agriculteur et écrivain, ont notamment apporté leur expertise. \nTrente journalistes issus des grands médias français sont venus se former sur les questions climatiques et les grands enjeux autour de l’eau et de l’agriculture. Pour BFMTV, Damien Gourlet, Emmanuel Lechypre, Nicolas Doze et Dominique Rizet sont désormais convaincus et mobilisés. Nathalie Rihouet de France Télévisions ou encore Patrick Poivre d’Arvor faisaient également partie du voyage. Comme le montre la vidéo ci-dessous, les participants ont notamment ré-adapté La chanson des Restos pour la cause environnementale. \n«Il est essentiel que les soient médias éclairés sur ces questions complexes afin de rendre audible le message auprès du grand public», explique Fanny Agostini. La prochaine édition est déjà en cours de préparation avec, cette fois-ci, une ambition d’élargir le cercle aux journalistes internationaux. La rédaction vous conseille ", "external_links": [], "published": "2016-10-03T08:00:00.000+03:00", "crawled": "2016-10-03T17:17:55.018+03:00", "highlightTitle": ""}