{"organizations": [], "uuid": "896b9a1e79b292ed459a8fcd75e577ae603cda61", "thread": {"social": {"gplus": {"shares": 0}, "pinterest": {"shares": 0}, "vk": {"shares": 0}, "linkedin": {"shares": 0}, "facebook": {"likes": 0, "shares": 0, "comments": 0}, "stumbledupon": {"shares": 0}}, "site_full": "www.20minutes.fr", "main_image": "http://img.20mn.fr/Fz_qiwZ6THmT2tx0_Jr5Rg/648x360_kim-kardashian-soiree-harper-bazaar-lors-fashion-week-new-york.jpg", "site_section": "https://news.google.fr/news/feeds?pz=1&cf=all&ned=fr&hl=fr&output=rss", "section_title": "À la une - Google Actualités", "url": "http://www.20minutes.fr/paris/1934871-20161003-paris-kim-kardashian-attaquee-deux-hommes-armes-hotel", "country": "FR", "domain_rank": 2116, "title": "Paris: Kim Kardashian attaquée par deux hommes armés dans un hôtel - 20minutes.fr", "performance_score": 0, "site": "20minutes.fr", "participants_count": 0, "title_full": "Paris: Kim Kardashian attaquée par deux hommes armés dans un hôtel - 20minutes.fr", "spam_score": 0.0, "site_type": "news", "published": "2016-10-03T12:18:00.000+03:00", "replies_count": 0, "uuid": "896b9a1e79b292ed459a8fcd75e577ae603cda61"}, "author": "", "url": "http://www.20minutes.fr/paris/1934871-20161003-paris-kim-kardashian-attaquee-deux-hommes-armes-hotel", "ord_in_thread": 0, "title": "Paris: Kim Kardashian attaquée par deux hommes armés dans un hôtel - 20minutes.fr", "locations": [], "entities": {"persons": [], "locations": [], "organizations": []}, "highlightText": "", "language": "french", "persons": [], "text": "Paris: Kim Kardashian attaquée par deux hommes armés dans un hôtel AGRESSION La star serait indemne... Kim Kardashian à la soirée Harper's Bazaar lors de la Fashion Week de New York - Farrell/BFA/Shutterstoc/SIPA M.C. Mis à jour le 03.10.2016 à 06:25 \nKim Kardashian a été attaquée dimanche dans un hôtel parisien par des assaillants armés déguisés en policiers. « Elle est vraiment très sonnée, mais elle est indemne », a déclaré la porte-parole de la star américaine. \nPrévenu en plein concert alors qu’il se produisait à New York, Kanye West, le mari de Kim Kardashian, s’est excusé auprès du public et a immédiatement quitté la scène. Due to an emergency, Kanye West had to end his performance early. Please get home safely. — The Meadows NYC (@themeadowsnyc) October 3, 2016 \nPlus d’infos à venir sur 20 Minutes…/… Mots-clés :", "external_links": [], "published": "2016-10-03T12:18:00.000+03:00", "crawled": "2016-10-03T07:33:47.520+03:00", "highlightTitle": ""}