{"organizations": [], "uuid": "e956f61a5f6b543e4e9e84a62bf7249167befd32", "thread": {"social": {"gplus": {"shares": 0}, "pinterest": {"shares": 0}, "vk": {"shares": 0}, "linkedin": {"shares": 0}, "facebook": {"likes": 0, "shares": 0, "comments": 0}, "stumbledupon": {"shares": 0}}, "site_full": "www.anibis.ch", "main_image": "https://can01.anibis.ch/Vaud-Grand--appartement-3,5-p/?1024x728/3/90/anibis/242/784/016/D-8puHU-hkGE8cw2jZ_yng_1.jpg", "site_section": "http://anibis.ch//fr/immobilier--16/rssexport.aspx", "section_title": "Petites annonces Immobilier", "url": "http://www.anibis.ch/fr/immobilier--16/grand-appartement-3,5-p--16784242.aspx", "country": "CH", "domain_rank": 8918, "title": "Grand appartement 3,5 p", "performance_score": 0, "site": "anibis.ch", "participants_count": 0, "title_full": "Grand appartement 3,5 p", "spam_score": 0.0, "site_type": "news", "published": "2016-10-04T01:35:00.000+03:00", "replies_count": 0, "uuid": "e956f61a5f6b543e4e9e84a62bf7249167befd32"}, "author": "", "url": "http://www.anibis.ch/fr/immobilier--16/grand-appartement-3,5-p--16784242.aspx", "ord_in_thread": 0, "title": "Grand appartement 3,5 p", "locations": [], "entities": {"persons": [], "locations": [], "organizations": []}, "highlightText": "", "language": "french", "persons": [], "text": "01.02.2017 Description: \nGrand et magnifique appartement dans maison ancienne, 2ème ét. 3 p.et hall, parquet, salle de bain avec fenêtre, machine à laver le linge dans l'appart, grand balcon, à remettre pour le 01.02.2017 \nQuartier tranquille et familial proche de la gare et des TP \nCuisinière à gaz. Petit frigo. Possibilité de racheter mon lave-vaisselle \nVistes les vendredis 7 et 14.10 de 17h à 20 h et les samedis 8 et 15.10 de 14 à 17 h Utile en cas de déménagement MOVU – Les meilleurs alliés pour les déménagements et les nettoyages. En savoir plus Fraude ?", "external_links": [], "published": "2016-10-04T01:35:00.000+03:00", "crawled": "2016-10-03T20:42:43.251+03:00", "highlightTitle": ""}