{"organizations": [], "uuid": "0b8e44ad8f7b4fde94eb755deb44af422f28dc7d", "thread": {"social": {"gplus": {"shares": 0}, "pinterest": {"shares": 0}, "vk": {"shares": 0}, "linkedin": {"shares": 0}, "facebook": {"likes": 0, "shares": 0, "comments": 0}, "stumbledupon": {"shares": 0}}, "site_full": "www.lapresse.ca", "main_image": "http://images.lpcdn.ca/924x615/201609/30/1273408-steven-harley-pinnell.jpg", "site_section": "http://www.lapresse.ca/", "section_title": "LaPresse.ca | Actualités, Arts, International, Débats, Sports, Vivre, Voyage", "url": "http://www.lapresse.ca/actualites/justice-et-affaires-criminelles/actualites-judiciaires/201609/30/01-5026146-delit-de-fuite-un-voleur-dautos-accuse-davoir-cause-la-mort-dune-dame.php", "country": "CA", "domain_rank": 5430, "title": "Délit de fuite: un voleur d'autos accusé d'avoir causé la mort d'une dame | Louis-Samuel Perron | Actualités judiciaires", "performance_score": 0, "site": "lapresse.ca", "participants_count": 1, "title_full": "Délit de fuite: un voleur d'autos accusé d'avoir causé la mort d'une dame | Louis-Samuel Perron | Actualités judiciaires", "spam_score": 0.0, "site_type": "news", "published": "2016-09-30T03:00:00.000+03:00", "replies_count": 0, "uuid": "0b8e44ad8f7b4fde94eb755deb44af422f28dc7d"}, "author": "Louis-Samuel Perron", "url": "http://www.lapresse.ca/actualites/justice-et-affaires-criminelles/actualites-judiciaires/201609/30/01-5026146-delit-de-fuite-un-voleur-dautos-accuse-davoir-cause-la-mort-dune-dame.php", "ord_in_thread": 0, "title": "Délit de fuite: un voleur d'autos accusé d'avoir causé la mort d'une dame | Louis-Samuel Perron | Actualités judiciaires", "locations": [], "entities": {"persons": [], "locations": [], "organizations": []}, "highlightText": "", "language": "french", "persons": [], "text": "Le chauffard qui s'était enfui en Ontario après avoir causé la mort d'une septuagénaire dimanche sur l'avenue Mont-Royal a comparu vendredi après-midi à la Cour du Québec. Il a été accusé de vol de voiture, de recel et de défaut d'arrêter lors d'un accident entraînant la mort, un crime passible de la prison à vie. Agrandir\nSteven Harley-Pinnell est accusé d'avoir heurté dimanche dernier Zèlia Ponte Araujo, 79 ans, à l'intersection de l'avenue du Mont-Royal et de la rue Saint-Urbain et d'avoir par la suite fui les lieux.\nPHOTO OLIVIER PONTBRIAND, LA PRESSE\nSteven Harley-Pinnell, un Ontarien de 33 ans, résidait à Terrebonne il y a quelques mois. Ce voleur de voitures récidiviste a fait face à la justice québécoise à de nombreuses reprises. Il venait d'ailleurs de purger des peines de quatre mois et demi de prison et d'un mois de prison en avril et en juillet 2016.\nIl est accusé d'avoir heurté dimanche dernier Zèlia Ponte Araujo, 79 ans, à l'intersection de l'avenue du Mont-Royal et de la rue Saint-Urbain. Il avait alors pris la fuite, avant d'être arrêté par les policiers ontariens alors qu'il conduisait dangereusement sur l'autoroute lundi, près de Sault-Sainte-Marie. Les enquêteurs du SPVM l'ont ramené au Québec jeudi. Il est resté détenu à la suite de sa comparution.\nLes funérailles de Zèlia Ponte Araujo ont été célébrées vendredi matin à l'église Santa Cruz, à Montréal. Elle était une figure connue dans la communauté portugaise.", "external_links": ["http://images.lpcdn.ca/924x615/201609/30/1273409-steven-harley-pinnell-accuse-avoir.jpg", "http://images.lpcdn.ca/180x270/201609/30/1273409-steven-harley-pinnell-accuse-avoir.jpg"], "published": "2016-09-30T03:00:00.000+03:00", "crawled": "2016-10-01T02:41:53.299+03:00", "highlightTitle": ""}