{"organizations": [], "uuid": "6ae44f53ee131da93b3720a5e7a55be4092f6676", "thread": {"social": {"gplus": {"shares": 0}, "pinterest": {"shares": 0}, "vk": {"shares": 0}, "linkedin": {"shares": 0}, "facebook": {"likes": 0, "shares": 0, "comments": 0}, "stumbledupon": {"shares": 0}}, "site_full": "www.anibis.ch", "main_image": "https://can01.anibis.ch/Reproductions-exactes-Portrait-Nathalie,-tirage-limite-ou-original-a-cho/?1024x728/3/90/anibis/676/762/016/WmNC1girsk-1mPRJ9qmlhg_1.jpg", "site_section": "http://anibis.ch//fr/art-,-antiquit%c3%a9s--3/rssexport.aspx", "section_title": "Petites annonces Art & Antiquités", "url": "http://www.anibis.ch/fr/art-~-antiquit%c3%a9s--3/portrait-nathalie,-tirage-limit%c3%a9-ou-original-%c3%a0-choix--16762676.aspx", "country": "CH", "domain_rank": 8918, "title": "Portrait Nathalie, tirage limité ou original à choix", "performance_score": 0, "site": "anibis.ch", "participants_count": 0, "title_full": "Portrait Nathalie, tirage limité ou original à choix", "spam_score": 0.0, "site_type": "news", "published": "2016-10-02T00:45:00.000+03:00", "replies_count": 0, "uuid": "6ae44f53ee131da93b3720a5e7a55be4092f6676"}, "author": "", "url": "http://www.anibis.ch/fr/art-~-antiquit%c3%a9s--3/portrait-nathalie,-tirage-limit%c3%a9-ou-original-%c3%a0-choix--16762676.aspx", "ord_in_thread": 0, "title": "Portrait Nathalie, tirage limité ou original à choix", "locations": [], "entities": {"persons": [], "locations": [], "organizations": []}, "highlightText": "", "language": "french", "persons": [], "text": "Portrait Nathalie, tirage limité ou original à choix Type d'insertion: 20.– Description: \nDessin, format A4, réalisé à la mine de plomb. N'hésitez pas à cliquer sur mes autres annonces (d'autres dessins dispos). Mes dessins originaux peuvent parfois être onéreux, j'en conviens. Chacun a nécessité 10h de travail, j'essaie de m'améliorer, mais ne souhaite pas me brader pour autant. C'est pourquoi j'ai effectué un tirage limité de seul. 10 exemplaires. Chaque ex a été numéroté et signé au crayon. Il peut même être dédicacé à un proche, si vous le souhaitez. Ce tirage (très soigné) a été réalisé sur la même qualité de papier satiné 160 g utilisé pour le dessin. Bien sûr, je retirerai ce message quand les copies seront épuisées (jusqu’à 10). CHF 20.00 la copie, port compris, envoyé dans une enveloppe A4 cartonnée. Si vous désirez l'original (pièce unique) signé, bien sûr, le dessin est envoyé en recommandé, dans une enveloppe de même format avec support cartonné. (port compris dans le prix.) Je défends les dessins sexy, mais propres, merci de ne pas me soumettre de demandes saugrenues... Prix pour cet original CHF 180.00, port en recommandé, compris dans ce prix. Si intéressé, veuillez me contacter sur entrerait@yahoo.fr. Merci et à bientôt. Vincent. Payer simplement et en toute sécurité? Envoyer et recevoir de l'argent avec", "external_links": [], "published": "2016-10-02T00:45:00.000+03:00", "crawled": "2016-10-01T21:10:31.821+03:00", "highlightTitle": ""}