{"organizations": [], "uuid": "05d546c29db5a08317c43773c07a11feaa64d777", "thread": {"social": {"gplus": {"shares": 0}, "pinterest": {"shares": 0}, "vk": {"shares": 0}, "linkedin": {"shares": 0}, "facebook": {"likes": 820, "shares": 820, "comments": 0}, "stumbledupon": {"shares": 0}}, "site_full": "www.dhnet.be", "main_image": "http://r9.ldh.be/image/b9/57f20f02cd70e9985fe915b9.jpg", "site_section": "http://www.dhnet.be/rss/section/sports.xml", "section_title": "DH.be - Sports", "url": "http://www.dhnet.be/sports/football/division-1a/anderlecht/spajic-meme-a-belgrade-je-n-ai-jamais-recu-de-projectile-sur-la-tete-57f17577cd70871fc4246e50", "country": "BE", "domain_rank": 5754, "title": "Spajic : \"Même à Belgrade, je n’ai jamais reçu de projectile sur la tête\"", "performance_score": 8, "site": "dhnet.be", "participants_count": 1, "title_full": "Spajic : \"Même à Belgrade, je n’ai jamais reçu de projectile sur la tête\"", "spam_score": 0.0, "site_type": "news", "published": "2016-10-03T14:54:00.000+03:00", "replies_count": 0, "uuid": "05d546c29db5a08317c43773c07a11feaa64d777"}, "author": "R. V.P.", "url": "http://www.dhnet.be/sports/football/division-1a/anderlecht/spajic-meme-a-belgrade-je-n-ai-jamais-recu-de-projectile-sur-la-tete-57f17577cd70871fc4246e50", "ord_in_thread": 0, "title": "Spajic : \"Même à Belgrade, je n’ai jamais reçu de projectile sur la tête\"", "locations": [], "entities": {"persons": [], "locations": [], "organizations": []}, "highlightText": "", "language": "french", "persons": [], "text": "Sofiane Hanni: \"Je veux faire mal à mon ami Jankovic\" Anderlecht \n\"Dans un derby, il faut garder la tête froide\" , lançait Uros Spajic. Le défenseur ne pensait pas si bien dire. \nIl a terminé la célébration d’après-match, au sol et les mains sur la tête. Le Serbe a reçu un projectile (NdlR : il ne savait pas ce qui l’avait heurté) tout droit venu de la tribune 4 de Sclessin droit sur le crâne. \nLe défenseur était surpris. \"Je ne peux pas comprendre cela\" , dit-il souriant et en précisant n’en vouloir à personne. \"J’ai l’expérience de ce genre de matches chauds et je les apprécie même particulièrement. Je n’ai pas eu peur mais c’est important que je n’ai rien. J’ai un petit truc (sic) à la tête mais ce n’est pas grave du tout. Cela aurait pu être nettement plus dangereux et me blesser si le projectile était arrivé dans mon visage ou dans mes yeux.\" \nHabitué au légendaire derby de Belgrade entre son Étoile Rouge et le Partizan, il ne souhaitait pas comparer ce match avec le Clasico belge. \"Je peux juste vous dire que là-bas, je n’avais jamais rien reçu sur la tête. C’était la première et j’espère la dernière fois.\" Sur le même sujet :", "external_links": [], "published": "2016-10-03T14:54:00.000+03:00", "crawled": "2016-10-03T11:06:02.051+03:00", "highlightTitle": ""}