{"organizations": [], "uuid": "6c538e163faad728efe037cf49afa041a6de0442", "thread": {"social": {"gplus": {"shares": 0}, "pinterest": {"shares": 0}, "vk": {"shares": 0}, "linkedin": {"shares": 0}, "facebook": {"likes": 1, "shares": 1, "comments": 0}, "stumbledupon": {"shares": 0}}, "site_full": "www.ladepeche.fr", "main_image": "http://static.ladepeche.fr/content/media/image/zoom/2016/10/01/201610011901-full.jpg", "site_section": "http://www.ladepeche.fr/economie/", "section_title": "Toute l'économie - ladepeche.fr", "url": "http://www.ladepeche.fr/article/2016/10/01/2430540-renault-signe-un-accord-strategique-avec-l-iran.html", "country": "FR", "domain_rank": 5847, "title": "Renault signe un accord stratégique avec l'Iran - 01/10/2016", "performance_score": 0, "site": "ladepeche.fr", "participants_count": 1, "title_full": "Renault signe un accord stratégique avec l'Iran - 01/10/2016 - ladepeche.fr", "spam_score": 0.0, "site_type": "news", "published": "2016-10-01T08:00:00.000+03:00", "replies_count": 0, "uuid": "6c538e163faad728efe037cf49afa041a6de0442"}, "author": "La Dépêche du Midi", "url": "http://www.ladepeche.fr/article/2016/10/01/2430540-renault-signe-un-accord-strategique-avec-l-iran.html", "ord_in_thread": 0, "title": "Renault signe un accord stratégique avec l'Iran - 01/10/2016", "locations": [], "entities": {"persons": [], "locations": [], "organizations": []}, "highlightText": "", "language": "french", "persons": [], "text": "Renault et le gouvernement iranien ont signé hier un «accord stratégique» pour la création d'une nouvelle coentreprise en Iran, a annoncé le constructeur automobile français.\nL'objectif de cet accord est notamment de porter de 200 000 à 350 000 unités la capacité de production de véhicules au Losange via une usine qui commencera à fonctionner en 2018, a précisé l'entreprise.\n«Renault sera actionnaire majoritaire» de cette coentreprise dont le partenaire sera «IDRO, fonds d'investissement et de rénovation de l'industrie en Iran», a indiqué le groupe français, sans toutefois communiquer le montant de l'investissement consenti.\n«La joint-venture intégrera d'une part, un centre d'ingénierie et d'achat qui favorisera le développement des fournisseurs locaux, et d'autre part une usine d'une capacité de production de 150 000 véhicules par an dans un premier temps, qui s'ajoutera aux capacités existantes du groupe dans le pays de 200 000 véhicules», selon la même source.\n«Les premiers véhicules produits dans cette usine seront Symbol et Duster, à partir de 2018», tandis que «pour la première fois en Iran, le groupe va développer son propre réseau de distribution avec des showrooms et un service après-vente aux standards de la marque», a indiqué le groupe automobile.\nLe 21 juin dernier le concurrent français de Renault, le groupe PSA, avait signé un accord final de coentreprise avec son autre partenaire historique, Iran Khodro, pour produire des Peugeot, scellant son retour industriel dans le pays, dans la foulée de la levée de sanctions internationales.", "external_links": [], "published": "2016-10-01T08:00:00.000+03:00", "crawled": "2016-10-02T02:01:19.266+03:00", "highlightTitle": ""}