{"organizations": [], "uuid": "bbf3a94f83dafc46321ac866f1f92c335f1185ef", "thread": {"social": {"gplus": {"shares": 0}, "pinterest": {"shares": 0}, "vk": {"shares": 0}, "linkedin": {"shares": 0}, "facebook": {"likes": 31, "shares": 31, "comments": 0}, "stumbledupon": {"shares": 0}}, "site_full": "france3-regions.francetvinfo.fr", "main_image": "http://france3-regions.francetvinfo.fr/champagne-ardenne/sites/regions_france3/files/styles/top_big/public/assets/images/2016/10/01/running.jpg?itok=60cLMw8r", "site_section": "http://france3-regions.francetvinfo.fr/actu/rss", "section_title": "Régions", "url": "http://france3-regions.francetvinfo.fr/champagne-ardenne/marne/reims/notre-grand-format-reims-terre-de-course-pied-1099241.html", "country": "FR", "domain_rank": 3566, "title": "Notre grand format : Reims, terre de course à pied", "performance_score": 0, "site": "francetvinfo.fr", "participants_count": 1, "title_full": "Notre grand format : Reims, terre de course à pied", "spam_score": 0.0, "site_type": "news", "published": "2016-10-02T00:27:00.000+03:00", "replies_count": 0, "uuid": "bbf3a94f83dafc46321ac866f1f92c335f1185ef"}, "author": "Isabelle Griffon", "url": "http://france3-regions.francetvinfo.fr/champagne-ardenne/marne/reims/notre-grand-format-reims-terre-de-course-pied-1099241.html", "ord_in_thread": 0, "title": "Notre grand format : Reims, terre de course à pied", "locations": [], "entities": {"persons": [], "locations": [], "organizations": []}, "highlightText": "", "language": "french", "persons": [], "text": "rss Notre grand format : Reims, terre de course à pied \nDans une semaine, la cité des Sacres s'apprête à vivre une nouvelle édition du Run In Reims. Cet événement rassemble plus de 12 000 participants. A Reims, les adeptes de la course à pied sont de plus en plus nombreux et les manifestations sportives se comptent par dizaines dans l'agglomération. Par Isabelle Griffon 01/10/2016 à 18:42 © Raphaël Doumergue / France 3 Champagne-Ardenne A Reims, les premières manifestations sportives remontent à la fin des années 70. Ce sont les militaires de la région qui lancent la mode du marathon dans la ville. Les années passent, l'événement prend de l'ampleur. De 1100 participants en 1980, Run In Reims rassemble aujourd'hui plus de 12 000 passionnés de course. A l’image du succès grandissant de cet événement, la course à pied devient un véritable phénomène dans la capitale. Lors de notre reportage, nous avons rencontré Baptiste et Amandine, un couple adepte du jogging poussette, mais aussi Elodie, une jeune Rémoise qui arpente à petites foulées la Coulée Verte, ce chemin de près de 10 kilomètres entièrement aménagé le long du canal. Nous avons également poussé la porte d'un magasin spécialisé dans le running dont le gérant a bien compris l'intérêt des Rémois pour la course à pied. Les terrains de jeux sont variés et le coût de l'activité, accessible à tous, en fait le sport préféré des Français. Voir notre Grand Format : Reims, terre de course à pied Dans une semaine, la cité des Sacres s'apprête à vivre une nouvelle édition du Run In Reims. Cet événement rassemble plus de 12 000 participants. A Reims, les adeptes de la course à pied sont de plus en plus nombreux et les manifestations sportives se comptent par dizaines dans l'agglomération. - France 3 Champagne-Ardenne - Charles-Henry Boudet / Raphaël Doumergue / Régis Engrand / Christiane Sgorlon", "external_links": [], "published": "2016-10-02T00:27:00.000+03:00", "crawled": "2016-10-01T19:57:31.481+03:00", "highlightTitle": ""}