{"organizations": [], "uuid": "0f8801c7ea9eba6aca6b8afc8915e1aa5f9d3ade", "thread": {"social": {"gplus": {"shares": 0}, "pinterest": {"shares": 0}, "vk": {"shares": 0}, "linkedin": {"shares": 0}, "facebook": {"likes": 0, "shares": 0, "comments": 0}, "stumbledupon": {"shares": 0}}, "site_full": "www.anibis.ch", "main_image": "https://can01.anibis.ch/Autres-Apple-iPhone-6s-Plus-Tres-bon-etat/?1024x728/3/90/anibis/168/752/016/_Uyug8uZKUiXAAwewbi1TQ_1.jpg", "site_section": "http://anibis.ch//fr/t%c3%a9l%c3%a9phonie--31/rssexport.aspx", "section_title": "Petites annonces Téléphonie", "url": "http://www.anibis.ch/fr/t%c3%a9l%c3%a9phonie--31/apple-iphone-6s-plus-tr%c3%a8s-bon-%c3%a9tat--16752168.aspx", "country": "CH", "domain_rank": 8918, "title": "Apple iPhone 6s Plus Très bon état", "performance_score": 0, "site": "anibis.ch", "participants_count": 0, "title_full": "Apple iPhone 6s Plus Très bon état", "spam_score": 0.0, "site_type": "news", "published": "2016-10-01T06:09:00.000+03:00", "replies_count": 0, "uuid": "0f8801c7ea9eba6aca6b8afc8915e1aa5f9d3ade"}, "author": "", "url": "http://www.anibis.ch/fr/t%c3%a9l%c3%a9phonie--31/apple-iphone-6s-plus-tr%c3%a8s-bon-%c3%a9tat--16752168.aspx", "ord_in_thread": 0, "title": "Apple iPhone 6s Plus Très bon état", "locations": [], "entities": {"persons": [], "locations": [], "organizations": []}, "highlightText": "", "language": "french", "persons": [], "text": "Apple iPhone 6s Plus Très bon état Type d'insertion: 310.– Description: \nApple iPhone 6s Plus Pink Oro Rosa 16 Giga n'a pas de rayures, bosses ou des puces, et est livré avec des écouteurs, un chargeur et la boîte d'origine.Le téléphone est en excellent état jamais laissé tomber toujours dans le cas où aucune rayure.   MaxLegris Membre depuis le 30.09.2016 Êtes-vous intéressé par cette offre? Ecrivez un message à l’annonceur. Mon nom : Transmettre  ", "external_links": [], "published": "2016-10-01T06:09:00.000+03:00", "crawled": "2016-10-01T01:27:14.127+03:00", "highlightTitle": ""}