{"organizations": [], "uuid": "f0d0b8c02aafa3cc48c75fcfd17d6a67ca95ac26", "thread": {"social": {"gplus": {"shares": 0}, "pinterest": {"shares": 0}, "vk": {"shares": 0}, "linkedin": {"shares": 0}, "facebook": {"likes": 0, "shares": 0, "comments": 0}, "stumbledupon": {"shares": 0}}, "site_full": "www.dealabs.com", "main_image": "https://static.dealabs.com/deal_image_orig/57f289bf3a9884.77138328.jpg", "site_section": "http://www.dealabs.com/rss/new.xml", "section_title": "Dealabs.com : Tous les nouveaux deals", "url": "https://www.dealabs.com/bons-plans/guitar-hero-live-ps3/265596", "country": "US", "domain_rank": 8128, "title": "Guitar Hero Live sur PS3 à 9.99€ @ Micromania", "performance_score": 0, "site": "dealabs.com", "participants_count": 2, "title_full": "Guitar Hero Live sur PS3 à 9.99€ @ Micromania", "spam_score": 0.0, "site_type": "news", "published": "2016-10-04T02:37:00.000+03:00", "replies_count": 1, "uuid": "f0d0b8c02aafa3cc48c75fcfd17d6a67ca95ac26"}, "author": "Eicca", "url": "https://www.dealabs.com/bons-plans/guitar-hero-live-ps3/265596", "ord_in_thread": 0, "title": "Guitar Hero Live sur PS3 à 9.99€ @ Micromania", "locations": [], "entities": {"persons": [], "locations": [], "organizations": []}, "highlightText": "", "language": "french", "persons": [], "text": "Voir le deal Guitar Hero Live sur PS3 à 9.99€ @ Micromania Posté le 03/10/2016 à 18h37    Modifié il y a 8 min 30 s \nnew\n9.99€\n28.99€ (-66%)\nSalut à tous !\n\nEn passant sur le site de Micromania j'ai vu que le pack Guitar Hero était bradé sur PS3, si ça peut intéresser ceux qui ont raté les offres en grande surface.. \n\n* Livraison gratuite en magasin Micromania .", "external_links": [], "published": "2016-10-04T02:37:00.000+03:00", "crawled": "2016-10-03T19:54:02.028+03:00", "highlightTitle": ""}