{"organizations": [], "uuid": "6140935f818903b12f577997320af0fc71fa0f4f", "thread": {"social": {"gplus": {"shares": 0}, "pinterest": {"shares": 0}, "vk": {"shares": 0}, "linkedin": {"shares": 0}, "facebook": {"likes": 0, "shares": 0, "comments": 0}, "stumbledupon": {"shares": 0}}, "site_full": "gaming.gentside.com", "main_image": "", "site_section": "", "section_title": "", "url": "http://gaming.gentside.com/fifa-17/fifa-17-tous-les-trophees-et-succes-sur-ps4-et-xbox-one_art15510.html", "country": "FR", "domain_rank": 8621, "title": "FIFA 17 : tous les trophées et succès sur PS4 et Xbox One", "performance_score": 0, "site": "gentside.com", "participants_count": 0, "title_full": "FIFA 17 : tous les trophées et succès sur PS4 et Xbox One", "spam_score": 0.181, "site_type": "news", "published": "2016-10-04T01:18:00.000+03:00", "replies_count": 0, "uuid": "6140935f818903b12f577997320af0fc71fa0f4f"}, "author": "Emmanuel Perrin", "url": "http://gaming.gentside.com/fifa-17/fifa-17-tous-les-trophees-et-succes-sur-ps4-et-xbox-one_art15510.html", "ord_in_thread": 0, "title": "FIFA 17 : tous les trophées et succès sur PS4 et Xbox One", "locations": [], "entities": {"persons": [], "locations": [], "organizations": []}, "highlightText": "", "language": "french", "persons": [], "text": "éos \nète de tous les trophées et succès déblocables dans le jeu FIFA 17, sur PS4 et sur Xbox One. \nées et succès de bronze \n- Une question d'intuition : \nMarquer un but sur un tir intuitif dans un match de football féminin \n- Lui donner une chance : \n1er match (titul. ou rempl.) d'un joueur acheté sur le Marché des transferts de FIFA Ultimate Team \n- Belle série : \nRemporter les 4 matchs d'une session FUT Draft Joueur solo dans FIFA Ultimate Team \n- Le 50e rugissant : \nFaire marquer à un joueur son 50e but dans son club dans FIFA Ultimate Team \n- C'est à moi ! : \nAcheter un élément du Catalogue EA SPORTS Football Club \n- À l'essai : \nRecruter un Joueur de prêt depuis le catalogue EAS FC \n- La science de FUT : \nAppliquer son premier consommable Style dans FIFA Ultimate Team \n- Bon karma : \nOffrir un élément du Catalogue EA SPORTS Football Club \n- Patator : \nMarquer d'une frappe à ras de terre ou mi-hauteur \n- Du changement dans l'air : \nChanger son capitaine dans FIFA Ultimate Team \n- Plus forts ensemble : \nTerminer son premier groupe de Défis Création d'équipe dans FIFA Ultimate Team \n- Relations publiques : \nRemplir un objectif Rayonnement marque en mode Carrière \n- Premier échange : \nTerminer son premier Défi Création d'équipe dans FIFA Ultimate Team \n- Trésorerie positive : \nRemplir un objectif Financier dans le mode Carrière \n- La passe à dix : \nMarquer un but après 10 passes consécutives dans le tiers opposé du terrain \n- Place aux jeunes : \nRemplir un objectif Développement jeunes en mode Carrière \n- Travaillé l'entraînement : \nMarquer 2 buts sur corner en un match \n- Joute technique : \nTerminer un jeu technique multijoueur \n- C'est loin, et alors ? : \nHors coup de pied arrêté, marquer un but de loin avec un défenseur (au moins 22,9 mètres) \n- Un peu d'aide, ça fait du bien : \nDisputer l'intégralité d'un match avec les instructions Entraîneur FIFA activées \n- Menace aérienne : \nMarquer un but d'une tête piquée \n- Nouvelle adhésion : \nRejoindre un club avec son Pro en ligne et disputer son premier match dans Clubs Pro \n- a pique ! : \nMarquer un but sur coup franc avec l'extérieur du pied \n- On se fait un match ? : \nDisputer un match libre dans Clubs Pro \n- Ça joue ! : \nJouer un match de football féminin \n- On reste potes ? : \nTerminer une Saison amicale en ligne \n- Et de 5 : \nMarquer 5 buts dans un match de football féminin \n- Ça commence bien : \nTerminer et remporter son premier match de championnat en Saisons Clubs Pro \n- Pourquoi se précipiter ? : \nMarquer sur pénalty après avoir temporisé dans la course d'élan \n- Ça va mieux ! : \nUtiliser un point de compétence dans Clubs Pro \n- Sans rancune : \nRemporter une saison amicale dans FIFA Ultimate Team \n- Envie d'un défi : \nDéfier l'Équipe de la semaine dans FIFA Ultimate Team et terminer le match \nTrophées et succès d'argent \n- C'est parti ! : \nRemporter un titre de Division dans les Saisons Face-à-face en ligne (doit être obtenu en jouant) \n- L'architecte : \nRéussir 3 passes en profondeur millimétrées (même joueur) dans le dernier tiers du terrain. \n- Élève studieux : \nFinir tous les exercices d'entraînement en une semaine avec un A dans l'Aventure (sans simulation) \n- Mettre la main à la poche : \nAtteindre une valeur de transfert de 8 000 000 £ dans l'Aventure \n- La crème de la crème : \nRemporter la compétition Coupe Internationale Féminine \n- 100 % : \nRemporter une séance de tirs au but sans rater \n- Champions ! : \nRemporter un titre de Division en mode Saisons FIFA Ultimate Team \n- Star des réseaux sociaux : \nAtteindre 50 000 abonnés dans l'Aventure \n- Télépathie : \nAdresser une passe décisive avec une passe en profondeur millimétrée \nTrophées et succès d'or \n- \n- Tout part du gardien : \nMarquer sur une contre-attaque partant d'une relance tendue à la main du gardien \n- Le meilleur reste à venir : \nTerminer l'Aventure \nTrophée et succès de platine \n- Maître du jeu : \nDé par Emmanuel Perrin , le 03 octobre 2016 ", "external_links": [], "published": "2016-10-04T01:18:00.000+03:00", "crawled": "2016-10-03T23:37:49.282+03:00", "highlightTitle": ""}