{"organizations": [], "uuid": "ba26277a9842878b389d84974e8727cd160c26d5", "thread": {"social": {"gplus": {"shares": 0}, "pinterest": {"shares": 0}, "vk": {"shares": 0}, "linkedin": {"shares": 0}, "facebook": {"likes": 0, "shares": 0, "comments": 0}, "stumbledupon": {"shares": 0}}, "site_full": "www.7sur7.be", "main_image": "http://static0.7sur7.be/static/photo/2016/5/0/12/20161002160751/media_xll_9121962.jpg", "site_section": "http://www.7sur7.be/rss.xml", "section_title": "7SUR7.be Info, sport et showbiz, 24/24, 7/7, plus de 350 mises à jour quotidiennes", "url": "http://www.7sur7.be/7s7/fr/1510/Football-Etranger/article/detail/2893407/2016/10/02/L-Atletico-Madrid-s-impose-a-Valence-et-vire-en-tete.dhtml", "country": "BE", "domain_rank": 8663, "title": "L'Atletico Madrid s'impose à Valence et vire en tête", "performance_score": 0, "site": "7sur7.be", "participants_count": 1, "title_full": "L'Atletico Madrid s'impose à Valence et vire en tête", "spam_score": 0.0, "site_type": "news", "published": "2016-10-02T22:09:00.000+03:00", "replies_count": 0, "uuid": "ba26277a9842878b389d84974e8727cd160c26d5"}, "author": "rédaction", "url": "http://www.7sur7.be/7s7/fr/1510/Football-Etranger/article/detail/2893407/2016/10/02/L-Atletico-Madrid-s-impose-a-Valence-et-vire-en-tete.dhtml", "ord_in_thread": 0, "title": "L'Atletico Madrid s'impose à Valence et vire en tête", "locations": [], "entities": {"persons": [], "locations": [], "organizations": []}, "highlightText": "", "language": "french", "persons": [], "text": "2/10/16 - 16h09 Source: Belga © reuters. L'Atletico Madrid s'est imposé à Valence (0-2) pour le compte de la 7e journée de Liga. Yannick Carrasco est monté à la 58e pour les 'Colchoneros', Zakaria Bakkali à la 80e pour les 'Ches'. L'équipe de Diego Simeone, qui a raté deux penalties, est provisoirement en tête du championnat. © getty. © photo news. \nEn déplacement à Valence, auteur d'un début de saison compliqué avec 2 victoires en 6 rencontres, les Madrilènes ont dû attendre la seconde période pour faire la différence, la faute à un penalty d'Antoine Griezmann magnifiquement détourné par Diego Alves en fin de première mi-temps (44e).Cependant, l'attaquant français s'est racheté en ouvrant le score à la 63e, bien servi par son compatriote Kevin Gameiro. Diego Alves s'est une nouvelle fois illustré, arrêtant un deuxième penalty, tiré cette fois par Gabi (69e). A noter que sur 36 penalties concédés en Liga dans sa carrière, le portier valencien en a détourné pas moins de 19. L'Atletico s'est définitivement mis à l'abri dans les arrêts de jeu grâce à Gameiro (90e+3).Yannick Carrasco et Zakaria Bakkali sont montés au cours du jeu pour leurs équipes respectives. Au classement, l'Atletico est premier avec 15 points en attendant les rencontres du Real Madrid, du FC Séville et de Barcelone. Valence est 16e (6 pts). Son nouvel entraîneur, l'ancien sélectionneur de l'Italie (2010-14), Cesare Prandelli était dans les tribunes. Il prendra ses fonctions cette semaine. Lire aussi", "external_links": [], "published": "2016-10-02T22:09:00.000+03:00", "crawled": "2016-10-02T18:10:34.640+03:00", "highlightTitle": ""}