{"organizations": [], "uuid": "d753e7f2bbec311dd6651a3a612d265925925f6e", "thread": {"social": {"gplus": {"shares": 0}, "pinterest": {"shares": 0}, "vk": {"shares": 0}, "linkedin": {"shares": 0}, "facebook": {"likes": 0, "shares": 0, "comments": 0}, "stumbledupon": {"shares": 0}}, "site_full": "www.anibis.ch", "main_image": "https://can01.anibis.ch/Autres-A-vendre-youpala-chicco/?1024x728/3/90/anibis/409/758/016/biuHKI1fmUGRzGVXEWu2FA_1.jpg", "site_section": "http://anibis.ch//fr/enfants-,-b%c3%a9b%c3%a9s--27/rssexport.aspx", "section_title": "Petites annonces Enfants & bébés", "url": "http://www.anibis.ch/fr/enfants-~-b%c3%a9b%c3%a9s--27/a-vendre-youpala-chicco--16758409.aspx", "country": "CH", "domain_rank": 8918, "title": "A vendre youpala chicco", "performance_score": 0, "site": "anibis.ch", "participants_count": 0, "title_full": "A vendre youpala chicco", "spam_score": 0.0, "site_type": "news", "published": "2016-10-01T16:00:00.000+03:00", "replies_count": 0, "uuid": "d753e7f2bbec311dd6651a3a612d265925925f6e"}, "author": "", "url": "http://www.anibis.ch/fr/enfants-~-b%c3%a9b%c3%a9s--27/a-vendre-youpala-chicco--16758409.aspx", "ord_in_thread": 0, "title": "A vendre youpala chicco", "locations": [], "entities": {"persons": [], "locations": [], "organizations": []}, "highlightText": "", "language": "french", "persons": [], "text": "Pouvez-vous nous indiquer l'article de loi? Illégal Merci d'indiquer le chapitre de notre CG? Interdit sur anibis.ch Pouvez-vous nous donner une preuve de ces insultes (copie d'email) Insulte Merci de nous donner le site original Contrefaçon Pouvez-vous nous donner l'URL du texte ou l'image original? Copyright Veuillez préciser la raison de votre signalement : Autre raison", "external_links": [], "published": "2016-10-01T16:00:00.000+03:00", "crawled": "2016-10-01T11:41:27.593+03:00", "highlightTitle": ""}