{"organizations": [], "uuid": "3ae265fd6e3e7ee3f8c644549ca4c9d9d1502a2d", "thread": {"social": {"gplus": {"shares": 0}, "pinterest": {"shares": 0}, "vk": {"shares": 0}, "linkedin": {"shares": 0}, "facebook": {"likes": 0, "shares": 0, "comments": 0}, "stumbledupon": {"shares": 0}}, "site_full": "actu.orange.fr", "main_image": "http://media2.woopic.com/api/v1/images/165%2Fcg481%2Frhone-ecole-buissonniere-pour-deux-enfants-en-bas-age%7Cx240-4mw.jpg?format=470x264&amp;facedetect=1&amp;quality=85", "site_section": "", "section_title": "", "url": "http://actu.orange.fr/france/videos/rhone-ecole-buissonniere-pour-deux-enfants-en-bas-age-VID0000002d8gD.html", "country": "FR", "domain_rank": 208, "title": "Rhône : école buissonnière pour deux enfants en bas âge - en vidéos sur actu.orange.fr", "performance_score": 0, "site": "orange.fr", "participants_count": 0, "title_full": "Rhône : école buissonnière pour deux enfants en bas âge - en vidéos sur actu.orange.fr", "spam_score": 0.582, "site_type": "news", "published": "2016-10-01T12:14:00.000+03:00", "replies_count": 0, "uuid": "3ae265fd6e3e7ee3f8c644549ca4c9d9d1502a2d"}, "author": "", "url": "http://actu.orange.fr/france/videos/rhone-ecole-buissonniere-pour-deux-enfants-en-bas-age-VID0000002d8gD.html", "ord_in_thread": 0, "title": "Rhône : école buissonnière pour deux enfants en bas âge - en vidéos sur actu.orange.fr", "locations": [], "entities": {"persons": [], "locations": [], "organizations": []}, "highlightText": "", "language": "french", "persons": [], "text": "\nDans le Rhône, deux enfants âgés de deux ans ont réussi à échapper à la vigilance des adultes et à s'extraire de leurs établissements. /> Retrouver toutes les infos sur la vidéo sur : http://www.francetvinfo.fr/societe/education/rhone-ecole-buissonniere-pour-deux-enfants-en-bas-age_1850103.html Vidéo suivante dans 5 secondes vidéos similaires ", "external_links": [], "published": "2016-10-01T12:14:00.000+03:00", "crawled": "2016-10-01T05:25:59.842+03:00", "highlightTitle": ""}