{"organizations": [], "uuid": "7f1d5a913d7d3b5040d1029f80712c45f96de0fd", "thread": {"social": {"gplus": {"shares": 1}, "pinterest": {"shares": 0}, "vk": {"shares": 0}, "linkedin": {"shares": 0}, "facebook": {"likes": 23, "shares": 23, "comments": 0}, "stumbledupon": {"shares": 0}}, "site_full": "sport24.lefigaro.fr", "main_image": "http://i.f1g.fr/media/figaro/orig/2016/10/02/XVM73a44ccc-87f5-11e6-b5cc-6b61f9f1f4bd.jpg", "site_section": "http://sport24.lefigaro.fr//rssfeeds/sport24-accueil.xml", "section_title": "Sport24 - Toute l'actualite", "url": "http://sport24.lefigaro.fr/le-scan-sport/people/2016/10/02/27003-20161002ARTFIG00012-lady-gaga-assurera-le-show-du-super-bowl.php", "country": "FR", "domain_rank": 1013, "title": "Sports US - Lady Gaga assurera le show du prochain Super Bowl", "performance_score": 0, "site": "lefigaro.fr", "participants_count": 0, "title_full": "Sports US - Lady Gaga assurera le show du prochain Super Bowl", "spam_score": 0.0, "site_type": "news", "published": "2016-10-02T15:58:00.000+03:00", "replies_count": 0, "uuid": "7f1d5a913d7d3b5040d1029f80712c45f96de0fd"}, "author": "", "url": "http://sport24.lefigaro.fr/le-scan-sport/people/2016/10/02/27003-20161002ARTFIG00012-lady-gaga-assurera-le-show-du-super-bowl.php", "ord_in_thread": 0, "title": "Sports US - Lady Gaga assurera le show du prochain Super Bowl", "locations": [], "entities": {"persons": [], "locations": [], "organizations": []}, "highlightText": "", "language": "french", "persons": [], "text": "Publié le 02/10/2016 à 08:58 \nLady Gaga va assurer le show lors du Super Bowl LI. Crédits photo : Antonietta Baldassarre/INSIDE / PANORAMIC LE SCAN SPORT - La star internationale Lady Gaga a annoncée via son compte Twitter qu'elle sera à l'affiche de la mi-temps du 51ème Super Bowl prévu le 5février 2017. \n«Ce n'est pas une illusion, les rumeurs sont vraies, le Super Bowl va devenir GAGA!», a tweeté la chanteuse Lady Gaga, confirmant les bruits de couloir des derniers jours l'annonçant comme la tête d'affiche du Super Bowl LI (LI: 51 en chiffres romains). \nCe ne sera pas une première pour la chanteuse de 30 ans qui avait interprété l'hymne américain avant le coup d'envoi du dernier Super Bowl. Mais pour mettre le feu au «half-time show», la chanteuse aux looks aussi originaux que décapants succèdera au groupe Coldplay. La National Football League (NFL) a pour sa part fait savoir que la participation de Lady gaga au spectacle de ma mi-temps «n'était que le début d'une série d'annonces pour un événement qui promet d'être historique». La rédaction vous conseille", "external_links": [], "published": "2016-10-02T15:58:00.000+03:00", "crawled": "2016-10-02T12:18:30.043+03:00", "highlightTitle": ""}