{"organizations": [], "uuid": "fc22c8d66c2aca15c926a61420dbfc1a432cd9a2", "thread": {"social": {"gplus": {"shares": 0}, "pinterest": {"shares": 0}, "vk": {"shares": 0}, "linkedin": {"shares": 0}, "facebook": {"likes": 0, "shares": 0, "comments": 0}, "stumbledupon": {"shares": 0}}, "site_full": "fr.finance.yahoo.com", "main_image": "https://s.yimg.com/bt/api/res/1.2/rVAy0HLyBf3Fp7G2lvpbAw--/YXBwaWQ9eW5ld3NfbGVnbztpbD1wbGFuZTtxPTc1O3c9NjAw/http://globalfinance.zenfs.com/fr_FR/Finance/FR_AFTP_LATRIBUNE_LIVE_1/kevin-polizzi.jpg", "site_section": "https://fr.finance.yahoo.com/actualites/partenaire-latribune/?format=rss", "section_title": "Archives des articles La Tribune - Yahoo France Finance", "url": "https://fr.finance.yahoo.com/actualites/forum-smart-city-marseille-entreprises-155431537.html", "country": "US", "domain_rank": 5, "title": "Forum Smart City Marseille : les entreprises, atout majeur de la smart métropole", "performance_score": 0, "site": "yahoo.com", "participants_count": 0, "title_full": "Forum Smart City Marseille : les entreprises, atout majeur de la smart métropole", "spam_score": 0.0, "site_type": "news", "published": "2016-09-30T23:54:00.000+03:00", "replies_count": 0, "uuid": "fc22c8d66c2aca15c926a61420dbfc1a432cd9a2"}, "author": "", "url": "https://fr.finance.yahoo.com/actualites/forum-smart-city-marseille-entreprises-155431537.html", "ord_in_thread": 0, "title": "Forum Smart City Marseille : les entreprises, atout majeur de la smart métropole", "locations": [], "entities": {"persons": [], "locations": [], "organizations": []}, "highlightText": "", "language": "french", "persons": [], "text": "Sharp investit 570 millions de dollars dans la préproduction d’écrans Oled UsineNouvelle.com - il y a 52   47   48   53   56   Beatles.… Suite » PR  ", "external_links": [], "published": "2016-09-30T23:54:00.000+03:00", "crawled": "2016-10-01T02:27:00.476+03:00", "highlightTitle": ""}