{"organizations": [], "uuid": "ae030c6d72e6c6bca5f994fc5e071b97e2be6329", "thread": {"social": {"gplus": {"shares": 1}, "pinterest": {"shares": 0}, "vk": {"shares": 0}, "linkedin": {"shares": 1}, "facebook": {"likes": 336, "shares": 336, "comments": 0}, "stumbledupon": {"shares": 0}}, "site_full": "actu.orange.fr", "main_image": "http://media1.woopic.com/api/v1/images/661%2Fmagic-article-actu%2F4c1%2F022%2Fdbb31010c412a108fabd1a7860%2Fune-equipe-de-television-agressee-a-paris%7C4c1022dbb31010c412a108fabd1a7860.jpg?format=470x264&amp;facedetect=1&amp;quality=85", "site_section": "", "section_title": "", "url": "http://actu.orange.fr/france/une-equipe-de-television-agressee-a-paris-magic-CNT000000uwI6C.html", "country": "FR", "domain_rank": 208, "title": "Une équipe de télévision agressée à Paris sur Orange Actualités", "performance_score": 3, "site": "orange.fr", "participants_count": 0, "title_full": "Une équipe de télévision agressée à Paris sur Orange Actualités", "spam_score": 0.088, "site_type": "news", "published": "2016-10-01T23:05:00.000+03:00", "replies_count": 0, "uuid": "ae030c6d72e6c6bca5f994fc5e071b97e2be6329"}, "author": "", "url": "http://actu.orange.fr/france/une-equipe-de-television-agressee-a-paris-magic-CNT000000uwI6C.html", "ord_in_thread": 0, "title": "Une équipe de télévision agressée à Paris sur Orange Actualités", "locations": [], "entities": {"persons": [], "locations": [], "organizations": []}, "highlightText": "", "language": "french", "persons": [], "text": "Une équipe de TF 1 agressée à Paris 6Medias, publié le samedi 01 octobre 2016 à 15h05 \nLe tournage de séquences de la série de TF1, \"Une femme d'exception\", a été pris à parti par une vingtaine de jeunes, selon Le Parisien. L'argent pourrait être le mobile de cette agression. Alors que le tournage se déroulait dans le quartier parisien de Belleville, jeudi 29 septembre, le scénario en a été tout autre : près d'une vingtaine de jeunes gens, mineurs pour la plupart, n'ont pas hésité à s'en prendre à l'équipe de tournage. \nDes agresseurs munis de mortiers d'artifice : pas moins de cinq techniciens de l'équipe de production Cinétévé ont été blessés, dont l'un d'entre eux par un coup de poing à la figure. Quant au matériel de tournage, il a été passablement dégradé.Le mobile de cette agression s'oriente vers une tentative de racket, indique Le Parisien : peu avant le début tournage, deux jeunes gens sont venus demander de l'argent à l'équipe de Cinétévé, en échange de leur hypothétique \"protection. \" Dès le lendemain, un jeune suspect a été interpellé au Kremlin-Bicêtre, au sud de Paris. La série télévisée \"Une femme d'exception\" doit être diffusée sur TF1. Elle est la toute première à avoir un personnage transgenre pour héroïne.. Publicité ", "external_links": [], "published": "2016-10-01T23:05:00.000+03:00", "crawled": "2016-10-01T22:13:30.832+03:00", "highlightTitle": ""}