{"organizations": [], "uuid": "f345dde9990569a6aff2e26c263f0caa0280a047", "thread": {"social": {"gplus": {"shares": 0}, "pinterest": {"shares": 0}, "vk": {"shares": 0}, "linkedin": {"shares": 0}, "facebook": {"likes": 4, "shares": 4, "comments": 0}, "stumbledupon": {"shares": 0}}, "site_full": "actu.orange.fr", "main_image": "http://media2.woopic.com/api/v1/images/661%2Fafp-news%2F122%2Fe94%2Ff101b6e4bc5b8d0ff4441f34cb%2Fle-dieselgate-doit-donner-un-coup-d-accelerateur-a-l-electrique-selon-royal%7C000_FW9YT-highDef.jpg?format=470x264&amp;facedetect=1&amp;quality=85", "site_section": "", "section_title": "", "url": "http://actu.orange.fr/politique/le-dieselgate-doit-donner-un-coup-d-accelerateur-a-l-electrique-selon-royal-CNT000000uwEkt.html", "country": "FR", "domain_rank": 208, "title": "Le \"dieselgate\" doit donner un coup d'accélérateur à l'électrique, selon Royal sur Orange Actualités", "performance_score": 0, "site": "orange.fr", "participants_count": 0, "title_full": "Le \"dieselgate\" doit donner un coup d'accélérateur à l'électrique, selon Royal sur Orange Actualités", "spam_score": 0.22, "site_type": "news", "published": "2016-10-01T21:42:00.000+03:00", "replies_count": 0, "uuid": "f345dde9990569a6aff2e26c263f0caa0280a047"}, "author": "", "url": "http://actu.orange.fr/politique/le-dieselgate-doit-donner-un-coup-d-accelerateur-a-l-electrique-selon-royal-CNT000000uwEkt.html", "ord_in_thread": 0, "title": "Le \"dieselgate\" doit donner un coup d'accélérateur à l'électrique, selon Royal sur Orange Actualités", "locations": [], "entities": {"persons": [], "locations": [], "organizations": []}, "highlightText": "", "language": "french", "persons": [], "text": "Voitures électriques: Ségolène Royal promet un million de bornes en France AFP, publié le samedi 01 octobre 2016 à 13h42 Carburant: Ségolène Royal, souhaitz qu'a la suite du \"dieselgate\") donne un \"coup d'accélérateur\" au développement de la mobilité électrique \nLa ministre de l'Environnement, Ségolène Royal, a souhaité samedi que la crise née de la triche de Volkswagen sur les moteurs diesel (surnommée \"dieselgate\") donne un \"coup d'accélérateur\" au développement de la mobilité électrique. \nLors d'une visite de deux heures au Mondial de l'automobile de Paris, qui ouvrait ses portes au public, Mme Royal, dont le portefeuille inclut les Transports, s'est surtout intéressée aux voitures rechargeables et a vanté l'action du gouvernement pour le développement de leurs ventes. \nAu-delà de Volkswagen, qui a avoué il y a un an avoir truqué les logiciels gérant les moteurs de 11 millions de voitures diesel, l'enquête d'une commission d'experts nommée par Mme Royal a décelé des \"anomalies\" sur les émissions de polluants de voitures de plusieurs marques. \nL'enquête a aussi mis en évidence le décalage parfois considérable entre les émissions polluantes lors des séances d'homologation et en conditions réelles. \n\"Les constructeurs automobiles le savaient, ils ne s'en sont pas vantés, donc ce n'est pas bien mais, en même temps, ce n'est pas une fraude au sens où ils n'ont pas installé de logiciel de fraude\", a assuré Mme Royal. \nVendredi, le PDG de Renault, Carlos Ghosn, s'était dit \"totalement déterminé à collaborer à tous les niveaux\" avec la commission, qui poursuit ses investigations. \nLes constructeurs \"doivent maintenant, et les constructeurs de marque française s'y sont engagés, dont Renault, se remettre aux normes\", a remarqué Mme Royal. \n\"Maintenant, ce que je souhaite, c'est que de cette crise sorte un coup d'accélérateur pour la voiture électrique. La voiture électrique, la voiture à hydrogène, ça doit être maintenant une priorité, les constructeurs doivent baisser les prix et élargir leur gamme\", a-t-elle lancé. \nLors de son passage au Mondial, la ministre n'a eu d'yeux que pour les voitures électriques, que ce soit sur les stands des marques du groupe PSA (Peugeot, Citroën et DS) ou celles de Renault, qui montrait sa nouvelle Zoé à l'autonomie quasi doublée: 400 km théoriques, 300 en conditions réelles. \n\"L'autonomie est quelque chose de totalement crucial, parce que ce qui freine l'achat d'une voiture électrique, c'est la peur de tomber en panne\", a-t-elle affirmé. \n\"Il y a deux choses à faire: renforcer l'autonomie des batteries et, deuxièmement, déployer davantage de bornes de recharge\", a-t-elle dit, alors que son ministère a indiqué que la France était en avance sur l'objectif de déployer un million de points de charge, publics ou privés, sur tout le territoire à l'horizon 2020. \n\"Il y a un crédit d'impôt sur les bornes privées, ça coûte 400 euros\" avec ce dispositif, a relevé la ministre, en se félicitant aussi de la prolongation, dans le projet de loi de finances 2017, du \"superbonus\" de 10.000 euros pour l'achat d'une voiture électrique contre la mise au rebut d'un diesel de plus de dix ans. \nMme Royal a également arpenté les stands de Nissan, partenaire de Renault, pour voir la Leaf électrique mais aussi la nouvelle Micra fabriquée en France. \nLes Tesla, luxueuses voitures électriques américaines, ont de même eu droit à sa visite ainsi que les équipementiers français Faurecia et Plastic Omnium, en pointe dans la dépollution des diesel et l'allègement des automobiles. \nMme Royal a noté que plus de 100.000 véhicules électriques circulent aujourd'hui en France, même si la proportion reste faible dans un parc de plus de 38 millions d'unités. \nDepuis le début de l'année 2016, un peu plus d'1% des voitures neuves immatriculées dans l'Hexagone fonctionnent à l'électricité. Publicité ", "external_links": [], "published": "2016-10-01T21:42:00.000+03:00", "crawled": "2016-10-01T22:13:33.117+03:00", "highlightTitle": ""}