{"organizations": [], "uuid": "a437652bc08ebbc3bcb12d9104c8b34075bdbede", "thread": {"social": {"gplus": {"shares": 0}, "pinterest": {"shares": 0}, "vk": {"shares": 0}, "linkedin": {"shares": 0}, "facebook": {"likes": 0, "shares": 0, "comments": 0}, "stumbledupon": {"shares": 0}}, "site_full": "www.7sur7.be", "main_image": "http://static0.7sur7.be/static/photo/2016/4/6/6/20161002150720/media_xll_9121866.jpg", "site_section": "http://www.7sur7.be/rss.xml", "section_title": "7SUR7.be Info, sport et showbiz, 24/24, 7/7, plus de 350 mises à jour quotidiennes", "url": "http://www.7sur7.be/7s7/fr/1502/Belgique/article/detail/2893389/2016/10/02/Plus-de-50-000-personnes-pour-la-Nuit-Blanche.dhtml", "country": "BE", "domain_rank": 8663, "title": "Plus de 50.000 personnes pour la Nuit Blanche", "performance_score": 0, "site": "7sur7.be", "participants_count": 1, "title_full": "Plus de 50.000 personnes pour la Nuit Blanche", "spam_score": 0.0, "site_type": "news", "published": "2016-10-02T21:08:00.000+03:00", "replies_count": 0, "uuid": "a437652bc08ebbc3bcb12d9104c8b34075bdbede"}, "author": "rédaction", "url": "http://www.7sur7.be/7s7/fr/1502/Belgique/article/detail/2893389/2016/10/02/Plus-de-50-000-personnes-pour-la-Nuit-Blanche.dhtml", "ord_in_thread": 0, "title": "Plus de 50.000 personnes pour la Nuit Blanche", "locations": [], "entities": {"persons": [], "locations": [], "organizations": []}, "highlightText": "", "language": "french", "persons": [], "text": "2/10/16 - 15h08 Source: Belga © Facebook - Nuit Blanche. Plus de 50.0000 personnes ont participé samedi soir et durant la nuit à la 14e édition de la Nuit Blanche à Bruxelles, qui se tenait pour la première fois dans le quartier européen. L'évènement avait pour thème \"Borders\" (frontières), \"une notion d'une actualité brûlante et qui représente parfaitement l'ambition de Nuit Blanche: briser les barrières entre les individus, les cultures et les disciplines, susciter la rencontre dans la ville à travers l'art\", selon la Ville de Bruxelles, initiatrice du projet. \nDe 19h00 à 3h00 du matin, une trentaine d'installations et d'animations se sont succédé dans des bâtiments emblématiques tels que le Concert Noble ou la Bibliothèque Solvay, mais aussi dans les coins et recoins moins connus du quartier européen. \"En ces temps où l'Union européenne est confrontée à de multiples crises et où la confiance des citoyens dans ses institutions semble ébranlée, Nuit Blanche permet à tous de se réapproprier le quartier et d'en découvrir des facettes insoupçonnées\", selon ses organisateurs. Ceux-ci tirent un bilan positif de la 14e édition. \"C'était un pari de l'organiser dans le quartier européen, habituellement désert le samedi soir mais le public était au rendez-vous, malgré ce paramètre et une météo pluvieuse\", applaudit Karine Lalieux, échevine de la Culture de la Ville de Bruxelles.\"L'évènement était festif tout en interrogeant la société. Beaucoup de projets artistiques proposaient des interactions avec le public, ce qui engendrait des files mais j'estime que c'est une bonne chose que des gens fassent la file pour la culture, pour voir des artistes et se poser des questions\", conclut Mme Lalieux. Lire aussi", "external_links": [], "published": "2016-10-02T21:08:00.000+03:00", "crawled": "2016-10-02T16:22:04.776+03:00", "highlightTitle": ""}