{"organizations": [], "uuid": "cf58d89512207d67922d866f3070f14ddc5af6d7", "thread": {"social": {"gplus": {"shares": 0}, "pinterest": {"shares": 0}, "vk": {"shares": 0}, "linkedin": {"shares": 0}, "facebook": {"likes": 83, "shares": 83, "comments": 0}, "stumbledupon": {"shares": 0}}, "site_full": "www.dhnet.be", "main_image": "http://rb.ldh.be/image/9b/57f1db92cd70e9985fe8fb9b.jpg", "site_section": "http://www.dhnet.be/rss.xml", "section_title": "DH.be - La Une", "url": "http://www.dhnet.be/sports/football/division-1a/anderlecht/deschacht-six-minutes-en-pointe-pour-evacuer-ses-frustrations-57f17517cd70e9985fe8d178", "country": "BE", "domain_rank": 5754, "title": "Deschacht, six minutes en pointe pour évacuer ses frustrations", "performance_score": 0, "site": "dhnet.be", "participants_count": 1, "title_full": "Deschacht, six minutes en pointe pour évacuer ses frustrations", "spam_score": 0.0, "site_type": "news", "published": "2016-10-03T11:15:00.000+03:00", "replies_count": 0, "uuid": "cf58d89512207d67922d866f3070f14ddc5af6d7"}, "author": "Y. T. et D. D.M.", "url": "http://www.dhnet.be/sports/football/division-1a/anderlecht/deschacht-six-minutes-en-pointe-pour-evacuer-ses-frustrations-57f17517cd70e9985fe8d178", "ord_in_thread": 0, "title": "Deschacht, six minutes en pointe pour évacuer ses frustrations", "locations": [], "entities": {"persons": [], "locations": [], "organizations": []}, "highlightText": "", "language": "french", "persons": [], "text": "Deschacht, six minutes en pointe pour évacuer ses frustrations \nY. T. et D. D.M. Publié le lundi 03 octobre 2016 à 06h15 - Mis à jour le lundi 03 octobre 2016 à 06h17 ... Anderlecht surpris par la lanterne rouge: le bulletin de notes des Mauves (IMAGES) Anderlecht Malgré une semaine où il a touché le fond, Olivier Deschacht a participéà la victoire. \nAprès une semaine cauchemardesque, Olivier Deschacht a reçu trois minutes de jeu plus trois minutes de temps additionnel pour évacuer ses frustrations. C’est lui - et non pas Harbaoui - qui est monté au jeu pour Lukasz Teodorczyck sous les sifflets du public du Standard. Et comme le buteur polonais, il a joué en… attaque. C’est la première fois de sa longue carrière qu’il occupait ce poste. \nSon rôle : courir de gauche à droite comme un fou, pour éviter que les Standardmen puissent balancer des longs ballons. Oli a même essayé de prendre Scholz de vitesse avec un grand pont , mais il n’y est pas parvenu. \nAprès les 93 minutes , il s’est d’abord accroupi, épuisé par les six minutes de sprint. Puis, il a reçu des félicitations de Nuytinck, Roef, Capel, Badji et Stanciu. Le moment le plus émouvant était celui où il se faisait acclamer par le public d’Anderlecht. Deschacht a remercié les fans bruxellois en posant la main sur le cœur. Suite à toutes les révélations dans les médias concernant ses paris et l’affaire pénale qu’il risque, il était totalement abattu à la fin de la semaine. \nMais René Weiler a donc estimé que Deschacht était prêt pour un match au Standard. \"Pour moi, c’est un joueur de l’effectif. L’extrasportif ne m’intéresse pas. J’avais besoin de lui pour garder le résultat.\" Sur le même sujet :", "external_links": [], "published": "2016-10-03T11:15:00.000+03:00", "crawled": "2016-10-03T08:25:20.894+03:00", "highlightTitle": ""}