{"organizations": [], "uuid": "d0c943c0c4717fb2e62442372d94e548d4e5c4ef", "thread": {"social": {"gplus": {"shares": 4}, "pinterest": {"shares": 0}, "vk": {"shares": 0}, "linkedin": {"shares": 1}, "facebook": {"likes": 47, "shares": 47, "comments": 0}, "stumbledupon": {"shares": 0}}, "site_full": "france3-regions.francetvinfo.fr", "main_image": "http://france3-regions.francetvinfo.fr/provence-alpes/sites/regions_france3/files/styles/top_big/public/assets/images/2016/10/03/commerce_engage.png?itok=6JrwVxaq", "site_section": "http://france3-regions.francetvinfo.fr/actu/rss", "section_title": "Régions", "url": "http://france3-regions.francetvinfo.fr/provence-alpes/var/var-une-campagne-pour-consommer-autrement-1100015.html", "country": "FR", "domain_rank": 3566, "title": "Var ; une campagne pour consommer autrement", "performance_score": 0, "site": "francetvinfo.fr", "participants_count": 1, "title_full": "Var ; une campagne pour consommer autrement", "spam_score": 0.0, "site_type": "news", "published": "2016-10-03T17:29:00.000+03:00", "replies_count": 0, "uuid": "d0c943c0c4717fb2e62442372d94e548d4e5c4ef"}, "author": "Ghislaine Milliet", "url": "http://france3-regions.francetvinfo.fr/provence-alpes/var/var-une-campagne-pour-consommer-autrement-1100015.html", "ord_in_thread": 0, "title": "Var ; une campagne pour consommer autrement", "locations": [], "entities": {"persons": [], "locations": [], "organizations": []}, "highlightText": "", "language": "french", "persons": [], "text": "Var Var ; une campagne pour consommer autrement \nL'association Ecoscience Provence lance une campagne appelant à consommer différemment. Le but : peser le moins possible sur l'environnement. En lançant le label \"Commerce engagé\", la jeune pousse entend bien agir contre le gaspillage alimentaire et pour le développement des circouits courts. Par Ghislaine Milliet 03/10/2016 à 12:02 Campagne du Commerce engagé En pensant au développement durable, l'association Ecoscience Provence lance une campagne de trois mois pour son label \"Commerce engagé\" dans le Var. Sous forme d'affichage dans seize communes varoises, la jeune pousse entend toucher une large population de 54000 personnes. \nEn repensant sa façon de consommer, chacun peut contribuer à orienter le monde vers un environnement sain \"Pour une économie équitable et durable\", explique sur son site Ecoscience Provence. Artisans commerçants et citoyens sont invités à un \"commerce engagé\". Les propositions sont concrêtes : développer les circuits courts, favoriser les producteurs, artisans et commerçants locaux, favoriser le retour à la consigne verre, labelliser ceux qui s'inscrivent dans une pratique éco-responsable. Ils devoiennent alors Producteur Engagé, Restaurant Engagé et Marché Engagé. Déjà, 80 sociétés du centre-ouest Var possèdent le label de Commerce engagé (du petit commerce à la grande distribution). Ecoscience Provence est en partenariat avec Syndicat intercommunal pour la Valorisation et l’Élimination des Déchets du centre ouest Var (SIVED) et a reçu le soutien de Bamboo Lab.", "external_links": [], "published": "2016-10-03T17:29:00.000+03:00", "crawled": "2016-10-03T13:07:59.145+03:00", "highlightTitle": ""}