{"organizations": [], "uuid": "7f57e9170d09793a537b2e570c476e56865ae400", "thread": {"social": {"gplus": {"shares": 0}, "pinterest": {"shares": 0}, "vk": {"shares": 0}, "linkedin": {"shares": 0}, "facebook": {"likes": 101, "shares": 101, "comments": 0}, "stumbledupon": {"shares": 0}}, "site_full": "actu.orange.fr", "main_image": "http://media3.woopic.com/api/v1/images/661%2Fafp-news%2Fa3b%2Ffc4%2F4ea94b45fbe8a3c55dd1b14232%2Fjuppe-promet-des-mesures-fortes-mais-realistes%7C000_GN3WV-highDef.jpg?format=470x264&amp;facedetect=1&amp;quality=85", "site_section": "", "section_title": "", "url": "http://actu.orange.fr/politique/juppe-promet-des-mesures-fortes-mais-realistes-CNT000000uxXas.html", "country": "FR", "domain_rank": 208, "title": "Juppé promet des mesures \"fortes mais réalistes\" sur Orange Actualités", "performance_score": 1, "site": "orange.fr", "participants_count": 0, "title_full": "Juppé promet des mesures \"fortes mais réalistes\" sur Orange Actualités", "spam_score": 0.059, "site_type": "news", "published": "2016-10-02T10:31:00.000+03:00", "replies_count": 0, "uuid": "7f57e9170d09793a537b2e570c476e56865ae400"}, "author": "", "url": "http://actu.orange.fr/politique/juppe-promet-des-mesures-fortes-mais-realistes-CNT000000uxXas.html", "ord_in_thread": 0, "title": "Juppé promet des mesures \"fortes mais réalistes\" sur Orange Actualités", "locations": [], "entities": {"persons": [], "locations": [], "organizations": []}, "highlightText": "", "language": "french", "persons": [], "text": "La nouvelle opération séduction d'Alain Juppé devant des chefs d'entreprise AFP, publié le dimanche 02 octobre 2016 à 02h31 Elections: Juppé promet, s'il est président, des mesures \"fortes mais réalistes\" et de rendre coup pour coup à ses rivaux, notamment Sarkozy \nAlain Juppé, candidat à la primaire de la droite pour 2017, promet s'il est élu président d'engager dès les premiers mois des mesures \"fortes mais réalistes\" et rend coup pour coup à ses rivaux, à commencer par Nicolas Sarkozy, dans un entretien au Journal du dimanche. \n\"Je veux absolument changer de méthode et dire avant l'élection ce que j'ai l'intention de faire, de façon précise (...) Ainsi, si les Français m'élisent, je disposerai d'une légitimité très forte pour appliquer mon projet\", prévient l'ancien Premier ministre. \nContrairement à François Hollande, \"qui a donné le spectacle de l'impréparation et de l'improvisation permanentes\", lui \"veut être prêt et rester cohérent tout au long du quinquennat\". Il entend ainsi \"rendre publiques\" avant la présidentielle \"une loi d'habilitation autorisant le gouvernement à légiférer par ordonnances, avec cinq ou six ordonnances sur des sujets essentiels et urgents, et une loi de programmation fiscale\", des projets auxquels ses équipes \"travaillent déjà\". \nLe favori des sondages, attaqué par ses rivaux, rend également coup pour coup, notamment à l'ancien président. \"Si j'écoute les observateurs, je devais être balayé par le + blast +\" promis par Nicolas Sarkozy lors de son entrée en campagne, ironise-t-il avant d'asséner: \"je n'en ai pas ressenti les effets\". \nQuand on lui rappelle que le même Nicolas Sarkozy l'a critiqué cette semaine en lançant \"quand on cherche à se faire élire par les voix de gauche, on se prépare à mener une politique qui donnera des gages à la gauche\", il répond du tac au tac: \"quand on cherche à se faire élire par les voix du Front national, on risque de mener une politique inspirée des thèses du Front national\". \nIl n'est pas en reste avec François Fillon, qui l'a accusé de servir \"de la tisane\". \"Sa stratégie\" n'est \"pas particulièrement couronnée de succès pour l'instant\", ironise-t-il alors que le député de Paris ne parvient pas à progresser sensiblement dans les sondages. \n\"J'entends tous les jours parler de +chocs+: des chocs fiscaux, des chocs sociaux, des chocs de compétitivité, des chocs de simplification, dont on ne voit d'ailleurs jamais la couleur. Avec tous ces +chocs +, le bateau France risque de se lézarder rapidement. Parce que je ne pense pas, moi, qu'on puisse provoquer un choc fiscal de 50 milliards d'euros juste en claquant des doigts. Et je ne pense pas qu'on puisse supprimer 600.000 emplois de fonctionnaires\", ajoute-t-il, toujours en direction de M. Fillon. Lui, à l'inverse, défend \"des mesures fortes, oui, mais réalistes\". Publicité ", "external_links": [], "published": "2016-10-02T10:31:00.000+03:00", "crawled": "2016-10-02T06:36:06.859+03:00", "highlightTitle": ""}