{"organizations": [], "uuid": "d120037983155eb4f3e32f16509d76b75a0221a9", "thread": {"social": {"gplus": {"shares": 0}, "pinterest": {"shares": 0}, "vk": {"shares": 0}, "linkedin": {"shares": 0}, "facebook": {"likes": 463, "shares": 463, "comments": 0}, "stumbledupon": {"shares": 0}}, "site_full": "france3-regions.francetvinfo.fr", "main_image": "http://france3-regions.francetvinfo.fr/auvergne/sites/regions_france3/files/styles/top_big/public/assets/images/2016/10/01/motards_6.jpg?itok=YCorZ9gk", "site_section": "http://france3-regions.francetvinfo.fr/social/rss", "section_title": "France 3 Régions - social", "url": "http://france3-regions.francetvinfo.fr/auvergne/puy-de-dome/clermont-ferrand/operation-escargot-des-motards-en-colere-clermont-ferrand-1099221.html", "country": "FR", "domain_rank": 3566, "title": "Opération escargot des motards en colère à Clermont-Ferrand", "performance_score": 4, "site": "francetvinfo.fr", "participants_count": 1, "title_full": "Opération escargot des motards en colère à Clermont-Ferrand", "spam_score": 0.0, "site_type": "news", "published": "2016-10-02T00:01:00.000+03:00", "replies_count": 0, "uuid": "d120037983155eb4f3e32f16509d76b75a0221a9"}, "author": "Evelyne Rimbert", "url": "http://france3-regions.francetvinfo.fr/auvergne/puy-de-dome/clermont-ferrand/operation-escargot-des-motards-en-colere-clermont-ferrand-1099221.html", "ord_in_thread": 0, "title": "Opération escargot des motards en colère à Clermont-Ferrand", "locations": [], "entities": {"persons": [], "locations": [], "organizations": []}, "highlightText": "", "language": "french", "persons": [], "text": "Clermont-Ferrand Opération escargot des motards en colère à Clermont-Ferrand \nOpération escargot pour les motards en colère dans les rues de Clermont-Ferrand, samedi après-midi. Ils craignent que la mesure d'interdiction de circulation à Paris des 2 roues datant d'avant 1999 ne soit étendue à la capitale auvergnate. Par Evelyne Rimbert Publié le 01/10/2016 à 18:37 © Sarah Ben Chérifa 200 motards en colère ont défilé dans les rues de Clermont-Ferrand samedi après-midi. Pour protester contre les zones de circulation restreinte et l'interdiction à Paris des 2 roues datant d'avant 1999. Ils craignent que la mesure ne soit étendue à Clermont-Ferrand. Opération escargot pour les motards en colère, samedi après-midi dans les rues de Clermont-Ferrand. En soutien à leurs homologues parisiens. Depuis le 1er juillet dernier, la circulation des voitures datant d'avant 1997 et des 2 roues d'avant 1999 est interdite à Paris, en semaine entre 8h et 20h. Les verbalisations commencent le 1er octobre. Les motards redoutent que cette mesure ne s'étendent à d'autres villes à partir de 2020. Clermont-Ferrand serait concerné. Elle fait partie des 25 villes qui devraient prendre des mesures anti-pollution dans les 5 ans à venir. Samedi après-midi, ils étaient plus de 200 motards à faire part de leur colère dans les rues de la capitale auvergnate. Les motards en colère dans les rues de Clermont-Ferrand Plus de 200 motards ont défilé dans les rues de Clermont-Ferrand, samedi après-midi. Ils craignent que l'interdiction de circulation à Paris des 2 roues anciens ne soit étendue à d'autres villes, dont Clermont-Ferrand. Intervenants : Richard BOURLET (Membre de la FFMC 63), Jean-Michel BESSE (Coordinateur de la FFMC 63), Jean-Luc LAGOUTTE et Laurent OLLIER (Manifestants). - France 3 Auvergne - Delphine Cros, Sarah Ben Chérifa - Montage : Magalie Canuto", "external_links": [], "published": "2016-10-02T00:01:00.000+03:00", "crawled": "2016-10-01T19:46:59.064+03:00", "highlightTitle": ""}