{"organizations": [], "uuid": "79228af596cdefdf0ebfa41687b7a1836f8c072e", "thread": {"social": {"gplus": {"shares": 0}, "pinterest": {"shares": 0}, "vk": {"shares": 0}, "linkedin": {"shares": 0}, "facebook": {"likes": 0, "shares": 0, "comments": 0}, "stumbledupon": {"shares": 0}}, "site_full": "fr.news.yahoo.com", "main_image": "https://s.yimg.com/uu/api/res/1.2/8TvPuP5dDQJcJknmy5Zyjg--/aD0zMjU7dz02NTA7c209MTthcHBpZD15dGFjaHlvbg--/http://media.zenfs.com/fr-FR/homerun/begeek.fr/55fd00d39ca3b3a2c3d2f26b6e8b2766", "site_section": "", "section_title": "", "url": "https://fr.news.yahoo.com/bon-plan-ssd-samsung-serie-161536208.html", "country": "IE", "domain_rank": 5, "title": "SSD : le Samsung Serie 850 Pro (256 Go) baisse à 104€", "performance_score": 0, "site": "yahoo.com", "participants_count": 0, "title_full": "SSD : le Samsung Serie 850 Pro (256 Go) baisse à 104€", "spam_score": 0.0, "site_type": "news", "published": "2016-09-29T23:23:00.000+03:00", "replies_count": 0, "uuid": "79228af596cdefdf0ebfa41687b7a1836f8c072e"}, "author": "", "url": "https://fr.news.yahoo.com/bon-plan-ssd-samsung-serie-161536208.html", "ord_in_thread": 0, "title": "SSD : le Samsung Serie 850 Pro (256 Go) baisse à 104€", "locations": [], "entities": {"persons": [], "locations": [], "organizations": []}, "highlightText": "", "language": "french", "persons": [], "text": "Épingler Partager Question vitesse d'écriture et de lecture, le SSD de Samsung est imbattable dans ce format et à ce prix. Plus Question vitesse d'écriture et de lecture, le SSD de Samsung est imbattable dans ce format et à ce prix. Lorsque mon Macbook Pro s’est fait vieillissant, j’aurai pu opter pour la méthode la plus simple : racheter un nouvel ordinateur. Radical et efficace, mais coûteux. De nombreux utilisateurs confiaient se tourner vers une méthode alternative : l’installation d’un SSD en remplacement des disques dur Samsung imposés par défaut par Apple, méthode que l’on a choisit d’adopter sur Begeek, en profitant même pour rajouter de la mémoire vive et réaliser un tutoriel . ", "external_links": [], "published": "2016-09-29T23:23:00.000+03:00", "crawled": "2016-10-01T14:41:32.761+03:00", "highlightTitle": ""}