{"organizations": [], "uuid": "49c4021d488a548f1d5c5e07b9695a1d3e28aa1d", "thread": {"social": {"gplus": {"shares": 0}, "pinterest": {"shares": 0}, "vk": {"shares": 0}, "linkedin": {"shares": 0}, "facebook": {"likes": 0, "shares": 0, "comments": 0}, "stumbledupon": {"shares": 0}}, "site_full": "fr.news.yahoo.com", "main_image": "https://s.yimg.com/uu/api/res/1.2/.VYBKtuG_skYDSsaA474XQ--/aD01NzY7dz0xMDI0O3NtPTE7YXBwaWQ9eXRhY2h5b24-/http://d.yimg.com/hd/francetvinfo/6/6/3b19f14c-e0ee-4255-b467-3cd9e446c938_PcvwwXNzXMI9aFOpGSx5E-4gf0KHdr0pv0-H5WIpLShq33uR305m-n0o45jiv_hU7eJxAGrNRq4-_2_0.jpg?s=42d426932c2647de8ba3f4d97c6c1431&amp;c=966206c6eeae6e5f0ee79fd8e98a9a29&amp;a=francetvinfo&amp;mr=0", "site_section": "https://fr.news.yahoo.com/france/?format=rss", "section_title": "News France | Actualités & informations - Yahoo Actualités FR", "url": "https://fr.news.yahoo.com/valenciennes-cort%C3%A8ges-mariages-haute-surveillance-143311786.html", "country": "US", "domain_rank": 5, "title": "Valenciennes : les cortèges de mariages sous haute surveillance", "performance_score": 0, "site": "yahoo.com", "participants_count": 0, "title_full": "Valenciennes : les cortèges de mariages sous haute surveillance", "spam_score": 0.0, "site_type": "news", "published": "2016-10-01T03:00:00.000+03:00", "replies_count": 0, "uuid": "49c4021d488a548f1d5c5e07b9695a1d3e28aa1d"}, "author": "", "url": "https://fr.news.yahoo.com/valenciennes-cort%C3%A8ges-mariages-haute-surveillance-143311786.html", "ord_in_thread": 0, "title": "Valenciennes : les cortèges de mariages sous haute surveillance", "locations": [], "entities": {"persons": [], "locations": [], "organizations": []}, "highlightText": "", "language": "french", "persons": [], "text": "Une voiture qui dérape, puis qui joue au rodéo autour d'un rond-point pour célébrer un mariage : l'image captée par les caméras de vidéosurveillance date d'avril 2016. Mais samedi 24 septembre dernier, la scène s'est reproduite au même endroit à Valenciennes (Nord), sous les yeux d'une boulangère excédée par ces débordements. Pas question d'interdire les mariages le samedi Des débordements comme celui-là, il y en a régulièrement les samedis après-midi. Alors,\nla mairie de Valenciennes a décidé de renforcer la répression et les moyens de surveillance . Mobilisation de deux motards chaque jour de célébration, utilisation accrue de la vidéosurveillance, verbalisation systématique des véhicules en infraction... La mairie a même décidé de neutraliser l'accès à la Place d'Armes devant l'hôtel de ville. Mais pour l'heure, pas question d'interdire les mariages le samedi comme l'avait fait Roubaix ou vient de le faire Maubeuge. \n\nRetrouvez cet article sur Francetv info \n\nNucléaire : plus de 3 000 personnes manifestent contre l'EPR de Flamanville \nTerrorisme : Telegram, le réseau des jihadistes \nMondial de l'automobile : visite guidée ! \nTerrorisme : des adolescents interpellés à Paris et dans le Val-d'Oise \nMondial de l'automobile : plus d'un million de visiteurs attendus", "external_links": [], "published": "2016-10-01T03:00:00.000+03:00", "crawled": "2016-10-01T18:20:24.926+03:00", "highlightTitle": ""}