{"organizations": [], "uuid": "ec9c0e2e155316d452b7603c0cbbc5d89e6ba5a0", "thread": {"social": {"gplus": {"shares": 0}, "pinterest": {"shares": 0}, "vk": {"shares": 0}, "linkedin": {"shares": 0}, "facebook": {"likes": 49, "shares": 49, "comments": 0}, "stumbledupon": {"shares": 0}}, "site_full": "www.dhnet.be", "main_image": "http://rf.ldh.be/image/bf/57ef67cdcd70871fc423b6bf.jpg", "site_section": "http://www.dhnet.be/rss/section/actu.xml", "section_title": "DH.be - Actu", "url": "http://www.dhnet.be/actu/belgique/septembre-a-ete-tres-anormalement-chaud-57ef65e5cd70871fc423b6b1", "country": "BE", "domain_rank": 5754, "title": "Septembre a été \"très anormalement chaud\"", "performance_score": 0, "site": "dhnet.be", "participants_count": 1, "title_full": "Septembre a été \"très anormalement chaud\"", "spam_score": 0.0, "site_type": "news", "published": "2016-10-01T14:29:00.000+03:00", "replies_count": 0, "uuid": "ec9c0e2e155316d452b7603c0cbbc5d89e6ba5a0"}, "author": "belga", "url": "http://www.dhnet.be/actu/belgique/septembre-a-ete-tres-anormalement-chaud-57ef65e5cd70871fc423b6b1", "ord_in_thread": 0, "title": "Septembre a été \"très anormalement chaud\"", "locations": [], "entities": {"persons": [], "locations": [], "organizations": []}, "highlightText": "", "language": "french", "persons": [], "text": "  Belgique Septembre a été \"très anormalement chaud\" \nbelga   09h29   09h38 ... Météo: Quand vient la fin de l'été Belgique \nEn septembre, la température moyenne à Uccle a atteint les 17,4°C (norm.: 14,9°C), la température maximale moyenne s'élevant à 22,4°C (norm.: 19,0°C) et la température minimale moyenne à 12,8°C (norm.: 10,9°C). Toutes ces valeurs sont \"très anormalement élevées\" et sont très proches de celles observées en juillet et en août, indique samedi l'IRM. Le mois passé a également enregistré le jour tropical le plus tardif depuis 1901, avec 31,2° enregistrés le 13 septembre tandis que le lendemain, les températures minimales ne sont pas descendues sous les 18,3°. \nPar ailleurs, la quantité de précipitations mesurée est elle aussi \"très anormalement basse\" (18,3 mm de précipitations à Uccle en 10 jours) et seuls 4 orages ont été comptabilisés. \nEnfin, 196h50min d'ensoleillement (norm.: 143h04min.) ont été observées à Uccle, ce qui constitue une durée anormalement élevée pour un mois de septembre. Avec cette valeur, le mois dernier a été plus ensoleillé que juin et juillet, précise encore l'IRM. Sur le même sujet :", "external_links": [], "published": "2016-10-01T14:29:00.000+03:00", "crawled": "2016-10-01T10:50:49.413+03:00", "highlightTitle": ""}