{"organizations": [], "uuid": "30a3b51dc6e200a92fc5dec1f264fe63a244cda1", "thread": {"social": {"gplus": {"shares": 0}, "pinterest": {"shares": 0}, "vk": {"shares": 0}, "linkedin": {"shares": 0}, "facebook": {"likes": 0, "shares": 0, "comments": 0}, "stumbledupon": {"shares": 0}}, "site_full": "www.ladepeche.fr", "main_image": "http://static.ladepeche.fr/content/media/image/zoom/2016/10/01/201610010959-full.jpg", "site_section": "http://www.ladepeche.fr/rss/87.rss", "section_title": "L’actualité sportive régionale, résultats clubs, Rugby, Football, Top14, Pro D2, Fédérales", "url": "http://www.ladepeche.fr/article/2016/10/01/2430545-brive-aussi-veut-faire-un-sort-au-champion.html", "country": "FR", "domain_rank": 5847, "title": "Brive aussi veut faire un sort au champion", "performance_score": 0, "site": "ladepeche.fr", "participants_count": 1, "title_full": "Brive aussi veut faire un sort au champion - 01/10/2016 - ladepeche.fr", "spam_score": 0.0, "site_type": "news", "published": "2016-10-01T15:14:00.000+03:00", "replies_count": 0, "uuid": "30a3b51dc6e200a92fc5dec1f264fe63a244cda1"}, "author": "La Dépêche du Midi", "url": "http://www.ladepeche.fr/article/2016/10/01/2430545-brive-aussi-veut-faire-un-sort-au-champion.html", "ord_in_thread": 0, "title": "Brive aussi veut faire un sort au champion", "locations": [], "entities": {"persons": [], "locations": [], "organizations": []}, "highlightText": "", "language": "french", "persons": [], "text": "Brive (54 %) – Racing 92 (46 %). \nToujours sans le moindre point inscrit après trois déplacements (Bordeaux, Clermont, Castres), le Racing 92, champion de France, espère enfin ouvrir son compteur à l'extérieur, même avec une équipe un peu remaniée. Mais à Amédée-Domenech, où ils sont invaincus, les Brivistes ont prévu de se racheter après la déroute subie à Montpellier dimanche (13-42).\nPau (52 %) – Bordeaux-Bègles (48 %). \nAprès avoir glané à Grenoble (39-38) un succès libérateur, la Section frappe aux portes du wagon qualificatif des six premiers qu'elle intégrerait en cas de succès face à l'UBB ! Les Girondins voyagent mal (deux défaites), mais ont sans doute ciblé ce déplacement pour rattraper les points perdus à la maison contre Montpellier début septembre (15-32).\nBayonne (56 %) – Lyon (44 %). \nMatch capital entre les deux promus dans la lutte au maintien. Surtout pour l'Aviron, qui a déjà concédé un nul et une défaite à domicile après un succès prestigieux en ouverture sur Toulon (28-23).\nCes faux pas, ajoutés aux trois revers à l'extérieur, et voilà les Basques menacés de décrochement dans le bas de tableau. Lyon, qui a fait tourner le week-end dernier à Bordeaux-Bègles en vue de ce sommet, entend bien frapper un coup décisif.", "external_links": [], "published": "2016-10-01T15:14:00.000+03:00", "crawled": "2016-10-01T11:48:27.283+03:00", "highlightTitle": ""}