{"organizations": [], "uuid": "362a30be1f5860838da83dd3033a03a9b45e5fcf", "thread": {"social": {"gplus": {"shares": 0}, "pinterest": {"shares": 0}, "vk": {"shares": 0}, "linkedin": {"shares": 0}, "facebook": {"likes": 0, "shares": 0, "comments": 0}, "stumbledupon": {"shares": 0}}, "site_full": "www.anibis.ch", "main_image": "https://can01.anibis.ch/Autres-Lecteur-microfilm-VAG/?1024x728/3/90/anibis/138/758/016/Q2BfRiUr_k-rK14ukqTCOQ_1.jpg", "site_section": "http://anibis.ch//fr/automobiles--4/rssexport.aspx", "section_title": "Petites annonces Automobiles", "url": "http://www.anibis.ch/fr/automobiles--4/lecteur-microfilm-vag--16758138.aspx", "country": "CH", "domain_rank": 8918, "title": "Lecteur microfilm VAG", "performance_score": 0, "site": "anibis.ch", "participants_count": 0, "title_full": "Lecteur microfilm VAG", "spam_score": 0.0, "site_type": "news", "published": "2016-10-01T15:08:00.000+03:00", "replies_count": 0, "uuid": "362a30be1f5860838da83dd3033a03a9b45e5fcf"}, "author": "", "url": "http://www.anibis.ch/fr/automobiles--4/lecteur-microfilm-vag--16758138.aspx", "ord_in_thread": 0, "title": "Lecteur microfilm VAG", "locations": [], "entities": {"persons": [], "locations": [], "organizations": []}, "highlightText": "", "language": "french", "persons": [], "text": "Pouvez-vous nous indiquer l'article de loi? Illégal Merci d'indiquer le chapitre de notre CG? Interdit sur anibis.ch Pouvez-vous nous donner une preuve de ces insultes (copie d'email) Insulte Merci de nous donner le site original Contrefaçon Pouvez-vous nous donner l'URL du texte ou l'image original? Copyright Veuillez préciser la raison de votre signalement : Autre raison", "external_links": [], "published": "2016-10-01T15:08:00.000+03:00", "crawled": "2016-10-01T10:25:05.814+03:00", "highlightTitle": ""}