{"organizations": [], "uuid": "4c5d5c4d60b8556fce062fafe4198b8d6c9b944b", "thread": {"social": {"gplus": {"shares": 0}, "pinterest": {"shares": 0}, "vk": {"shares": 0}, "linkedin": {"shares": 0}, "facebook": {"likes": 27, "shares": 27, "comments": 0}, "stumbledupon": {"shares": 0}}, "site_full": "www.lemonde.fr", "main_image": "http://s1.lemde.fr/image/2016/10/01/644x322/5006515_3_83af_c-est-l-amour-qui-fait-une-famille-lu-sur_aebc0650cdfe7328c119a8852e2968c7.jpg", "site_section": "", "section_title": "", "url": "http://www.lemonde.fr/europe/article/2016/10/01/en-italie-l-union-tres-discrete-de-deux-anciennes-s-urs-franciscaines_5006519_3214.html", "country": "US", "domain_rank": 944, "title": "En Italie, l’union très discrète de deux anciennes sœurs franciscaines", "performance_score": 0, "site": "lemonde.fr", "participants_count": 0, "title_full": "En Italie, l’union très discrète de deux anciennes sœurs franciscaines", "spam_score": 0.046, "site_type": "news", "published": "2016-10-01T15:39:00.000+03:00", "replies_count": 0, "uuid": "4c5d5c4d60b8556fce062fafe4198b8d6c9b944b"}, "author": "J R Me Gautheret", "url": "http://www.lemonde.fr/europe/article/2016/10/01/en-italie-l-union-tres-discrete-de-deux-anciennes-s-urs-franciscaines_5006519_3214.html", "ord_in_thread": 0, "title": "En Italie, l’union très discrète de deux anciennes sœurs franciscaines", "locations": [], "entities": {"persons": [], "locations": [], "organizations": []}, "highlightText": "", "language": "french", "persons": [], "text": "édition abonné En Italie, l’union très discrète de deux anciennes sœurs franciscaines Après l’entrée en vigueur du « pacs à l’italienne » en juin, les premières unions homosexuelles ont eu lieu dans un climat apaisé, contrastant avec les âpres débats qui avaient agité le Parlement et l’opinion. Le Monde | | Par Jérôme Gautheret (Rome, correspondant) \nC’est dans la plus grande discrétion qu’Isabel et Federica ont été unies, mercredi 28 septembre, par Luca Salvai, le maire du Mouvement 5 étoiles de la petite ville de Pignerol (Piémont), à deux pas de la frontière française. La cérémonie, annoncée pour le lendemain, a même été avancée de vingt-quatre heures pour décourager les curieux. \nPourtant, ce n’était au fond qu’une de ces dizaines de cérémonies qui se tiennent dans toute l’Italie, depuis l’entrée en vigueur, le 6 juin, de la loi instituant un contrat d’union civile en faveur des couples homosexuels ou des couples hétérosexuels non mariés. \nMais voilà, le « pacs à l’italienne » de Pignerol avait une force symbolique toute particulière : il y a quelques mois, en effet, les deux femmes étaient encore des sœurs franciscaines. Le quotidien turinois La Stampa a raconté leur histoire mercredi, sans briser leur anonymat. \nIsabel et Federica étaient deux religieuses confirmées et hautement diplômées,... L’accès à la totalité de l’article est protégé Déjà abonné ? Identifiez-vous En Italie, l’union très discrète de deux anciennes sœurs franciscaines Il vous reste 74% de l'article à lire ", "external_links": [], "published": "2016-10-01T15:39:00.000+03:00", "crawled": "2016-10-01T22:25:35.200+03:00", "highlightTitle": ""}