{"organizations": [], "uuid": "3731290f0ac20d8cfa0d4c9343c7507afcbe105b", "thread": {"social": {"gplus": {"shares": 0}, "pinterest": {"shares": 0}, "vk": {"shares": 0}, "linkedin": {"shares": 0}, "facebook": {"likes": 0, "shares": 0, "comments": 0}, "stumbledupon": {"shares": 0}}, "site_full": "www.anibis.ch", "main_image": "https://can01.anibis.ch/Services-professionnels-Credit-pour-les-fetes-de-fin-dannees/?1024x728/3/90/anibis/959/751/016/3WBNzlPFHkacvc3fzbzyqQ_1.jpg", "site_section": "http://anibis.ch//fr/m%c3%a9nage-,-maison--21/rssexport.aspx", "section_title": "Petites annonces Ménage & Maison", "url": "http://www.anibis.ch/fr/m%c3%a9nage-~-maison--21/cr%c3%a9dit-pour-les-f%c3%aates-de-fin-d'ann%c3%a9es--16751959.aspx", "country": "CH", "domain_rank": 8918, "title": "Crédit pour les fêtes de fin d'années", "performance_score": 0, "site": "anibis.ch", "participants_count": 0, "title_full": "Crédit pour les fêtes de fin d'années", "spam_score": 0.0, "site_type": "news", "published": "2016-10-01T04:49:00.000+03:00", "replies_count": 0, "uuid": "3731290f0ac20d8cfa0d4c9343c7507afcbe105b"}, "author": "", "url": "http://www.anibis.ch/fr/m%c3%a9nage-~-maison--21/cr%c3%a9dit-pour-les-f%c3%aates-de-fin-d'ann%c3%a9es--16751959.aspx", "ord_in_thread": 0, "title": "Crédit pour les fêtes de fin d'années", "locations": [], "entities": {"persons": [], "locations": [], "organizations": []}, "highlightText": "", "language": "french", "persons": [], "text": "Crédit pour les fêtes de fin d'années Type d'insertion: Gratuit Description: \nSuite à la crise financière et économique A toutes personnes, les entreprises, toutes sortes de les organismes professionnels, des particuliers et des investisseurs immobiliers, à très bon marché et des prix modérés qui sont capable de remboursés Payer simplement et en toute sécurité? Envoyer et recevoir de l'argent avec Cet utilisateur a confirmé son compte avec un numéro de mobile valable. gerertrepa Membre depuis le 30.09.2016 Êtes-vous intéressé par cette offre? Ecrivez un message à l’annonceur. Mon nom : Transmettre l'annonce par e-mail Vous connaissez quelqu'un qui pourrait s'intéresser à cette annonce ? Envoyez lui un e-mail grâce à ce formulaire. Expéditeur : Veuillez nous indiquer en quelques mots pourquoi cette annonce est une arnaque. e-mail* : Indiquez-nous d'autres annonces concernées (optionel): Multipostage (spam) A votre avis, pourquoi s'agit-il d'une fraude? Fraude Pouvez-vous nous indiquer l'article de loi? Illégal Merci d'indiquer le chapitre de notre CG? Interdit sur anibis.ch Pouvez-vous nous donner une preuve de ces insultes (copie d'email) Insulte Merci de nous donner le site original Contrefaçon Pouvez-vous nous donner l'URL du texte ou l'image original? Copyright Veuillez préciser la raison de votre signalement : Autre raison Envoyer \nLes annonces suivantes pourront peut-être aussi vous intéresser", "external_links": [], "published": "2016-10-01T04:49:00.000+03:00", "crawled": "2016-10-01T00:07:55.834+03:00", "highlightTitle": ""}