{"organizations": [], "uuid": "4fb8f5f13592f7a2c07777978da758daf896817b", "thread": {"social": {"gplus": {"shares": 0}, "pinterest": {"shares": 0}, "vk": {"shares": 0}, "linkedin": {"shares": 0}, "facebook": {"likes": 0, "shares": 0, "comments": 0}, "stumbledupon": {"shares": 0}}, "site_full": "www.anibis.ch", "main_image": "https://can01.anibis.ch/Autres-Lunette-de-soleil-:-Xray-BS27/?1024x728/3/90/anibis/815/769/016/3ldw2vZo_EC2FPr3lrb_gg_1.jpg", "site_section": "http://anibis.ch//fr/v%c3%aatements-,-accessoires--34/rssexport.aspx", "section_title": "Petites annonces Vêtements & accessoires", "url": "http://www.anibis.ch/fr/v%c3%aatements-~-accessoires--34/lunette-de-soleil-xray-bs27--16769815.aspx", "country": "CH", "domain_rank": 8918, "title": "Lunette de soleil : Xray BS27", "performance_score": 0, "site": "anibis.ch", "participants_count": 0, "title_full": "Lunette de soleil : Xray BS27", "spam_score": 0.0, "site_type": "news", "published": "2016-10-02T17:18:00.000+03:00", "replies_count": 0, "uuid": "4fb8f5f13592f7a2c07777978da758daf896817b"}, "author": "", "url": "http://www.anibis.ch/fr/v%c3%aatements-~-accessoires--34/lunette-de-soleil-xray-bs27--16769815.aspx", "ord_in_thread": 0, "title": "Lunette de soleil : Xray BS27", "locations": [], "entities": {"persons": [], "locations": [], "organizations": []}, "highlightText": "", "language": "french", "persons": [], "text": " ", "external_links": [], "published": "2016-10-02T17:18:00.000+03:00", "crawled": "2016-10-02T12:28:59.439+03:00", "highlightTitle": ""}