{"organizations": [], "uuid": "a83bac6066d2a366590154c6fd6bf0eb5671a3cb", "thread": {"social": {"gplus": {"shares": 0}, "pinterest": {"shares": 0}, "vk": {"shares": 0}, "linkedin": {"shares": 0}, "facebook": {"likes": 0, "shares": 0, "comments": 0}, "stumbledupon": {"shares": 0}}, "site_full": "www.anibis.ch", "main_image": "https://can01.anibis.ch/iPhone-6-Coque-brillante-couleur-or/?1024x728/3/90/anibis/640/416/016/W1l2j0lxQ02Pnpy0aBwpNg_1.jpg", "site_section": "http://anibis.ch//fr/t%c3%a9l%c3%a9phonie--31/rssexport.aspx", "section_title": "Petites annonces Téléphonie", "url": "http://www.anibis.ch/fr/t%c3%a9l%c3%a9phonie--31/coque-brillante-couleur-or--16416640.aspx", "country": "CH", "domain_rank": 8918, "title": "Coque brillante couleur or", "performance_score": 0, "site": "anibis.ch", "participants_count": 0, "title_full": "Coque brillante couleur or", "spam_score": 0.0, "site_type": "news", "published": "2016-10-04T03:31:00.000+03:00", "replies_count": 0, "uuid": "a83bac6066d2a366590154c6fd6bf0eb5671a3cb"}, "author": "", "url": "http://www.anibis.ch/fr/t%c3%a9l%c3%a9phonie--31/coque-brillante-couleur-or--16416640.aspx", "ord_in_thread": 0, "title": "Coque brillante couleur or", "locations": [], "entities": {"persons": [], "locations": [], "organizations": []}, "highlightText": "", "language": "french", "persons": [], "text": "Pouvez-vous nous indiquer l'article de loi? Illégal Merci d'indiquer le chapitre de notre CG? Interdit sur anibis.ch Pouvez-vous nous donner une preuve de ces insultes (copie d'email) Insulte Merci de nous donner le site original Contrefaçon Pouvez-vous nous donner l'URL du texte ou l'image original? Copyright Veuillez préciser la raison de votre signalement : Autre raison Envoyer \nLes annonces suivantes pourront peut-être aussi vous intéresser", "external_links": [], "published": "2016-10-04T03:31:00.000+03:00", "crawled": "2016-10-03T22:41:20.129+03:00", "highlightTitle": ""}