{"organizations": [], "uuid": "42dee458d2b8810e77f16294faa481984131f90f", "thread": {"social": {"gplus": {"shares": 0}, "pinterest": {"shares": 0}, "vk": {"shares": 0}, "linkedin": {"shares": 0}, "facebook": {"likes": 0, "shares": 0, "comments": 0}, "stumbledupon": {"shares": 0}}, "site_full": "portail.free.fr", "main_image": "http://portail.free.fr/data/l-aktu-free/bons-plans/2016-09-30/561-honor5x.jpg", "site_section": "", "section_title": "", "url": "http://portail.free.fr/l-aktu-free/bons-plans/6587392_20160930_le-honor-5x-a-199-euros-sur-la-boutique-en-ligne-free.html", "country": "FR", "domain_rank": 482, "title": "Le Honor 5X à 199 euros sur la boutique en ligne Free - Free Aktu", "performance_score": 0, "site": "free.fr", "participants_count": 0, "title_full": "Le Honor 5X à 199 euros sur la boutique en ligne Free - Free Aktu", "spam_score": 0.001, "site_type": "news", "published": "2016-09-30T08:00:00.000+03:00", "replies_count": 0, "uuid": "42dee458d2b8810e77f16294faa481984131f90f"}, "author": "", "url": "http://portail.free.fr/l-aktu-free/bons-plans/6587392_20160930_le-honor-5x-a-199-euros-sur-la-boutique-en-ligne-free.html", "ord_in_thread": 0, "title": "Le Honor 5X à 199 euros sur la boutique en ligne Free - Free Aktu", "locations": [], "entities": {"persons": [], "locations": [], "organizations": []}, "highlightText": "", "language": "french", "persons": [], "text": "Le Honor 5X à 199 euros sur la boutique en ligne Free Aktu - A A Cette semaine, plusieurs smartphones revoient leurs prix à la baisse sur la boutique en ligne Free. Le Honor 5X (16Go) est désormais proposéà 199€ au lieu de 229€ sur la boutique en ligne Free, dans ses coloris Or ou Argent. Le smartphone est également disponible en plusieurs fois sans frais, soit : En 4 fois sans frais : 52€à la commande puis 49€/mois pendant 3 mois En 24 fois sans frais : 31€à la commande puis 7€/mois pendant 24 mois Le Honor 5C à 189€ Le Honor 5C (16Go) passe quant à lui de 199€à 189€. Il est disponible en Or ou Argent. Il est là aussi possible de régler en plusieurs fois sans frais : En 4 fois sans frais : 48€à la commande puis 47€/mois pendant 3 mois En 24 fois sans frais : 21€à la commande puis 7€/mois pendant 24 mois L’Alcatel Idol 4 à 249€ De son côté, l’ Alcatel Idol 4 (16Go) est désormais proposé sans casque VR à 249€ (289€ avant). Le smartphone est proposé dans ses coloris Or ou Gris. Jamais deux sans trois, le paiement en plusieurs fois frais est toujours de mise : En 4 fois sans frais : 63€à la commande puis 62€/mois pendant 3 mois En 24 fois sans frais : 57€à la commande puis 8€/mois pendant 24 mois Retrouvez dès maintenant les Honor 5X, Honor 5C et Idol 4 sur la boutique en ligne Free . ", "external_links": [], "published": "2016-09-30T08:00:00.000+03:00", "crawled": "2016-10-03T22:45:10.653+03:00", "highlightTitle": ""}