{"organizations": [], "uuid": "cf79b8dbe92be457e222728558bf77569f969ce1", "thread": {"social": {"gplus": {"shares": 0}, "pinterest": {"shares": 0}, "vk": {"shares": 0}, "linkedin": {"shares": 0}, "facebook": {"likes": 0, "shares": 0, "comments": 0}, "stumbledupon": {"shares": 0}}, "site_full": "www.anibis.ch", "main_image": "https://can01.anibis.ch/Divers-Panneau-de-caisse-Suchard/?1024x728/3/90/anibis/898/763/016/A5ng6jJOoUOuuLuUf4J8vA_1.jpg", "site_section": "http://anibis.ch//fr/divers--12/rssexport.aspx", "section_title": "Petites annonces Divers", "url": "http://www.anibis.ch/fr/divers--12/panneau-de-caisse-suchard--16763898.aspx", "country": "CH", "domain_rank": 8918, "title": "Panneau de caisse \"Suchard\"", "performance_score": 0, "site": "anibis.ch", "participants_count": 0, "title_full": "Panneau de caisse \"Suchard\"", "spam_score": 0.0, "site_type": "news", "published": "2016-10-02T03:58:00.000+03:00", "replies_count": 0, "uuid": "cf79b8dbe92be457e222728558bf77569f969ce1"}, "author": "", "url": "http://www.anibis.ch/fr/divers--12/panneau-de-caisse-suchard--16763898.aspx", "ord_in_thread": 0, "title": "Panneau de caisse \"Suchard\"", "locations": [], "entities": {"persons": [], "locations": [], "organizations": []}, "highlightText": "", "language": "french", "persons": [], "text": " ", "external_links": [], "published": "2016-10-02T03:58:00.000+03:00", "crawled": "2016-10-02T02:33:12.768+03:00", "highlightTitle": ""}