{"organizations": [], "uuid": "904054c638d9616ca05d286a0e882ebc0ea91c7c", "thread": {"social": {"gplus": {"shares": 0}, "pinterest": {"shares": 0}, "vk": {"shares": 0}, "linkedin": {"shares": 0}, "facebook": {"likes": 0, "shares": 0, "comments": 0}, "stumbledupon": {"shares": 0}}, "site_full": "www.dhnet.be", "main_image": "http://r0.ldh.be/img/logoMain-474.png", "site_section": "http://www.dhnet.be/rss/infos.xml", "section_title": "DH.be - Dernières dépèches", "url": "http://www.dhnet.be/dernieres-depeches/belga/ing-une-task-force-doit-aider-les-syndicats-a-trouver-des-alternatives-57f28c48cd70871fc424e53c", "country": "BE", "domain_rank": 5754, "title": "ING: une task force doit aider les syndicats à trouver des alternatives", "performance_score": 0, "site": "dhnet.be", "participants_count": 0, "title_full": "ING: une task force doit aider les syndicats à trouver des alternatives", "spam_score": 0.0, "site_type": "news", "published": "2016-10-03T23:49:00.000+03:00", "replies_count": 0, "uuid": "904054c638d9616ca05d286a0e882ebc0ea91c7c"}, "author": "", "url": "http://www.dhnet.be/dernieres-depeches/belga/ing-une-task-force-doit-aider-les-syndicats-a-trouver-des-alternatives-57f28c48cd70871fc424e53c", "ord_in_thread": 0, "title": "ING: une task force doit aider les syndicats à trouver des alternatives", "locations": [], "entities": {"persons": [], "locations": [], "organizations": []}, "highlightText": "", "language": "french", "persons": [], "text": "  ING: une task force doit aider les syndicats à trouver des alternatives \n  18h49 BRUXELLES (Belgique) \"Nous avons la volonté de travailler ensemble. Nous pensons que des alternatives doivent être trouvées. Une task force permettra d'épauler les syndicats et de leur fournir une expertise pour formuler des alternatives afin de limiter les licenciements secs\", a déclaré lundi le Premier ministre, Charles Michel, à l'issue d'une réunion avec les syndicats d'ING. Le Premier ministre, qui a eu un contact avec la direction d'ING lundi matin, a rappelé qu'il demandait \"que ING prenne ses responsabilités\" et que tout soit fait pour \"limiter les licenciements\". \"Lorsque des banques ont été aidées par des Etats, elles doivent prendre leur responsabilité sur le plan social\", a-t-il souligné. \"Les travailleurs du secteur bancaire sont des gens et pas des numéros\". Les différents gouvernements (fédéral et régionaux) se sont accordés lundi pour tenter de réduire aussi fort que possible le nombre de licenciements secs. \"Nous devons tout faire pour réduire les dommages sociaux\", a encore dit Charles Michel. \"La task force doit permettre de contester les calculs de la direction d'ING et montrer qu'on peut sauver des emplois\", a indiqué le ministre-président wallon Paul Magnette, à l'issue de la réunion. Enfin, le ministre des Finances, Johan Van Overtveldt, a eu un entretien, lundi, avec le CEO d'ING et a aussi participéà la réunion avec les syndicats et représentants des différents gouvernements. \"C'est un jour noir pour les travailleurs d'ING. Il faut faire tout ce que nous pouvons pour les soutenir\", a-t-il déclaré. Le Premier ministre Charles Michel avait convié, lundi à 16h00, les délégués syndicaux d'ING de même que le ministre de l'Emploi et les ministres-présidents régionaux pour discuter du plan de réorganisation de la banque ING qui prévoit la perte de 3.150 emplois en Belgique dont environ 1.700 licenciements secs. (Belga) © 2016 Belga.   Belga.   Belga.", "external_links": [], "published": "2016-10-03T23:49:00.000+03:00", "crawled": "2016-10-03T20:02:29.181+03:00", "highlightTitle": ""}