{"organizations": [], "uuid": "a205beabc9e6e72b82a7ed10cd3ab69553b97e84", "thread": {"social": {"gplus": {"shares": 0}, "pinterest": {"shares": 0}, "vk": {"shares": 0}, "linkedin": {"shares": 0}, "facebook": {"likes": 0, "shares": 0, "comments": 0}, "stumbledupon": {"shares": 0}}, "site_full": "fr.news.yahoo.com", "main_image": "https://s.yimg.com/uu/api/res/1.2/BHzoNhtC1T32S3F7ic8Sig--/aD0zOTM7dz02OTk7c209MTthcHBpZD15dGFjaHlvbg--/http://media.zenfs.com/fr_FR/News/Francetvinfo.fr/10862763.jpg", "site_section": "https://fr.news.yahoo.com/monde/?format=rss", "section_title": "News Monde | Actualités & informations - Yahoo Actualités FR", "url": "https://fr.news.yahoo.com/bombardements-h%C3%B4pitaux-%C3%A0-alep-constituent-crimes-guerre-selon-130655039.html", "country": "US", "domain_rank": 5, "title": "Les bombardements des hôpitaux à Alep constituent des \"crimes de guerre\" selon Jean-Marc Ayrault", "performance_score": 0, "site": "yahoo.com", "participants_count": 0, "title_full": "Les bombardements des hôpitaux à Alep constituent des \"crimes de guerre\" selon Jean-Marc Ayrault", "spam_score": 0.0, "site_type": "news", "published": "2016-10-01T03:00:00.000+03:00", "replies_count": 0, "uuid": "a205beabc9e6e72b82a7ed10cd3ab69553b97e84"}, "author": "", "url": "https://fr.news.yahoo.com/bombardements-h%C3%B4pitaux-%C3%A0-alep-constituent-crimes-guerre-selon-130655039.html", "ord_in_thread": 0, "title": "Les bombardements des hôpitaux à Alep constituent des \"crimes de guerre\" selon Jean-Marc Ayrault", "locations": [], "entities": {"persons": [], "locations": [], "organizations": []}, "highlightText": "", "language": "french", "persons": [], "text": "Dans un communiqué, Jean-Marc Ayrault, le ministre des Affaires étrangères \"condamne avec la plus grande fermeté le bombardement\" ce matin de l'un des principaux hopitaux d'Alep en Syrie. \n@jeanmarcayrault condamne avec la plus grande fermeté le bombardement ce matin de l’hôpital M10, à #Alep , #Syrie https://t.co/E3C6x5PuIv \n— France Diplomatie (@francediplo) 1 octobre 2016 \n\nPour Jean-Marc Ayrault, \"le ciblage systématique des structures et des personnels de santé est particulièrement inqualifiable. Comme l'a rappelé le secrétaire général des Nations unies, ces attaques sont constitutives de crimes de guerre. Leurs auteurs devront rendre des comptes\". \nDeux hôpitaux d'Alep ont déjà été bombardés mercredi .\nLe ministre des Affaires étrangères réaffirme \"l'urgence absolue d'une cessation des hostilités à Alep et d’un accès des populations civiles à l’aide humanitaire dont elles ont cruellement besoin\". \n\nRetrouvez cet article sur Francetv info \n\nSyrie : la Russie décidée à aller jusqu'au bout à Alep \nAu Salon de l'automobile, Ségolène Royal annonce un coup de pouce pour les deux-roues électriques \nSyrie : un hôpital à nouveau frappé à Alep \nVIDEO. Colombie : trois minutes pour comprendre les enjeux de l'accord de paix avec les Farc \nTerrorisme : des adolescents interpellés dans le Val-d'Oise", "external_links": [], "published": "2016-10-01T03:00:00.000+03:00", "crawled": "2016-10-01T16:17:21.246+03:00", "highlightTitle": ""}