{"organizations": [], "uuid": "a0270974b27794f89c3758d80218c7b065685caa", "thread": {"social": {"gplus": {"shares": 0}, "pinterest": {"shares": 0}, "vk": {"shares": 0}, "linkedin": {"shares": 0}, "facebook": {"likes": 0, "shares": 0, "comments": 0}, "stumbledupon": {"shares": 0}}, "site_full": "m6info.yahoo.com", "main_image": "https://s.yimg.com/uu/api/res/1.2/hLrf4PbHMXhDaDbWLmysGQ--/aD0zNjA7dz02NDA7c209MTthcHBpZD15dGFjaHlvbg--/http://media.zenfs.com/fr-FR/video/video.m6info.fr/7fbcaeaae38c00559ab9df299137924d", "site_section": "", "section_title": "", "url": "https://m6info.yahoo.com/colombie-victoire-du-non-sur-111900688.html", "country": "US", "domain_rank": 5, "title": "Colombie : victoire du non sur l'accord de paix avec les Farc Video", "performance_score": 0, "site": "yahoo.com", "participants_count": 0, "title_full": "Colombie : victoire du non sur l'accord de paix avec les Farc Video", "spam_score": 0.226, "site_type": "news", "published": "2016-10-03T19:19:00.000+03:00", "replies_count": 0, "uuid": "a0270974b27794f89c3758d80218c7b065685caa"}, "author": "", "url": "https://m6info.yahoo.com/colombie-victoire-du-non-sur-111900688.html", "ord_in_thread": 0, "title": "Colombie : victoire du non sur l'accord de paix avec les Farc Video", "locations": [], "entities": {"persons": [], "locations": [], "organizations": []}, "highlightText": "", "language": "french", "persons": [], "text": "Jérémy Ferrari : \"Cyril Hanouna ne se comporte pas bien\" PureMedias L'artisan parisien tabassé par un garde du corps de la princesse Hassa, le dernier d'une longue liste de \"victimes\" de la famille royale saoudienne Atlantico.fr La rubrique M6info est éditée par M6 Web S.A.S au capital de 740.232 euros - RCS : 414 549 469 RCS NANTERRE - Siège social : 89 Avenue Charles de Gaulle 92575 Neuilly Sur Seine Cedex - Téléphonei: 01 41 92 66 66 - Directeur de Publication : M. Valery GERFAUD ", "external_links": [], "published": "2016-10-03T19:19:00.000+03:00", "crawled": "2016-10-03T15:12:43.088+03:00", "highlightTitle": ""}