{"organizations": [], "uuid": "87f47746503e0168478975c87881f107b921376a", "thread": {"social": {"gplus": {"shares": 0}, "pinterest": {"shares": 0}, "vk": {"shares": 0}, "linkedin": {"shares": 0}, "facebook": {"likes": 0, "shares": 0, "comments": 0}, "stumbledupon": {"shares": 0}}, "site_full": "www.dhnet.be", "main_image": "http://r0.ldh.be/img/logoMain-474.png", "site_section": "http://www.dhnet.be/rss/infos.xml", "section_title": "DH.be - Dernières dépèches", "url": "http://www.dhnet.be/dernieres-depeches/afp/la-croissance-du-marche-automobile-francais-ralentit-a-2-5-en-septembre-57ef6855cd70871fc423b6c5", "country": "BE", "domain_rank": 5754, "title": "La croissance du marché automobile français ralentit à 2,5% en septembre", "performance_score": 0, "site": "dhnet.be", "participants_count": 0, "title_full": "La croissance du marché automobile français ralentit à 2,5% en septembre", "spam_score": 0.0, "site_type": "news", "published": "2016-10-01T14:39:00.000+03:00", "replies_count": 0, "uuid": "87f47746503e0168478975c87881f107b921376a"}, "author": "", "url": "http://www.dhnet.be/dernieres-depeches/afp/la-croissance-du-marche-automobile-francais-ralentit-a-2-5-en-septembre-57ef6855cd70871fc423b6c5", "ord_in_thread": 0, "title": "La croissance du marché automobile français ralentit à 2,5% en septembre", "locations": [], "entities": {"persons": [], "locations": [], "organizations": []}, "highlightText": "", "language": "french", "persons": [], "text": "  La croissance du marché automobile français ralentit à 2,5% en septembre \n  09h39 Paris (AFP) \nLe rythme de croissance du marché automobile français s'est ralenti en septembre, à 2,5%, a annoncé samedi le Comité des constructeurs français d'automobiles (CCFA). \nLa progression des immatriculations de voitures particulières neuves depuis le début de l'année est quant à elle de 5,7%, encore supérieure aux prévisions du CCFA pour 2016, selon des chiffres diffusés peu avant l'ouverture du Mondial de l'automobile au grand public. \nDans un marché qui a absorbé 168.827 unités le mois dernier, les deux entreprises automobiles française ont connu des destins très contrastés. \nLe groupe Renault a vu ses immatriculations progresser de 8,2%, surtout grâce à la grande forme de sa marque Dacia (+13,5%) même si les voitures arborant le losange ont séduit 7,1% d'acheteurs en plus que lors du même mois de 2015. \nIl dépasse ainsi en volumes le groupe concurrent PSA, dont les immatriculations se sont repliées de 6,8%, grevé par la contre-performance de Citroën (-13,5%) et DS (-12,2%). La marque Peugeot se comporte un peu mieux (-2,4%). \nSur les neuf premiers mois de l'année, qui vont vu 1,5 million d'automobiles neuves mises sur les routes de France, PSA garde la tête, en quantités vendues, devant Renault, mais ce dernier s'offre une croissance de ses immatriculations de 9,6% tandis que son concurrent se contente de +1,4%. © 2016 AFP.   l'AFP.   l'AFP.", "external_links": [], "published": "2016-10-01T14:39:00.000+03:00", "crawled": "2016-10-01T10:56:43.360+03:00", "highlightTitle": ""}