{"organizations": [], "uuid": "966f266effcdbcefaf7bb7f81371b6f47f6ae601", "thread": {"social": {"gplus": {"shares": 0}, "pinterest": {"shares": 0}, "vk": {"shares": 0}, "linkedin": {"shares": 0}, "facebook": {"likes": 0, "shares": 0, "comments": 0}, "stumbledupon": {"shares": 0}}, "site_full": "www.dhnet.be", "main_image": "http://r0.ldh.be/img/logoMain-474.png", "site_section": "http://dhnet.be/rss/infos.xml", "section_title": "DH.be - Dernières dépèches", "url": "http://www.dhnet.be/dernieres-depeches/afp/l-ouragan-matthew-menace-la-jamaique-haiti-et-cuba-57ef7abbcd70e9985fe82f8f", "country": "BE", "domain_rank": 5754, "title": "L'ouragan Matthew menace la Jamaïque, Haïti et Cuba", "performance_score": 0, "site": "dhnet.be", "participants_count": 0, "title_full": "L'ouragan Matthew menace la Jamaïque, Haïti et Cuba", "spam_score": 0.0, "site_type": "news", "published": "2016-10-01T15:57:00.000+03:00", "replies_count": 0, "uuid": "966f266effcdbcefaf7bb7f81371b6f47f6ae601"}, "author": "", "url": "http://www.dhnet.be/dernieres-depeches/afp/l-ouragan-matthew-menace-la-jamaique-haiti-et-cuba-57ef7abbcd70e9985fe82f8f", "ord_in_thread": 0, "title": "L'ouragan Matthew menace la Jamaïque, Haïti et Cuba", "locations": [], "entities": {"persons": [], "locations": [], "organizations": []}, "highlightText": "", "language": "french", "persons": [], "text": "  L'ouragan Matthew menace la Jamaïque, Haïti et Cuba \n  10h57 Miami (AFP) \nL'ouragan Matthew, en mouvement dans les Caraïbes et d'une puissance inégalée depuis 2007, menace de toucher dans la nuit de samedi à dimanche la Jamaïque puis Haïti et Cuba, selon le centre américain de surveillance des ouragans (NHC). \nVendredi soir, le NHC, baséà Miami, a indiqué que l'ouragan s'était encore renforcé pour passer en catégorie 5, soit le dernier échelon de l'échelle Saffir-Simpson qui va de 1 à 5. Il était jeudi en catégorie 1. \nAvec des vents soufflant en moyenne à 260 km/h, c'est l'ouragan le plus puissant enregistré dans l'Atlantique depuis l'ouragan Felix en septembre 2007 qui avait fait quelque 150 morts et laissé des milliers de sinistrés. \nDans son dernier bulletin de 06H00 GMT, le NHC localise l'oeil de Matthew à 692 km au sud-est de Kingston, en Jamaïque. L'ouragan se déplace à une vitesse d'environ 11km/heure. \nAprès la Jamaïque et Haïti, le centre américain s'attend à ce que l'ouragan touche la côte sud de Cuba lundi soir ou mardi matin. \nEn Jamaïque, une surveillance ouragan a été déclenchée, tandis qu'une alerte de tempête tropicale est en cours pour Haïti et le sud de la République dominicaine. \nCes pays s'attendent à des pluies torrentielles et des inondations et le NHC a mis en garde contre des glissements de terrain. \nEn Haïti, les autorités ont mis en alerte les habitants d'îlots au sud du pays, leur disant qu'ils étaient en première ligne et les appelant à se préparer en toute urgence. \"On leur a demandé de sécuriser les abords des maisons et de stocker de l'eau et de la nourriture\", a expliquéà l'AFP Edgar Celestin, un porte-parole des services de secours haïtiens. \nEn Jamaïque, le Premier ministre Andrew Holness a enjoint les autorités \"d'accélérer\" les préparatifs et les aides qu'il faudra apporter à la population après le passage de l'ouragan, selon le journal The Star. Ce qui inclut le placement dans des abris de quelque 2.000 personnes sans logement, a précisé au quotidien un responsable local, Desmond McKenzie. \nLa saison des ouragans dans l'Atlantique s'étend chaque année en principe du 1er juin au 30 novembre mais le premier ouragan de 2016, baptisé Alex, s'était formé en janvier. © 2016 AFP.   l'AFP.   l'AFP.", "external_links": [], "published": "2016-10-01T15:57:00.000+03:00", "crawled": "2016-10-01T12:24:24.172+03:00", "highlightTitle": ""}