{"organizations": [], "uuid": "0ba74976cc3ef4f5448a82552d1cbbe262749965", "thread": {"social": {"gplus": {"shares": 0}, "pinterest": {"shares": 0}, "vk": {"shares": 0}, "linkedin": {"shares": 0}, "facebook": {"likes": 0, "shares": 0, "comments": 0}, "stumbledupon": {"shares": 0}}, "site_full": "www.anibis.ch", "main_image": "http://www.anibis.ch/img/anibis-logo-share.png", "site_section": "http://anibis.ch//fr/rencontres--28/rssexport.aspx", "section_title": "Petites annonces Rencontres", "url": "http://www.anibis.ch/fr/rencontres--28/pour-jeune-femme-tendre-et-luxurieuse--16752276.aspx", "country": "CH", "domain_rank": 8918, "title": "Pour jeune femme tendre et luxurieuse", "performance_score": 0, "site": "anibis.ch", "participants_count": 0, "title_full": "Pour jeune femme tendre et luxurieuse", "spam_score": 0.0, "site_type": "news", "published": "2016-10-01T07:43:00.000+03:00", "replies_count": 0, "uuid": "0ba74976cc3ef4f5448a82552d1cbbe262749965"}, "author": "", "url": "http://www.anibis.ch/fr/rencontres--28/pour-jeune-femme-tendre-et-luxurieuse--16752276.aspx", "ord_in_thread": 0, "title": "Pour jeune femme tendre et luxurieuse", "locations": [], "entities": {"persons": [], "locations": [], "organizations": []}, "highlightText": "", "language": "french", "persons": [], "text": "Pour jeune femme tendre et luxurieuse Type d'insertion: Non, la fumée ne me dérange pas Consommation d'alcool Oui, en société Description: \nJ'aimerais rencontrer une jeune femme tendre et un peu vicieuse pour une belle relation suivie, de douceur, de tendresse et de luxure. \nJe vous immagine amicale, tendre, et très libre dans votre capacité à exprimer vos désirs les plus interdits et à satisfaire les miens. \nJ'adore me donner totalements aux envies de ma chérie, sans limite, et je m'attends également à un don total de votre part. \nEt si vous appréciez l'amitié, c'est top ! \nA très vite! Payer simplement et en toute sécurité? Envoyer et recevoir de l'argent avec", "external_links": [], "published": "2016-10-01T07:43:00.000+03:00", "crawled": "2016-10-01T03:28:48.865+03:00", "highlightTitle": ""}