{"organizations": [], "uuid": "b507a3f61b3fe594dc50c108e832b579d4ac61ce", "thread": {"social": {"gplus": {"shares": 2}, "pinterest": {"shares": 0}, "vk": {"shares": 0}, "linkedin": {"shares": 0}, "facebook": {"likes": 3, "shares": 3, "comments": 0}, "stumbledupon": {"shares": 0}}, "site_full": "www.france24.com", "main_image": "http://scd.france24.com/fr/files_fr/imagecache/home_1024/edition/imgetmaintenant_0.jpg", "site_section": "", "section_title": "", "url": "http://www.france24.com/fr/ici-leurope/20160930-union-europeenne-brexit-technocratie-europe-defense", "country": "FR", "domain_rank": 5515, "title": "UE : et maintenant, à 27, on fait quoi ? - France 24", "performance_score": 0, "site": "france24.com", "participants_count": 0, "title_full": "UE : et maintenant, à 27, on fait quoi ? - France 24", "spam_score": 0.209, "site_type": "news", "published": "2016-10-03T17:43:00.000+03:00", "replies_count": 0, "uuid": "b507a3f61b3fe594dc50c108e832b579d4ac61ce"}, "author": "Par Caroline De Camaret", "url": "http://www.france24.com/fr/ici-leurope/20160930-union-europeenne-brexit-technocratie-europe-defense", "ord_in_thread": 0, "title": "UE : et maintenant, à 27, on fait quoi ? - France 24", "locations": [], "entities": {"persons": [], "locations": [], "organizations": []}, "highlightText": "", "language": "french", "persons": [], "text": "\nVotre compte a été désactivé C'est presque fini ! Merci de confirmer les informations ci-dessous avant de vous connecter {* #socialRegistrationForm *} {* firstName *} {* lastName *} {* emailAddress *} {* displayName *} {* phone *} {* addressCity *} {* addressCountry *} En cliquant sur \"Créer un compte\", vous confirmez que vous acceptez nos conditions générales et que vous avez lu et approuvé la politique de protection de données personnelles . {* backButton *} C'est presque fini ! \nMerci de confirmer les informations ci-dessous avant de vous connecter Se connecter {* #registrationForm *} {* firstName *} {* lastName *} {* emailAddress *} {* displayName *} {* phone *} {* addressCity *} {* addressCountry *} {* newPassword *} {* newPasswordConfirm *} En cliquant sur \"Créer un compte\", vous confirmez que vous acceptez nos conditions générales et que vous avez lu et approuvé la politique de protection de données personnelles . {* backButton *} {* /registrationForm *} Merci de votre inscription \nNous vous avons envoyé un email de confirmation à l'adresse suivante {* emailAddressData *}. Merci de consulter votre boîte de réception et de cliquer sur le lien pour activer votre compte.. Créer un nouveau mot de passe Nous vous enverrons un lien pour créer un nouveau mot de passe {* #forgotPasswordForm *} {* signInEmailAddress *}{* /forgotPasswordForm *} Créer un nouveau mot de passe \nNous vous avons envoyé un email avec les instructions pour créer un nouveau mot de passe. Votre mot de passe actuel n'a pas été changé ", "external_links": [], "published": "2016-10-03T17:43:00.000+03:00", "crawled": "2016-10-03T12:44:29.443+03:00", "highlightTitle": ""}