{"organizations": [], "uuid": "e234a961384a4d1105ca68f65f9a20cdc1f62b6a", "thread": {"social": {"gplus": {"shares": 0}, "pinterest": {"shares": 0}, "vk": {"shares": 0}, "linkedin": {"shares": 0}, "facebook": {"likes": 1, "shares": 1, "comments": 0}, "stumbledupon": {"shares": 0}}, "site_full": "video.eurosport.fr", "main_image": "http://i.eurosport.com/2016/10/02/1942585-40847191-1600-900.jpg", "site_section": "http://www.eurosport.fr/rss.xml", "section_title": "Eurosport - Top des infos", "url": "http://video.eurosport.fr/football/video-premier-league-buteur-et-travailleur-diego-costa-a-comble-conte_vid924541/video.shtml", "country": "FR", "domain_rank": 3169, "title": "Conte est comblé par Diego Costa, et pas seulement par ses qualités de buteur", "performance_score": 0, "site": "eurosport.fr", "participants_count": 0, "title_full": "Conte est comblé par Diego Costa, et pas seulement par ses qualités de buteur", "spam_score": 0.0, "site_type": "news", "published": "2016-10-02T17:28:00.000+03:00", "replies_count": 0, "uuid": "e234a961384a4d1105ca68f65f9a20cdc1f62b6a"}, "author": "", "url": "http://video.eurosport.fr/football/video-premier-league-buteur-et-travailleur-diego-costa-a-comble-conte_vid924541/video.shtml", "ord_in_thread": 0, "title": "Conte est comblé par Diego Costa, et pas seulement par ses qualités de buteur", "locations": [], "entities": {"persons": [], "locations": [], "organizations": []}, "highlightText": "", "language": "french", "persons": [], "text": "VIDEO - PREMIER LEAGUE : Buteur et travailleur, Diego Costa a comblé Conte Mis à jour Il y a 2 heures Publié le 02/10/2016 à 11:27 PREMIER LEAGUE - Antonio Conte n'a pas caché sa satisfaction après la performance de Diego Costa face à Hull City (0-2). L'entraîneur de Chelsea n'apprécie pas que les qualités de buteur de son attaquant. Eurosport disponible uniquement sur CANALSAT", "external_links": [], "published": "2016-10-02T17:28:00.000+03:00", "crawled": "2016-10-02T14:48:13.614+03:00", "highlightTitle": ""}