{"organizations": [], "uuid": "03cbd602e6c7f4e5ff71a3c204ed374836bf226d", "thread": {"social": {"gplus": {"shares": 0}, "pinterest": {"shares": 0}, "vk": {"shares": 0}, "linkedin": {"shares": 0}, "facebook": {"likes": 98, "shares": 98, "comments": 0}, "stumbledupon": {"shares": 0}}, "site_full": "la1ere.francetvinfo.fr", "main_image": "http://la1ere.francetvinfo.fr/polynesie/sites/regions_outremer/files/styles/top_big/public/assets/images/2016/09/30/nacres20malades1.jpg?itok=wrYEDBBW", "site_section": "http://polynesie.la1ere.fr/actu/rss", "section_title": "polynésie", "url": "http://la1ere.francetvinfo.fr/polynesie/tahiti/polynesie-francaise/nacres-malades-de-takume-la-justice-saisie-402277.html", "country": "FR", "domain_rank": 3566, "title": "Nacres malades de Takume : la justice saisie", "performance_score": 0, "site": "francetvinfo.fr", "participants_count": 1, "title_full": "Nacres malades de Takume : la justice saisie", "spam_score": 0.0, "site_type": "news", "published": "2016-10-01T04:13:00.000+03:00", "replies_count": 0, "uuid": "03cbd602e6c7f4e5ff71a3c204ed374836bf226d"}, "author": "Laurence Pourtau", "url": "http://la1ere.francetvinfo.fr/polynesie/tahiti/polynesie-francaise/nacres-malades-de-takume-la-justice-saisie-402277.html", "ord_in_thread": 0, "title": "Nacres malades de Takume : la justice saisie", "locations": [], "entities": {"persons": [], "locations": [], "organizations": []}, "highlightText": "", "language": "french", "persons": [], "text": "Imprimer Les échantillons de nacres sont arrivés ce vendredi en provenance de Takume . Depuis plusieurs jours,selon nos confrères de Tahiti Infos, les perliculteurs de cet atoll dénoncent l'importation clandestine dans leur lagon de 2000 nacres transférées d'une ferme de Raraoia . Une pétition avait été signée par la population de Takume, inquiète de cette importation sauvage, qui risque de contaminer toute la filière perlicole du site. Le transfert de ces nacres n'aurait reçu aucune autorisation légale . C'est en tout cas ce que dénoncent les producteurs de Takume, qui ont alerté les médias mais surtout le Ministère de la mer et la Direction des Ressources marines et minières. Une enquête administrative a donc été ouverte. Les échantillons qui viennent d'arriver à Tahiti vont maintenant faire l'objet d'une étude scientifique menées par l'Ifreme r et le Procureur de la République devrait être saisi. Les habitants de Takume dénoncent ce qu'ils appellent un \"scandale sanitaire\". L'un d'entre eux, Teiva Manutahi, était ce matin à l'arrivée des échantillons. Il est interrogé par Inatio Raveino et Hubert Liao Nacres malades de Takume : la justice saisie", "external_links": [], "published": "2016-10-01T04:13:00.000+03:00", "crawled": "2016-10-01T00:47:12.767+03:00", "highlightTitle": ""}