{"organizations": [], "uuid": "47a1880b501c9827453c9b0ccec0b64668990dc7", "thread": {"social": {"gplus": {"shares": 0}, "pinterest": {"shares": 0}, "vk": {"shares": 0}, "linkedin": {"shares": 0}, "facebook": {"likes": 49, "shares": 49, "comments": 0}, "stumbledupon": {"shares": 0}}, "site_full": "www.europe1.fr", "main_image": "http://cdn-europe1.new2.ladmedia.fr/var/europe1/storage/images/europe1/emissions/tout-roule/linda-jackson-il-ny-aura-pas-de-retour-de-la-2cv-2861773/29154640-1-fre-FR/Linda-Jackson-Il-n-y-aura-pas-de-retour-de-la-2CV.jpg", "site_section": "http://www.europe1.fr/var/export/rss/europe1/actus.xml", "section_title": "Europe 1: Actus", "url": "http://www.europe1.fr/emissions/tout-roule/linda-jackson-il-ny-aura-pas-de-retour-de-la-2cv-2861773", "country": "FR", "domain_rank": 9784, "title": "Linda Jackson \"Il n'y aura pas de retour de la 2CV\"", "performance_score": 0, "site": "europe1.fr", "participants_count": 1, "title_full": "Linda Jackson \"Il n'y aura pas de retour de la 2CV\"", "spam_score": 0.0, "site_type": "news", "published": "2016-10-02T01:08:00.000+03:00", "replies_count": 0, "uuid": "47a1880b501c9827453c9b0ccec0b64668990dc7"}, "author": "Europe 1", "url": "http://www.europe1.fr/emissions/tout-roule/linda-jackson-il-ny-aura-pas-de-retour-de-la-2cv-2861773", "ord_in_thread": 0, "title": "Linda Jackson \"Il n'y aura pas de retour de la 2CV\"", "locations": [], "entities": {"persons": [], "locations": [], "organizations": []}, "highlightText": "", "language": "french", "persons": [], "text": "× S'abonner au podcast \nVous pouvez vous abonner au téléchargement périodique d'un fichier audio. Vous pouvez conserver l'émission ainsi téléchargée sur votre ordinateur, l'emporter sur votre baladeur numérique ou la graver sur un CD. - Si vous choisissez iTunes, cliquez simplement sur le lien suivant : le logiciel prend en charge toutes les opérations d'abonnement. Tout roule - Si vous optez pour un autre logiciel, copiez et collez-y le lien suivant, puis suivez ses indications pour procéder à l'abonnement. http://cdn3-europe1.new2.ladmedia.fr/var/exports/podcasts/sound/tout-roule.xml", "external_links": [], "published": "2016-10-02T01:08:00.000+03:00", "crawled": "2016-10-02T00:59:33.942+03:00", "highlightTitle": ""}