{"organizations": [], "uuid": "61e447d9bb489acacbfc71a259257d844619f44f", "thread": {"social": {"gplus": {"shares": 0}, "pinterest": {"shares": 0}, "vk": {"shares": 0}, "linkedin": {"shares": 0}, "facebook": {"likes": 0, "shares": 0, "comments": 0}, "stumbledupon": {"shares": 0}}, "site_full": "fr.news.yahoo.com", "main_image": "https://s1.yimg.com/bt/api/res/1.2/M7vS95b2fvSzHFeFStPk0A--/YXBwaWQ9eW5ld3NfbGVnbztxPTc1O3c9NjAw/http://l.yimg.com/os/mit/media/m/social/images/social_default_logo-1481777.png", "site_section": "https://fr.finance.yahoo.com/actualites/partenaire-slate/?format=rss", "section_title": "Archives des articles Slate.fr - Yahoo! France Finance", "url": "https://fr.news.yahoo.com/pourquoi-investisseurs-chinois-pay%C3%A9-88-180906065.html", "country": "US", "domain_rank": 5, "title": "Pourquoi des investisseurs chinois ont payé 88.888.888 dollars pour leurs nouveaux bureaux", "performance_score": 0, "site": "yahoo.com", "participants_count": 0, "title_full": "Pourquoi des investisseurs chinois ont payé 88.888.888 dollars pour leurs nouveaux bureaux", "spam_score": 0.0, "site_type": "news", "published": "2016-10-02T02:09:00.000+03:00", "replies_count": 0, "uuid": "61e447d9bb489acacbfc71a259257d844619f44f"}, "author": "", "url": "https://fr.news.yahoo.com/pourquoi-investisseurs-chinois-pay%C3%A9-88-180906065.html", "ord_in_thread": 0, "title": "Pourquoi des investisseurs chinois ont payé 88.888.888 dollars pour leurs nouveaux bureaux", "locations": [], "entities": {"persons": [], "locations": [], "organizations": []}, "highlightText": "", "language": "french", "persons": [], "text": " ", "external_links": [], "published": "2016-10-02T02:09:00.000+03:00", "crawled": "2016-10-02T00:26:18.436+03:00", "highlightTitle": ""}