{"organizations": [], "uuid": "4739abfc3ee1511b42523b3e1255e187462fcd73", "thread": {"social": {"gplus": {"shares": 0}, "pinterest": {"shares": 0}, "vk": {"shares": 0}, "linkedin": {"shares": 0}, "facebook": {"likes": 2, "shares": 2, "comments": 0}, "stumbledupon": {"shares": 0}}, "site_full": "www.7sur7.be", "main_image": "http://static2.7sur7.be/static/photo/2016/12/3/11/20161002152847/media_xll_9121931.jpg", "site_section": "http://www.7sur7.be/rss.xml", "section_title": "7SUR7.be Info, sport et showbiz, 24/24, 7/7, plus de 350 mises à jour quotidiennes", "url": "http://www.7sur7.be/7s7/fr/1502/Belgique/article/detail/2893415/2016/10/02/Quand-le-roi-Philippe-s-essaye-au-pilotage-de-drone.dhtml", "country": "BE", "domain_rank": 8663, "title": "Quand le roi Philippe s'essaye au pilotage de drone", "performance_score": 0, "site": "7sur7.be", "participants_count": 1, "title_full": "Quand le roi Philippe s'essaye au pilotage de drone", "spam_score": 0.0, "site_type": "news", "published": "2016-10-02T21:30:00.000+03:00", "replies_count": 0, "uuid": "4739abfc3ee1511b42523b3e1255e187462fcd73"}, "author": "rédaction", "url": "http://www.7sur7.be/7s7/fr/1502/Belgique/article/detail/2893415/2016/10/02/Quand-le-roi-Philippe-s-essaye-au-pilotage-de-drone.dhtml", "ord_in_thread": 0, "title": "Quand le roi Philippe s'essaye au pilotage de drone", "locations": [], "entities": {"persons": [], "locations": [], "organizations": []}, "highlightText": "", "language": "french", "persons": [], "text": "2/10/16 - 15h30 Source: Belga © belga. Le roi Philippe, le prince Emmanuel et la princesse Elisabeth ont visité dimanche le centre de formation de l'entreprise technologique Noordzee Drones à Zeebrugge dans le cadre de la Journée Découverte Entreprises. © belga. \nPlus de 300 entreprises ouvrent leurs portes partout en Belgique pour l'occasion. Lors de la visite, le Roi et ses enfants ont reçu des explications d'ordre technologique, avant de s'essayer aux drones.La société Noordzee Drones est spécialisée dans la production de drones et a participé cette semaine à un exercice de sauvetage côtier à Knokke-Heist. Lire aussi", "external_links": [], "published": "2016-10-02T21:30:00.000+03:00", "crawled": "2016-10-02T16:38:56.380+03:00", "highlightTitle": ""}