{"organizations": [], "uuid": "4c2477f00dd16a2cc89c580effcc80fa6b7697ba", "thread": {"social": {"gplus": {"shares": 0}, "pinterest": {"shares": 0}, "vk": {"shares": 0}, "linkedin": {"shares": 0}, "facebook": {"likes": 0, "shares": 0, "comments": 0}, "stumbledupon": {"shares": 0}}, "site_full": "www.anibis.ch", "main_image": "https://can01.anibis.ch/iPhone-6-Iphone-6-64-gb-gris-fullset/?1024x728/3/90/anibis/108/787/016/_m54yZxC3ESfK-MylwEx6Q_1.jpg", "site_section": "http://anibis.ch//fr/t%c3%a9l%c3%a9phonie--31/rssexport.aspx", "section_title": "Petites annonces Téléphonie", "url": "http://www.anibis.ch/fr/t%c3%a9l%c3%a9phonie--31/iphone-6-64-gb-gris-fullset--16787108.aspx", "country": "CH", "domain_rank": 8918, "title": "Iphone 6 64 gb gris fullset", "performance_score": 0, "site": "anibis.ch", "participants_count": 0, "title_full": "Iphone 6 64 gb gris fullset", "spam_score": 0.0, "site_type": "news", "published": "2016-10-04T03:49:00.000+03:00", "replies_count": 0, "uuid": "4c2477f00dd16a2cc89c580effcc80fa6b7697ba"}, "author": "", "url": "http://www.anibis.ch/fr/t%c3%a9l%c3%a9phonie--31/iphone-6-64-gb-gris-fullset--16787108.aspx", "ord_in_thread": 0, "title": "Iphone 6 64 gb gris fullset", "locations": [], "entities": {"persons": [], "locations": [], "organizations": []}, "highlightText": "", "language": "french", "persons": [], "text": "Iphone 6 64 gb gris fullset Type d'insertion: \nIphone 6 avec 64 gigas gris sideral l' ecran n'a aucune rayure. Il est désimlocké queleques rayures a voir sur les photos \nBoite et tous les accessoires: écouteurs neuf jamais déballés et chargeur. \nlibre de suite Payer simplement et en toute sécurité? Envoyer et recevoir de l'argent avec Cet utilisateur a confirmé son compte avec un numéro de mobile valable. djes Membre depuis le 02.01.2003 Êtes-vous intéressé par cette offre? Ecrivez un message à l’annonceur. Mon nom : Transmettre l'annonce par e-mail Vous connaissez quelqu'un qui pourrait s'intéresser à cette annonce ? Envoyez lui un e-mail grâce à ce formulaire. Expéditeur : Veuillez nous indiquer en quelques mots pourquoi cette annonce est une arnaque. e-mail* : Indiquez-nous d'autres annonces concernées (optionel): Multipostage (spam) A votre avis, pourquoi s'agit-il d'une fraude? Fraude   Envoyer \nLes annonces suivantes pourront peut-être aussi vous intéresser", "external_links": [], "published": "2016-10-04T03:49:00.000+03:00", "crawled": "2016-10-03T23:36:53.851+03:00", "highlightTitle": ""}