{"organizations": [], "uuid": "e92cbc650a994cc0e1e3e464a0080a00205a32d4", "thread": {"social": {"gplus": {"shares": 0}, "pinterest": {"shares": 0}, "vk": {"shares": 0}, "linkedin": {"shares": 0}, "facebook": {"likes": 656, "shares": 656, "comments": 0}, "stumbledupon": {"shares": 0}}, "site_full": "fr.news.yahoo.com", "main_image": "https://s.yimg.com/uu/api/res/1.2/u8TnTS7n1cO8Z_04E5VgmQ--/aD03MjA7dz0xMjgwO3NtPTE7YXBwaWQ9eXRhY2h5b24-/http://media.zenfs.com/fr-FR/video/kameraone_bv_581/07182175b7a8599e4d42bfcbf77bbaee", "site_section": "", "section_title": "", "url": "https://fr.news.yahoo.com/un-chat-xxl-fait-sensation-113925308.html", "country": "IE", "domain_rank": 5, "title": "Un chat XXL fait sensation sur internet Video", "performance_score": 6, "site": "yahoo.com", "participants_count": 0, "title_full": "Un chat XXL fait sensation sur internet Video", "spam_score": 0.277, "site_type": "news", "published": "2016-10-03T19:39:00.000+03:00", "replies_count": 0, "uuid": "e92cbc650a994cc0e1e3e464a0080a00205a32d4"}, "author": "", "url": "https://fr.news.yahoo.com/un-chat-xxl-fait-sensation-113925308.html", "ord_in_thread": 0, "title": "Un chat XXL fait sensation sur internet Video", "locations": [], "entities": {"persons": [], "locations": [], "organizations": []}, "highlightText": "", "language": "french", "persons": [], "text": "KameraOne 3 octobre 2016 Un félin obèse appelé Logan pourrait bien être le chat le plus gros du monde et il est l'attraction majeure d'un hôtel du New Hampshire où il vit. Rebloguer ", "external_links": [], "published": "2016-10-03T19:39:00.000+03:00", "crawled": "2016-10-04T20:21:26.687+03:00", "highlightTitle": ""}