{"organizations": [], "uuid": "3ab5716676718ec11d0b966e05e6dac953a32ed7", "thread": {"social": {"gplus": {"shares": 0}, "pinterest": {"shares": 0}, "vk": {"shares": 0}, "linkedin": {"shares": 0}, "facebook": {"likes": 1, "shares": 1, "comments": 0}, "stumbledupon": {"shares": 0}}, "site_full": "www.lexpress.fr", "main_image": "http://static.lexpress.fr/medias_11166/w_605,h_350,c_fill,g_north/v1475328424/richard-gasquet-en-quart-de-finale-du-tournoi-de-shenzhen-le-30-septembre-2016_5717291.jpg", "site_section": "http://www.lexpress.fr/rss/lexpresspointfr.xml", "section_title": "LEXPRESS.fr - Rss A la Une", "url": "http://www.lexpress.fr/actualites/1/sport/shenzhen-gasquet-defie-berdych-en-finale_1836542.html", "country": "FR", "domain_rank": 3353, "title": "Shenzhen: Gasquet défie Berdych en finale", "performance_score": 0, "site": "lexpress.fr", "participants_count": 1, "title_full": "Shenzhen: Gasquet défie Berdych en finale - L'Express", "spam_score": 0.0, "site_type": "news", "published": "2016-10-01T23:15:00.000+03:00", "replies_count": 0, "uuid": "3ab5716676718ec11d0b966e05e6dac953a32ed7"}, "author": "lexpress.fr", "url": "http://www.lexpress.fr/actualites/1/sport/shenzhen-gasquet-defie-berdych-en-finale_1836542.html", "ord_in_thread": 0, "title": "Shenzhen: Gasquet défie Berdych en finale", "locations": [], "entities": {"persons": [], "locations": [], "organizations": []}, "highlightText": "", "language": "french", "persons": [], "text": "Shenzhen (Chine) - Le Français Richard Gasquet, 18e joueur mondial, défiera le tenant du titre, le Tchèque Tomas Berdych, 9e, en finale du tournoi ATP de Shenzhen dimanche. En demi-finales samedi, Berdych a disposé du Brésilien Thomaz Bellucci en deux sets 6-2, 7-5, alors que Gasquet a vu le Serbe Janko Tipsarevic abandonner, victime d'une blessure à l'aine, alors que ce dernier était mené 6-2, 4-1. \nC'est la deuxième finale de l'année pour le Français --après celle remportée à Montpellier en février, la 13e de sa carrière (sur 26)--, la première pour le Tchèque. \nLes deux hommes sont à sept victoires chacun en quatorze confrontations, mais leurs récentes oppositions parlent plutôt en faveur de Berdych.  \nLe Biterrois n'a gagné qu'une seule de leurs cinq dernières rencontres, en 2015 à l'US Open, en huitièmes de finale, lors d'un match relevé (2-6, 6-3, 6-4, 6-1). Au Masters de Miami, fin mars, Berdych l'avait emporté en huitièmes (6-4, 3-6, 7-5). \n\" Il a gagné ici l'an dernier, il sera donc favori, a admis Gasquet à l'issue de sa demi-finale. Mais je l'ai battu de nombreuses fois et il m'a battu de nombreuses fois. Nous nous connaissons très bien, depuis que nous avons douze ans. Ce sera une rude bataille pour nous deux. \" \nLes deux hommes ont été perturbés par des ennuis de santé ces derniers mois. Gasquet a retrouvé le circuit fin août, après un mois d'absence due à des blessures au dos et aux abdominaux. Berdych, souffrant d'une appendicite, avait été contraint de tirer un trait sur l'US Open début septembre. \n ", "external_links": [], "published": "2016-10-01T23:15:00.000+03:00", "crawled": "2016-10-01T16:31:32.817+03:00", "highlightTitle": ""}