{"organizations": [], "uuid": "2ec711a378a69ba3b3c4d63b17a868d208e22f12", "thread": {"social": {"gplus": {"shares": 0}, "pinterest": {"shares": 0}, "vk": {"shares": 0}, "linkedin": {"shares": 0}, "facebook": {"likes": 0, "shares": 0, "comments": 0}, "stumbledupon": {"shares": 0}}, "site_full": "tempsreel.nouvelobs.com", "main_image": "http://referentiel.nouvelobs.com/file/15519833.jpg", "site_section": "", "section_title": "", "url": "http://tempsreel.nouvelobs.com/topnews/20161001.AFP8732/jo-thomas-bach-dans-la-pepiniere-de-paris-2024.html", "country": "FR", "domain_rank": 2061, "title": "JO: Thomas Bach dans la pépinière de Paris-2024 - L'Obs", "performance_score": 0, "site": "nouvelobs.com", "participants_count": 0, "title_full": "JO: Thomas Bach dans la pépinière de Paris-2024 - L'Obs", "spam_score": 0.219, "site_type": "news", "published": "2016-10-02T04:06:00.000+03:00", "replies_count": 0, "uuid": "2ec711a378a69ba3b3c4d63b17a868d208e22f12"}, "author": "", "url": "http://tempsreel.nouvelobs.com/topnews/20161001.AFP8732/jo-thomas-bach-dans-la-pepiniere-de-paris-2024.html", "ord_in_thread": 0, "title": "JO: Thomas Bach dans la pépinière de Paris-2024 - L'Obs", "locations": [], "entities": {"persons": [], "locations": [], "organizations": []}, "highlightText": "", "language": "french", "persons": [], "text": "Actualités > TopNews > JO: Thomas Bach dans la pépinière de Paris-2024 JO: Thomas Bach dans la pépinière de Paris-2024 Le patron du CIO Thomas Bach avec les responsables français de la candidature parisienne pour les JO-2024 à l'INSEP ((c) Afp) Publié le 01 octobre 2016 à 20h06 Partager ce contenu \nParis ( AFP ) - Thomas Bach, président du CIO, a rencontré samedi les héros potentiels des jeux Olympiques 2024 pour lesquels Paris est candidate, lors d'une visite à l'INSEP, pépinière des athlètes français, première étape de son bref mais riche séjour parisien. \nChampion olympique de fleuret par équipes en 1976 avec l'Allemagne de l'Ouest, le patron du CIO était dans son élément au milieu des quelque 200 sportifs présents pour le 2e forum des athlètes. \n\"Vous voir, tous, étudier des idées nouvelles, des pistes pour les jeux Olympiques, c'est pour moi très touchant, très encourageant pour la candidature\", a déclaré Thomas Bach à l'adresse des jeunes aux sportifs, dans la grande halle de l'Institut du Bois de Vincennes . \n\"Je remercie la personne qui a eu l'idée de m'inviter ici. Je ne pouvais pas imaginer un meilleur départ pour ma visite à Paris. J'adore être avec les athlètes. C'est pour eux que nous travaillons chaque jour\", a poursuivi le N.1 du CIO, en visite pour 24 heures à Paris. \n- Aït-Saïd, Lavillénie, Gatien... - \nThomas Bach avait atterri trois heures plus tôt à Roissy, pour une visite organisée pour rétablir l'équilibre après ses séjours chez deux autres candidats, Budapest et Los Angeles , fin 2015 et début 2016. \nA peine arrivé, il a été plongé au coeur d'une foule de sportifs papillonnant entre les différents ateliers. Sa première accolade a été pour le gymnaste Samir Aït-Saïd, victime d'une impressionnante fracture lors des jeux Olympiques de Rio . Il a ensuite bavardé avec Renaud Lavillénie qu'il avait été l'un des premiers à rasséréner après la perte de son titre au Brésil, avant de causer escrime avec Brice Guyart et Gauthier Grumier. \nAttentif, Bach a suivi les ateliers \"Emploi et Formation \", \"Expression et Communication\" ou \"Santé et Intégrité\" puis a défié au tennis de table Jean-Philippe Gatien, directeur des sports de Paris-2024 et médaillé d'argent olympique en 1992. \n\"Nous avons voulu que sa visite commence au coeur des athlètes\", a indiqué Bernard Lapasset, co-président du comité de candidature parisien, \"avant de se poursuivre au coeur du projet de Paris (dimanche matin sur le site du village olympique), au coeur de Paris (pour le départ des 10 km de Paris) et au coeur de la France \" lors de la réception de dimanche midi à l'Elysée. \n- Retrouvailles entre escrimeurs - \nThomas Bach a visiblement apprécié l'entrée en matière concoctée par les promoteurs de la candidature soucieux, depuis son origine, de mettre en avant les sportifs. \nLe champion olympique de fleuret par équipes de Montréal a même retrouvé pour l'occasion deux vieilles connaissances: Bernard Talvard et Frédéric Pietruszka, en bronze sur le podium qu'il dominait alors avec l'équipe d' Allemagne . \n\"J'ai travaillé 40 ans pour être reçu a l'INSEP. A l'époque, les escrimeurs français refusaient de m'inviter pour ne pas me dévoiler leurs secrets. Maintenant, on m'invite parce que je suis président du CIO\", a-t-il plaisanté. \nAu sortir de l'INSEP, Thomas Bach devait dîner dans un grand restaurant parisien à l'invitation d'Anne Hidalgo, auprès des principaux responsables du comité de candidature avant de déambuler le long des principaux monuments de la Seine à l'occasion de la Nuit Blanche. \nReçu comme un chef d'Etat, le patron du CIO doit déjeuner dimanche midi à l'Elysée avec François Hollande et Manuel Valls après avoir visité le site du futur village olympique, sur l'Ile-Saint-Denis, et donné le départ des 10 km de Paris . \nInitiateur de la première équipe de réfugiés à participer à des jeux Olympiques , Thomas Bach doit conclure son séjour parisien sur un rendez-vous symbolique en assistant à un match de foot entre une équipe de réfugiés et un club parisien, sur un stade proche de la Tour Eiffel . Dernières vidéos ", "external_links": [], "published": "2016-10-02T04:06:00.000+03:00", "crawled": "2016-10-02T00:50:03.955+03:00", "highlightTitle": ""}