{"organizations": [], "uuid": "7dbb90f6f074a4f4d7701c33cdd5d7c6fd5d8907", "thread": {"social": {"gplus": {"shares": 0}, "pinterest": {"shares": 0}, "vk": {"shares": 0}, "linkedin": {"shares": 0}, "facebook": {"likes": 0, "shares": 0, "comments": 0}, "stumbledupon": {"shares": 0}}, "site_full": "www.anibis.ch", "main_image": "https://can01.anibis.ch/Chaussures-de-ski-Chaussures-ski-enfant-taille-34-35/?1024x728/3/90/anibis/663/777/016/N7Xy9LARn0KALozY51Vu4A_1.jpg", "site_section": "http://anibis.ch//fr/sport-loisirs--30/rssexport.aspx", "section_title": "Petites annonces Sport - Loisirs", "url": "http://www.anibis.ch/fr/sport-loisirs--30/chaussures-ski-enfant-taille-34-35--16777663.aspx", "country": "CH", "domain_rank": 8918, "title": "Chaussures ski enfant taille 34/35", "performance_score": 0, "site": "anibis.ch", "participants_count": 0, "title_full": "Chaussures ski enfant taille 34/35", "spam_score": 0.0, "site_type": "news", "published": "2016-10-03T04:01:00.000+03:00", "replies_count": 0, "uuid": "7dbb90f6f074a4f4d7701c33cdd5d7c6fd5d8907"}, "author": "", "url": "http://www.anibis.ch/fr/sport-loisirs--30/chaussures-ski-enfant-taille-34-35--16777663.aspx", "ord_in_thread": 0, "title": "Chaussures ski enfant taille 34/35", "locations": [], "entities": {"persons": [], "locations": [], "organizations": []}, "highlightText": "", "language": "french", "persons": [], "text": "Chaussures ski enfant taille 34/35 Type d'insertion: \nChaussures de ski Nordika taille 34 / 35 \nIdeal pour débuter Payer simplement et en toute sécurité? Envoyer et recevoir de l'argent avec Cet utilisateur a confirmé son compte avec un numéro de mobile valable. vblch Membre depuis le 04.05.2014 Êtes-vous intéressé par cette offre? Ecrivez un message à l’annonceur. Mon nom : Transmettre l'annonce par e-mail Vous connaissez quelqu'un qui pourrait s'intéresser à cette annonce ? Envoyez lui un e-mail grâce à ce formulaire. Expéditeur : Veuillez nous indiquer en quelques mots pourquoi cette annonce est une arnaque. e-mail* : Indiquez-nous d'autres annonces concernées (optionel): Multipostage (spam) A votre avis, pourquoi s'agit-il d'une fraude? Fraude  ", "external_links": [], "published": "2016-10-03T04:01:00.000+03:00", "crawled": "2016-10-03T02:21:24.600+03:00", "highlightTitle": ""}