{"organizations": [], "uuid": "77e5ea43f64edd388fa5cffde986ca7cce361272", "thread": {"social": {"gplus": {"shares": 0}, "pinterest": {"shares": 0}, "vk": {"shares": 0}, "linkedin": {"shares": 0}, "facebook": {"likes": 71, "shares": 71, "comments": 0}, "stumbledupon": {"shares": 0}}, "site_full": "www.europe1.fr", "main_image": "http://cdn3-europe1.new2.ladmedia.fr/var/europe1/storage/images/europe1/sante/grippe-le-nombre-de-personnes-vaccinees-est-reparti-a-la-hausse-2862742/29168131-1-fre-FR/Grippe-le-nombre-de-personnes-vaccinees-est-reparti-a-la-hausse.jpg", "site_section": "http://www.europe1.fr/var/export/rss/europe1/sante.xml", "section_title": "Europe 1: Sante", "url": "http://www.europe1.fr/sante/grippe-le-nombre-de-personnes-vaccinees-est-reparti-a-la-hausse-2862742", "country": "FR", "domain_rank": 9784, "title": "Grippe : le nombre de personnes vaccinées est reparti à la hausse", "performance_score": 0, "site": "europe1.fr", "participants_count": 1, "title_full": "Grippe : le nombre de personnes vaccinées est reparti à la hausse", "spam_score": 0.0, "site_type": "news", "published": "2016-10-03T15:50:00.000+03:00", "replies_count": 0, "uuid": "77e5ea43f64edd388fa5cffde986ca7cce361272"}, "author": "Mélanie Gomez avec M.R", "url": "http://www.europe1.fr/sante/grippe-le-nombre-de-personnes-vaccinees-est-reparti-a-la-hausse-2862742", "ord_in_thread": 0, "title": "Grippe : le nombre de personnes vaccinées est reparti à la hausse", "locations": [], "entities": {"persons": [], "locations": [], "organizations": []}, "highlightText": "", "language": "french", "persons": [], "text": "Grippe : le nombre de personnes vaccinées est reparti à la hausse 09h50, le 03 octobre 2016, modifié à 10h29, le 03 octobre 2016 A A 0 partage Les Français sont de plus en plus méfiants vis-à-vis des vaccins mais plus de la moitié des personnes fragiles s'est faite vacciner contre la grippe. INFO EUROPE 1 \nLa campagne annuelle de vaccination contre la grippe sera lancée par les autorités sanitaires en fin de semaine. Comme chaque année, plus de 10 millions de patients notamment les plus de 65 ans, vont recevoir un bon d'invitation de l'Assurance maladie pour retirer leur vaccin gratuitement en pharmacie. Et contrairement aux autres vaccins dont les Français se méfient, celui contre la grippe a connu une augmentation pendant l'hiver 2015-2016. \nUne méfiance vis-à-vis des vaccins. Depuis quelques années, les Français se méfient de plus en plus des vaccins. D'après une récente étude, ils seraient un sur quatre à y réfléchir à deux fois avant de se faire vacciner . Ces six dernières années, on a observé une baisse de 1 à 3% du nombre de personnes à risque vaccinées. En cause, le fiasco du vaccin contre le H1N1 , la peur des effets secondaires ou encore un certain flou quant à l'utilité de certains vaccins. Des raisons qui ne concernent pas le vaccin contre la grippe. \nUne augmentation parmi les personnes fragiles. À l'hiver 2015-2016, le nombre de personnes à risques vaccinées a passé un nouveau cap positif . Pour la première fois, 50% des asthmatiques, des personnes cardiaques et des personnes âgées se sont faits vacciner. L'année précédente, ils étaient seulement 47%. Et même si la différence est assez ténue, pour les spécialistes, le signal est positif. \n\"L'année dernière, on était autour de 57-58%\", rappelle Bruno Lina, responsable du centre de référence sur la grippe à Lyon. \"Cette année, on est aux alentours de 59-60% dans la population des plus de 65 ans. Ce n'est pas encore une augmentation massive mais c'est très certainement une prise de conscience, pour les personnes qui appartiennent à ce groupe d'âge à risques, que la grippe peut être un problème .\" \nUne grippe particulièrement virulente en 2014-2015. Ce regain d'intérêt pour ce vaccin anti-grippal pourrait s'expliquer par la forte augmentation des décès dus à la grippe à l'hiver 2014-2015 . Il y a eu 18.300 décès de plus et notamment parmi les plus de 80 ans. Cela représente 10 fois plus de morts que d'habitude. Un bilan qui a donc marqué la population, mais aussi les médecins qui ont sans doute davantage incité leurs patients à la vaccination. Sur le même sujet :", "external_links": [], "published": "2016-10-03T15:50:00.000+03:00", "crawled": "2016-10-03T12:12:14.044+03:00", "highlightTitle": ""}