{"organizations": [], "uuid": "6b606946aea14c8647908e35d01c5d7e08d1c23c", "thread": {"social": {"gplus": {"shares": 0}, "pinterest": {"shares": 0}, "vk": {"shares": 0}, "linkedin": {"shares": 0}, "facebook": {"likes": 3, "shares": 3, "comments": 0}, "stumbledupon": {"shares": 0}}, "site_full": "www.clubic.com", "main_image": "http://img.clubic.com/08563554-photo-smart-ed.jpg", "site_section": "http://www.clubic.com/articles.rss", "section_title": "Articles", "url": "http://www.clubic.com/mag/diaporama/photo-smart-ed-electric-drive-86046/", "country": "FR", "domain_rank": 2620, "title": "Mondial Auto : Smart ED, toute la gamme passe à l'électrique", "performance_score": 0, "site": "clubic.com", "participants_count": 0, "title_full": "Mondial Auto : Smart ED, toute la gamme passe à l'électrique", "spam_score": 0.0, "site_type": "news", "published": "2016-10-03T23:04:00.000+03:00", "replies_count": 0, "uuid": "6b606946aea14c8647908e35d01c5d7e08d1c23c"}, "author": "", "url": "http://www.clubic.com/mag/diaporama/photo-smart-ed-electric-drive-86046/", "ord_in_thread": 0, "title": "Mondial Auto : Smart ED, toute la gamme passe à l'électrique", "locations": [], "entities": {"persons": [], "locations": [], "organizations": []}, "highlightText": "", "language": "french", "persons": [], "text": "Mondial Auto : Smart ED, toute la gamme passe à l'électrique Mondial Auto : Smart ED, toute la gamme passe à l'électrique Publié par Romain Heuillard   Diaporama : Cette année le Mondial de l'Automobile est indéniablement celui de la voiture électrique. Dans ce contexte, le groupe Daimler expose le concept de Mercedes-Benz Generation EQ, mais il lance aussi et surtout les nouvelles Smart ED. Daimler a présenté à Paris en première mondiale la quatrième génération de la gamme Smart Electric Drive (ED, propulsion électrique). Cette fois le constructeur propose d'entrée toutes les carrosseries en motorisation électrique : la fortwo coupé, la fortwo cabrio et la forfour, soit la totalité de sa gamme. Malheureusement, excepté les nouvelles carrosseries, ces nouvelles Smart électriques n'apportent rien à leurs devancières sur le plan électrique. Elles reconduisent effectivement le composant principal d'une voiture électrique, la batterie, fabriquée par la filiale Deutsche Accumotive. Le porte-parole du constructeur avec lequel nous nous sommes entretenu le justifie par la volonté de maintenir les prix. Comme avant, en plus grand Avec sa capacité de 17,6 kWh, elle offre une autonomie NEDC de 160 km à la fortwo coupé, et de 155 km aux fortwo cabrio et forfour. Le moteur délivre une puissance de 60 kW, soit 80 cv, et un couple de 160 Nm. À titre de comparaison, un moteur thermique de 90 cv délivre environ 135 Nm. Le 0 à 100 km/h est effectué en 11,5 à 12,7 s, selon la carrosserie, la vitesse maximale est limitée électroniquement à 130 km/h. Pour recharger la batterie de 20 à 100 %, il faut 6 h sur une prise domestique de 230 V, 3,5 h sur une « Wallbox ». À bord, ces Smart ED sont identiques aux dernières Smart thermiques. On retrouve notamment le système d'info-divertissement dérivé du Renault R-Link de la génération précédente, d'un autre temps. Il y a néanmoins une connexion cellulaire embarquée et une application Smart Control, qui permettent de surveiller le niveau de charge et d'acclimater l'habitacle avant un départ, tant que la voiture est branchée. Ces nouvelles Smart ED seront commercialisées à partir du 1er semestre 2017. Les tarifs français ne sont pas encore connus, mais les trois carrosseries précitées seront vendues respectivement 22..000, 25..000 et 22..500 euros en Allemagne, où la TVA est de 19 %, avant déduction de subventions. En France, le bonus est à ce jour de 6..300 euros (dans la limite de 27 % du coût d'acquisition), mais il sera révisé en début d'année prochaine, avant la mise en vente. Toute l'actualité techno du Mondial de l'Auto Daimler a présenté à Paris en première mondiale la quatrième génération de la gamme Smart Electric Drive (ED, propulsion électrique). Cette fois le constructeur propose d'entrée toutes les carrosseries en motorisation électrique : la fortwo coupé, la fortwo cabrio et la forfour, soit la totalité de sa gamme. Malheureusement, excepté les nouvelles carrosseries, ces nouvelles Smart électriques n'apportent rien à leurs devancières sur le plan électrique. Elles reconduisent effectivement le composant principal d'une voiture électrique, la batterie, fabriquée par la filiale Deutsche Accumotive. Le porte-parole du constructeur avec lequel nous nous sommes entretenu le justifie par la volonté de maintenir les prix. Comme avant, en plus grand Avec sa capacité de 17,6 kWh, elle offre une autonomie NEDC de 160 km à la fortwo coupé, et de 155 km aux fortwo cabrio et forfour. Le moteur délivre une puissance de 60 kW, soit 80 cv, et un couple de 160 Nm. À titre de comparaison, un moteur thermique de 90 cv délivre environ 135 Nm. Le 0 à 100 km/h est effectué en 11,5 à 12,7 s, selon la carrosserie, la vitesse maximale est limitée électroniquement à 130 km/h. Pour recharger la batterie de 20 à 100 %, il faut 6 h sur une prise domestique de 230 V, 3,5 h sur une « Wallbox ». À bord, ces Smart ED sont identiques aux dernières Smart thermiques. On retrouve notamment le système d'info-divertissement dérivé du Renault R-Link de la génération précédente, d'un autre temps. Il y a néanmoins une connexion cellulaire embarquée et une application Smart Control, qui permettent de surveiller le niveau de charge et d'acclimater l'habitacle avant un départ, tant que la voiture est branchée. Ces nouvelles Smart ED seront commercialisées à partir du 1er semestre 2017. Les tarifs français ne sont pas encore connus, mais les trois carrosseries précitées seront vendues respectivement 22..000, 25..000 et 22..500 euros en Allemagne, où la TVA est de 19 %, avant déduction de subventions. En France, le bonus est à ce jour de 6..300 euros (dans la limite de 27 % du coût d'acquisition), mais il sera révisé en début d'année prochaine, avant la mise en vente. Toute l'actualité techno du Mondial de l'Auto Daimler a présenté à Paris en première mondiale la quatrième génération de la gamme Smart Electric Drive (ED, propulsion électrique). Cette fois le constructeur propose d'entrée toutes les carrosseries en motorisation électrique : la fortwo coupé, la fortwo cabrio et la forfour, soit la totalité de sa gamme. Malheureusement, excepté les nouvelles carrosseries, ces nouvelles Smart électriques n'apportent rien à leurs devancières sur le plan électrique. Elles reconduisent effectivement le composant principal d'une voiture électrique, la batterie, fabriquée par la filiale Deutsche Accumotive. Le porte-parole du constructeur avec lequel nous nous sommes entretenu le justifie par la volonté de maintenir les prix. Comme avant, en plus grand Avec sa capacité de 17,6 kWh, elle offre une autonomie NEDC de 160 km à la fortwo coupé, et de 155 km aux fortwo cabrio et forfour. Le moteur délivre une puissance de 60 kW, soit 80 cv, et un couple de 160 Nm. À titre de comparaison, un moteur thermique de 90 cv délivre environ 135 Nm. Le 0 à 100 km/h est effectué en 11,5 à 12,7 s, selon la carrosserie, la vitesse maximale est limitée électroniquement à 130 km/h. Pour recharger la batterie de 20 à 100 %, il faut 6 h sur une prise domestique de 230 V, 3,5 h sur une « Wallbox ». À bord, ces Smart ED sont identiques aux dernières Smart thermiques. On retrouve notamment le système d'info-divertissement dérivé du Renault R-Link de la génération précédente, d'un autre temps. Il y a néanmoins une connexion cellulaire embarquée et une application Smart Control, qui permettent de surveiller le niveau de charge et d'acclimater l'habitacle avant un départ, tant que la voiture est branchée. Ces nouvelles Smart ED seront commercialisées à partir du 1er semestre 2017. Les tarifs français ne sont pas encore connus, mais les trois carrosseries précitées seront vendues respectivement 22..000, 25..000 et 22..500 euros en Allemagne, où la TVA est de 19 %, avant déduction de subventions. En France, le bonus est à ce jour de 6..300 euros (dans la limite de 27 % du coût d'acquisition), mais il sera révisé en début d'année prochaine, avant la mise en vente. Toute l'actualité techno du Mondial de l'Auto Daimler a présenté à Paris en première mondiale la quatrième génération de la gamme Smart Electric Drive (ED, propulsion électrique). Cette fois le constructeur propose d'entrée toutes les carrosseries en motorisation électrique : la fortwo coupé, la fortwo cabrio et la forfour, soit la totalité de sa gamme. Malheureusement, excepté les nouvelles carrosseries, ces nouvelles Smart électriques n'apportent rien à leurs devancières sur le plan électrique. Elles reconduisent effectivement le composant principal d'une voiture électrique, la batterie, fabriquée par la filiale Deutsche Accumotive. Le porte-parole du constructeur avec lequel nous nous sommes entretenu le justifie par la volonté de maintenir les prix. Comme avant, en plus grand Avec sa capacité de 17,6 kWh, elle offre une autonomie NEDC de 160 km à la fortwo coupé, et de 155 km aux fortwo cabrio et forfour. Le moteur délivre une puissance de 60 kW, soit 80 cv, et un couple de 160 Nm. À titre de comparaison, un moteur thermique de 90 cv délivre environ 135 Nm. Le 0 à 100 km/h est effectué en 11,5 à 12,7 s, selon la carrosserie, la vitesse maximale est limitée électroniquement à 130 km/h. Pour recharger la batterie de 20 à 100 %, il faut 6 h sur une prise domestique de 230 V, 3,5 h sur une « Wallbox ». À bord, ces Smart ED sont identiques aux dernières Smart thermiques. On retrouve notamment le système d'info-divertissement dérivé du Renault R-Link de la génération précédente, d'un autre temps. Il y a néanmoins une connexion cellulaire embarquée et une application Smart Control, qui permettent de surveiller le niveau de charge et d'acclimater l'habitacle avant un départ, tant que la voiture est branchée. Ces nouvelles Smart ED seront commercialisées à partir du 1er semestre 2017. Les tarifs français ne sont pas encore connus, mais les trois carrosseries précitées seront vendues respectivement 22..000, 25..000 et 22..500 euros en Allemagne, où la TVA est de 19 %, avant déduction de subventions. En France, le bonus est à ce jour de 6..300 euros (dans la limite de 27 % du coût d'acquisition), mais il sera révisé en début d'année prochaine, avant la mise en vente. Toute l'actualité techno du Mondial de l'Auto Daimler a présenté à Paris en première mondiale la quatrième génération de la gamme Smart Electric Drive (ED, propulsion électrique). Cette fois le constructeur propose d'entrée toutes les carrosseries en motorisation électrique : la fortwo coupé, la fortwo cabrio et la forfour, soit la totalité de sa gamme. Malheureusement, excepté les nouvelles carrosseries, ces nouvelles Smart électriques n'apportent rien à leurs devancières sur le plan électrique. Elles reconduisent effectivement le composant principal d'une voiture électrique, la batterie, fabriquée par la filiale Deutsche Accumotive. Le porte-parole du constructeur avec lequel nous nous sommes entretenu le justifie par la volonté de maintenir les prix. Comme avant, en plus grand Avec sa capacité de 17,6 kWh, elle offre une autonomie NEDC de 160 km à la fortwo coupé, et de 155 km aux fortwo cabrio et forfour. Le moteur délivre une puissance de 60 kW, soit 80 cv, et un couple de 160 Nm. À titre de comparaison, un moteur thermique de 90 cv délivre environ 135 Nm. Le 0 à 100 km/h est effectué en 11,5 à 12,7 s, selon la carrosserie, la vitesse maximale est limitée électroniquement à 130 km/h. Pour recharger la batterie de 20 à 100 %, il faut 6 h sur une prise domestique de 230 V, 3,5 h sur une « Wallbox ». À bord, ces Smart ED sont identiques aux dernières Smart thermiques. On retrouve notamment le système d'info-divertissement dérivé du Renault R-Link de la génération précédente, d'un autre temps. Il y a néanmoins une connexion cellulaire embarquée et une application Smart Control, qui permettent de surveiller le niveau de charge et d'acclimater l'habitacle avant un départ, tant que la voiture est branchée. Ces nouvelles Smart ED seront commercialisées à partir du 1er semestre 2017. Les tarifs français ne sont pas encore connus, mais les trois carrosseries précitées seront vendues respectivement 22..000, 25..000 et 22..500 euros en Allemagne, où la TVA est de 19 %, avant déduction de subventions. En France, le bonus est à ce jour de 6..300 euros (dans la limite de 27 % du coût d'acquisition), mais il sera révisé en début d'année prochaine, avant la mise en vente. Toute l'actualité techno du Mondial de l'Auto Daimler a présenté à Paris en première mondiale la quatrième génération de la gamme Smart Electric Drive (ED, propulsion électrique). Cette fois le constructeur propose d'entrée toutes les carrosseries en motorisation électrique : la fortwo coupé, la fortwo cabrio et la forfour, soit la totalité de sa gamme. Malheureusement, excepté les nouvelles carrosseries, ces nouvelles Smart électriques n'apportent rien à leurs devancières sur le plan électrique. Elles reconduisent effectivement le composant principal d'une voiture électrique, la batterie, fabriquée par la filiale Deutsche Accumotive. Le porte-parole du constructeur avec lequel nous nous sommes entretenu le justifie par la volonté de maintenir les prix. Comme avant, en plus grand Avec sa capacité de 17,6 kWh, elle offre une autonomie NEDC de 160 km à la fortwo coupé, et de 155 km aux fortwo cabrio et forfour. Le moteur délivre une puissance de 60 kW, soit 80 cv, et un couple de 160 Nm. À titre de comparaison, un moteur thermique de 90 cv délivre environ 135 Nm. Le 0 à 100 km/h est effectué en 11,5 à 12,7 s, selon la carrosserie, la vitesse maximale est limitée électroniquement à 130 km/h. Pour recharger la batterie de 20 à 100 %, il faut 6 h sur une prise domestique de 230 V, 3,5 h sur une « Wallbox ». À bord, ces Smart ED sont identiques aux dernières Smart thermiques. On retrouve notamment le système d'info-divertissement dérivé du Renault R-Link de la génération précédente, d'un autre temps. Il y a néanmoins une connexion cellulaire embarquée et une application Smart Control, qui permettent de surveiller le niveau de charge et d'acclimater l'habitacle avant un départ, tant que la voiture est branchée. Ces nouvelles Smart ED seront commercialisées à partir du 1er semestre 2017. Les tarifs français ne sont pas encore connus, mais les trois carrosseries précitées seront vendues respectivement 22..000, 25..000 et 22..500 euros en Allemagne, où la TVA est de 19 %, avant déduction de subventions. En France, le bonus est à ce jour de 6..300 euros (dans la limite de 27 % du coût d'acquisition), mais il sera révisé en début d'année prochaine, avant la mise en vente. Toute l'actualité techno du Mondial de l'Auto Daimler a présenté à Paris en première mondiale la quatrième génération de la gamme Smart Electric Drive (ED, propulsion électrique). Cette fois le constructeur propose d'entrée toutes les carrosseries en motorisation électrique : la fortwo coupé, la fortwo cabrio et la forfour, soit la totalité de sa gamme. Malheureusement, excepté les nouvelles carrosseries, ces nouvelles Smart électriques n'apportent rien à leurs devancières sur le plan électrique. Elles reconduisent effectivement le composant principal d'une voiture électrique, la batterie, fabriquée par la filiale Deutsche Accumotive. Le porte-parole du constructeur avec lequel nous nous sommes entretenu le justifie par la volonté de maintenir les prix. Comme avant, en plus grand Avec sa capacité de 17,6 kWh, elle offre une autonomie NEDC de 160 km à la fortwo coupé, et de 155 km aux fortwo cabrio et forfour. Le moteur délivre une puissance de 60 kW, soit 80 cv, et un couple de 160 Nm. À titre de comparaison, un moteur thermique de 90 cv délivre environ 135 Nm. Le 0 à 100 km/h est effectué en 11,5 à 12,7 s, selon la carrosserie, la vitesse maximale est limitée électroniquement à 130 km/h. Pour recharger la batterie de 20 à 100 %, il faut 6 h sur une prise domestique de 230 V, 3,5 h sur une « Wallbox ». À bord, ces Smart ED sont identiques aux dernières Smart thermiques. On retrouve notamment le système d'info-divertissement dérivé du Renault R-Link de la génération précédente, d'un autre temps. Il y a néanmoins une connexion cellulaire embarquée et une application Smart Control, qui permettent de surveiller le niveau de charge et d'acclimater l'habitacle avant un départ, tant que la voiture est branchée. Ces nouvelles Smart ED seront commercialisées à partir du 1er semestre 2017. Les tarifs français ne sont pas encore connus, mais les trois carrosseries précitées seront vendues respectivement 22..000, 25..000 et 22..500 euros en Allemagne, où la TVA est de 19 %, avant déduction de subventions. En France, le bonus est à ce jour de 6..300 euros (dans la limite de 27 % du coût d'acquisition), mais il sera révisé en début d'année prochaine, avant la mise en vente. Toute l'actualité techno du Mondial de l'Auto Daimler a présenté à Paris en première mondiale la quatrième génération de la gamme Smart Electric Drive (ED, propulsion électrique). Cette fois le constructeur propose d'entrée toutes les carrosseries en motorisation électrique : la fortwo coupé, la fortwo cabrio et la forfour, soit la totalité de sa gamme. Malheureusement, excepté les nouvelles carrosseries, ces nouvelles Smart électriques n'apportent rien à leurs devancières sur le plan électrique. Elles reconduisent effectivement le composant principal d'une voiture électrique, la batterie, fabriquée par la filiale Deutsche Accumotive. Le porte-parole du constructeur avec lequel nous nous sommes entretenu le justifie par la volonté de maintenir les prix. Comme avant, en plus grand Avec sa capacité de 17,6 kWh, elle offre une autonomie NEDC de 160 km à la fortwo coupé, et de 155 km aux fortwo cabrio et forfour. Le moteur délivre une puissance de 60 kW, soit 80 cv, et un couple de 160 Nm. À titre de comparaison, un moteur thermique de 90 cv délivre environ 135 Nm. Le 0 à 100 km/h est effectué en 11,5 à 12,7 s, selon la carrosserie, la vitesse maximale est limitée électroniquement à 130 km/h. Pour recharger la batterie de 20 à 100 %, il faut 6 h sur une prise domestique de 230 V, 3,5 h sur une « Wallbox ». À bord, ces Smart ED sont identiques aux dernières Smart thermiques. On retrouve notamment le système d'info-divertissement dérivé du Renault R-Link de la génération précédente, d'un autre temps. Il y a néanmoins une connexion cellulaire embarquée et une application Smart Control, qui permettent de surveiller le niveau de charge et d'acclimater l'habitacle avant un départ, tant que la voiture est branchée. Ces nouvelles Smart ED seront commercialisées à partir du 1er semestre 2017. Les tarifs français ne sont pas encore connus, mais les trois carrosseries précitées seront vendues respectivement 22..000, 25..000 et 22..500 euros en Allemagne, où la TVA est de 19 %, avant déduction de subventions. En France, le bonus est à ce jour de 6..300 euros (dans la limite de 27 % du coût d'acquisition), mais il sera révisé en début d'année prochaine, avant la mise en vente. Toute l'actualité techno du Mondial de l'Auto Daimler a présenté à Paris en première mondiale la quatrième génération de la gamme Smart Electric Drive (ED, propulsion électrique). Cette fois le constructeur propose d'entrée toutes les carrosseries en motorisation électrique : la fortwo coupé, la fortwo cabrio et la forfour, soit la totalité de sa gamme. Malheureusement, excepté les nouvelles carrosseries, ces nouvelles Smart électriques n'apportent rien à leurs devancières sur le plan électrique. Elles reconduisent effectivement le composant principal d'une voiture électrique, la batterie, fabriquée par la filiale Deutsche Accumotive. Le porte-parole du constructeur avec lequel nous nous sommes entretenu le justifie par la volonté de maintenir les prix. Comme avant, en plus grand Avec sa capacité de 17,6 kWh, elle offre une autonomie NEDC de 160 km à la fortwo coupé, et de 155 km aux fortwo cabrio et forfour. Le moteur délivre une puissance de 60 kW, soit 80 cv, et un couple de 160 Nm. À titre de comparaison, un moteur thermique de 90 cv délivre environ 135 Nm. Le 0 à 100 km/h est effectué en 11,5 à 12,7 s, selon la carrosserie, la vitesse maximale est limitée électroniquement à 130 km/h. Pour recharger la batterie de 20 à 100 %, il faut 6 h sur une prise domestique de 230 V, 3,5 h sur une « Wallbox ». À bord, ces Smart ED sont identiques aux dernières Smart thermiques. On retrouve notamment le système d'info-divertissement dérivé du Renault R-Link de la génération précédente, d'un autre temps. Il y a néanmoins une connexion cellulaire embarquée et une application Smart Control, qui permettent de surveiller le niveau de charge et d'acclimater l'habitacle avant un départ, tant que la voiture est branchée. Ces nouvelles Smart ED seront commercialisées à partir du 1er semestre 2017. Les tarifs français ne sont pas encore connus, mais les trois carrosseries précitées seront vendues respectivement 22..000, 25..000 et 22..500 euros en Allemagne, où la TVA est de 19 %, avant déduction de subventions. En France, le bonus est à ce jour de 6..300 euros (dans la limite de 27 % du coût d'acquisition), mais il sera révisé en début d'année prochaine, avant la mise en vente. Toute l'actualité techno du Mondial de l'Auto Daimler a présenté à Paris en première mondiale la quatrième génération de la gamme Smart Electric Drive (ED, propulsion électrique). Cette fois le constructeur propose d'entrée toutes les carrosseries en motorisation électrique : la fortwo coupé, la fortwo cabrio et la forfour, soit la totalité de sa gamme. Malheureusement, excepté les nouvelles carrosseries, ces nouvelles Smart électriques n'apportent rien à leurs devancières sur le plan électrique. Elles reconduisent effectivement le composant principal d'une voiture électrique, la batterie, fabriquée par la filiale Deutsche Accumotive. Le porte-parole du constructeur avec lequel nous nous sommes entretenu le justifie par la volonté de maintenir les prix. Comme avant, en plus grand Avec sa capacité de 17,6 kWh, elle offre une autonomie NEDC de 160 km à la fortwo coupé, et de 155 km aux fortwo cabrio et forfour. Le moteur délivre une puissance de 60 kW, soit 80 cv, et un couple de 160 Nm. À titre de comparaison, un moteur thermique de 90 cv délivre environ 135 Nm. Le 0 à 100 km/h est effectué en 11,5 à 12,7 s, selon la carrosserie, la vitesse maximale est limitée électroniquement à 130 km/h. Pour recharger la batterie de 20 à 100 %, il faut 6 h sur une prise domestique de 230 V, 3,5 h sur une « Wallbox ». À bord, ces Smart ED sont identiques aux dernières Smart thermiques. On retrouve notamment le système d'info-divertissement dérivé du Renault R-Link de la génération précédente, d'un autre temps. Il y a néanmoins une connexion cellulaire embarquée et une application Smart Control, qui permettent de surveiller le niveau de charge et d'acclimater l'habitacle avant un départ, tant que la voiture est branchée. Ces nouvelles Smart ED seront commercialisées à partir du 1er semestre 2017. Les tarifs français ne sont pas encore connus, mais les trois carrosseries précitées seront vendues respectivement 22..000, 25..000 et 22..500 euros en Allemagne, où la TVA est de 19 %, avant déduction de subventions. En France, le bonus est à ce jour de 6..300 euros (dans la limite de 27 % du coût d'acquisition), mais il sera révisé en début d'année prochaine, avant la mise en vente. Toute l'actualité techno du Mondial de l'Auto Daimler a présenté à Paris en première mondiale la quatrième génération de la gamme Smart Electric Drive (ED, propulsion électrique). Cette fois le constructeur propose d'entrée toutes les carrosseries en motorisation électrique : la fortwo coupé, la fortwo cabrio et la forfour, soit la totalité de sa gamme. Malheureusement, excepté les nouvelles carrosseries, ces nouvelles Smart électriques n'apportent rien à leurs devancières sur le plan électrique. Elles reconduisent effectivement le composant principal d'une voiture électrique, la batterie, fabriquée par la filiale Deutsche Accumotive. Le porte-parole du constructeur avec lequel nous nous sommes entretenu le justifie par la volonté de maintenir les prix. Comme avant, en plus grand Avec sa capacité de 17,6 kWh, elle offre une autonomie NEDC de 160 km à la fortwo coupé, et de 155 km aux fortwo cabrio et forfour. Le moteur délivre une puissance de 60 kW, soit 80 cv, et un couple de 160 Nm. À titre de comparaison, un moteur thermique de 90 cv délivre environ 135 Nm. Le 0 à 100 km/h est effectué en 11,5 à 12,7 s, selon la carrosserie, la vitesse maximale est limitée électroniquement à 130 km/h. Pour recharger la batterie de 20 à 100 %, il faut 6 h sur une prise domestique de 230 V, 3,5 h sur une « Wallbox ». À bord, ces Smart ED sont identiques aux dernières Smart thermiques. On retrouve notamment le système d'info-divertissement dérivé du Renault R-Link de la génération précédente, d'un autre temps. Il y a néanmoins une connexion cellulaire embarquée et une application Smart Control, qui permettent de surveiller le niveau de charge et d'acclimater l'habitacle avant un départ, tant que la voiture est branchée. Ces nouvelles Smart ED seront commercialisées à partir du 1er semestre 2017. Les tarifs français ne sont pas encore connus, mais les trois carrosseries précitées seront vendues respectivement 22..000, 25..000 et 22..500 euros en Allemagne, où la TVA est de 19 %, avant déduction de subventions. En France, le bonus est à ce jour de 6..300 euros (dans la limite de 27 % du coût d'acquisition), mais il sera révisé en début d'année prochaine, avant la mise en vente. Toute l'actualité techno du Mondial de l'Auto Daimler a présenté à Paris en première mondiale la quatrième génération de la gamme Smart Electric Drive (ED, propulsion électrique). Cette fois le constructeur propose d'entrée toutes les carrosseries en motorisation électrique : la fortwo coupé, la fortwo cabrio et la forfour, soit la totalité de sa gamme. Malheureusement, excepté les nouvelles carrosseries, ces nouvelles Smart électriques n'apportent rien à leurs devancières sur le plan électrique. Elles reconduisent effectivement le composant principal d'une voiture électrique, la batterie, fabriquée par la filiale Deutsche Accumotive. Le porte-parole du constructeur avec lequel nous nous sommes entretenu le justifie par la volonté de maintenir les prix. Comme avant, en plus grand Avec sa capacité de 17,6 kWh, elle offre une autonomie NEDC de 160 km à la fortwo coupé, et de 155 km aux fortwo cabrio et forfour. Le moteur délivre une puissance de 60 kW, soit 80 cv, et un couple de 160 Nm. À titre de comparaison, un moteur thermique de 90 cv délivre environ 135 Nm. Le 0 à 100 km/h est effectué en 11,5 à 12,7 s, selon la carrosserie, la vitesse maximale est limitée électroniquement à 130 km/h. Pour recharger la batterie de 20 à 100 %, il faut 6 h sur une prise domestique de 230 V, 3,5 h sur une « Wallbox ». À bord, ces Smart ED sont identiques aux dernières Smart thermiques. On retrouve notamment le système d'info-divertissement dérivé du Renault R-Link de la génération précédente, d'un autre temps. Il y a néanmoins une connexion cellulaire embarquée et une application Smart Control, qui permettent de surveiller le niveau de charge et d'acclimater l'habitacle avant un départ, tant que la voiture est branchée. Ces nouvelles Smart ED seront commercialisées à partir du 1er semestre 2017. Les tarifs français ne sont pas encore connus, mais les trois carrosseries précitées seront vendues respectivement 22..000, 25..000 et 22..500 euros en Allemagne, où la TVA est de 19 %, avant déduction de subventions. En France, le bonus est à ce jour de 6..300 euros (dans la limite de 27 % du coût d'acquisition), mais il sera révisé en début d'année prochaine, avant la mise en vente. Toute l'actualité techno du Mondial de l'Auto Daimler a présenté à Paris en première mondiale la quatrième génération de la gamme Smart Electric Drive (ED, propulsion électrique). Cette fois le constructeur propose d'entrée toutes les carrosseries en motorisation électrique : la fortwo coupé, la fortwo cabrio et la forfour, soit la totalité de sa gamme. Malheureusement, excepté les nouvelles carrosseries, ces nouvelles Smart électriques n'apportent rien à leurs devancières sur le plan électrique. Elles reconduisent effectivement le composant principal d'une voiture électrique, la batterie, fabriquée par la filiale Deutsche Accumotive. Le porte-parole du constructeur avec lequel nous nous sommes entretenu le justifie par la volonté de maintenir les prix. Comme avant, en plus grand Avec sa capacité de 17,6 kWh, elle offre une autonomie NEDC de 160 km à la fortwo coupé, et de 155 km aux fortwo cabrio et forfour. Le moteur délivre une puissance de 60 kW, soit 80 cv, et un couple de 160 Nm. À titre de comparaison, un moteur thermique de 90 cv délivre environ 135 Nm. Le 0 à 100 km/h est effectué en 11,5 à 12,7 s, selon la carrosserie, la vitesse maximale est limitée électroniquement à 130 km/h. Pour recharger la batterie de 20 à 100 %, il faut 6 h sur une prise domestique de 230 V, 3,5 h sur une « Wallbox ». À bord, ces Smart ED sont identiques aux dernières Smart thermiques. On retrouve notamment le système d'info-divertissement dérivé du Renault R-Link de la génération précédente, d'un autre temps. Il y a néanmoins une connexion cellulaire embarquée et une application Smart Control, qui permettent de surveiller le niveau de charge et d'acclimater l'habitacle avant un départ, tant que la voiture est branchée. Ces nouvelles Smart ED seront commercialisées à partir du 1er semestre 2017. Les tarifs français ne sont pas encore connus, mais les trois carrosseries précitées seront vendues respectivement 22..000, 25..000 et 22..500 euros en Allemagne, où la TVA est de 19 %, avant déduction de subventions. En France, le bonus est à ce jour de 6..300 euros (dans la limite de 27 % du coût d'acquisition), mais il sera révisé en début d'année prochaine, avant la mise en vente. Toute l'actualité techno du Mondial de l'Auto Daimler a présenté à Paris en première mondiale la quatrième génération de la gamme Smart Electric Drive (ED, propulsion électrique). Cette fois le constructeur propose d'entrée toutes les carrosseries en motorisation électrique : la fortwo coupé, la fortwo cabrio et la forfour, soit la totalité de sa gamme. Malheureusement, excepté les nouvelles carrosseries, ces nouvelles Smart électriques n'apportent rien à leurs devancières sur le plan électrique. Elles reconduisent effectivement le composant principal d'une voiture électrique, la batterie, fabriquée par la filiale Deutsche Accumotive. Le porte-parole du constructeur avec lequel nous nous sommes entretenu le justifie par la volonté de maintenir les prix. Comme avant, en plus grand Avec sa capacité de 17,6 kWh, elle offre une autonomie NEDC de 160 km à la fortwo coupé, et de 155 km aux fortwo cabrio et forfour. Le moteur délivre une puissance de 60 kW, soit 80 cv, et un couple de 160 Nm. À titre de comparaison, un moteur thermique de 90 cv délivre environ 135 Nm. Le 0 à 100 km/h est effectué en 11,5 à 12,7 s, selon la carrosserie, la vitesse maximale est limitée électroniquement à 130 km/h. Pour recharger la batterie de 20 à 100 %, il faut 6 h sur une prise domestique de 230 V, 3,5 h sur une « Wallbox ». À bord, ces Smart ED sont identiques aux dernières Smart thermiques. On retrouve notamment le système d'info-divertissement dérivé du Renault R-Link de la génération précédente, d'un autre temps. Il y a néanmoins une connexion cellulaire embarquée et une application Smart Control, qui permettent de surveiller le niveau de charge et d'acclimater l'habitacle avant un départ, tant que la voiture est branchée. Ces nouvelles Smart ED seront commercialisées à partir du 1er semestre 2017. Les tarifs français ne sont pas encore connus, mais les trois carrosseries précitées seront vendues respectivement 22..000, 25..000 et 22..500 euros en Allemagne, où la TVA est de 19 %, avant déduction de subventions. En France, le bonus est à ce jour de 6..300 euros (dans la limite de 27 % du coût d'acquisition), mais il sera révisé en début d'année prochaine, avant la mise en vente. Toute l'actualité techno du Mondial de l'Auto Daimler a présenté à Paris en première mondiale la quatrième génération de la gamme Smart Electric Drive (ED, propulsion électrique). Cette fois le constructeur propose d'entrée toutes les carrosseries en motorisation électrique : la fortwo coupé, la fortwo cabrio et la forfour, soit la totalité de sa gamme. Malheureusement, excepté les nouvelles carrosseries, ces nouvelles Smart électriques n'apportent rien à leurs devancières sur le plan électrique. Elles reconduisent effectivement le composant principal d'une voiture électrique, la batterie, fabriquée par la filiale Deutsche Accumotive. Le porte-parole du constructeur avec lequel nous nous sommes entretenu le justifie par la volonté de maintenir les prix. Comme avant, en plus grand Avec sa capacité de 17,6 kWh, elle offre une autonomie NEDC de 160 km à la fortwo coupé, et de 155 km aux fortwo cabrio et forfour. Le moteur délivre une puissance de 60 kW, soit 80 cv, et un couple de 160 Nm. À titre de comparaison, un moteur thermique de 90 cv délivre environ 135 Nm. Le 0 à 100 km/h est effectué en 11,5 à 12,7 s, selon la carrosserie, la vitesse maximale est limitée électroniquement à 130 km/h. Pour recharger la batterie de 20 à 100 %, il faut 6 h sur une prise domestique de 230 V, 3,5 h sur une « Wallbox ». À bord, ces Smart ED sont identiques aux dernières Smart thermiques. On retrouve notamment le système d'info-divertissement dérivé du Renault R-Link de la génération précédente, d'un autre temps. Il y a néanmoins une connexion cellulaire embarquée et une application Smart Control, qui permettent de surveiller le niveau de charge et d'acclimater l'habitacle avant un départ, tant que la voiture est branchée. Ces nouvelles Smart ED seront commercialisées à partir du 1er semestre 2017. Les tarifs français ne sont pas encore connus, mais les trois carrosseries précitées seront vendues respectivement 22..000, 25..000 et 22..500 euros en Allemagne, où la TVA est de 19 %, avant déduction de subventions. En France, le bonus est à ce jour de 6..300 euros (dans la limite de 27 % du coût d'acquisition), mais il sera révisé en début d'année prochaine, avant la mise en vente. Toute l'actualité techno du Mondial de l'Auto Daimler a présenté à Paris en première mondiale la quatrième génération de la gamme Smart Electric Drive (ED, propulsion électrique). Cette fois le constructeur propose d'entrée toutes les carrosseries en motorisation électrique : la fortwo coupé, la fortwo cabrio et la forfour, soit la totalité de sa gamme. Malheureusement, excepté les nouvelles carrosseries, ces nouvelles Smart électriques n'apportent rien à leurs devancières sur le plan électrique. Elles reconduisent effectivement le composant principal d'une voiture électrique, la batterie, fabriquée par la filiale Deutsche Accumotive. Le porte-parole du constructeur avec lequel nous nous sommes entretenu le justifie par la volonté de maintenir les prix. Comme avant, en plus grand Avec sa capacité de 17,6 kWh, elle offre une autonomie NEDC de 160 km à la fortwo coupé, et de 155 km aux fortwo cabrio et forfour. Le moteur délivre une puissance de 60 kW, soit 80 cv, et un couple de 160 Nm. À titre de comparaison, un moteur thermique de 90 cv délivre environ 135 Nm. Le 0 à 100 km/h est effectué en 11,5 à 12,7 s, selon la carrosserie, la vitesse maximale est limitée électroniquement à 130 km/h. Pour recharger la batterie de 20 à 100 %, il faut 6 h sur une prise domestique de 230 V, 3,5 h sur une « Wallbox ». À bord, ces Smart ED sont identiques aux dernières Smart thermiques. On retrouve notamment le système d'info-divertissement dérivé du Renault R-Link de la génération précédente, d'un autre temps. Il y a néanmoins une connexion cellulaire embarquée et une application Smart Control, qui permettent de surveiller le niveau de charge et d'acclimater l'habitacle avant un départ, tant que la voiture est branchée. Ces nouvelles Smart ED seront commercialisées à partir du 1er semestre 2017. Les tarifs français ne sont pas encore connus, mais les trois carrosseries précitées seront vendues respectivement 22..000, 25..000 et 22..500 euros en Allemagne, où la TVA est de 19 %, avant déduction de subventions. En France, le bonus est à ce jour de 6..300 euros (dans la limite de 27 % du coût d'acquisition), mais il sera révisé en début d'année prochaine, avant la mise en vente. Modifié   publicité", "external_links": [], "published": "2016-10-03T23:04:00.000+03:00", "crawled": "2016-10-04T03:14:56.587+03:00", "highlightTitle": ""}