{"organizations": [], "uuid": "2743cc52bd114e821e87a052f44feb59f21a548c", "thread": {"social": {"gplus": {"shares": 0}, "pinterest": {"shares": 0}, "vk": {"shares": 0}, "linkedin": {"shares": 0}, "facebook": {"likes": 25, "shares": 25, "comments": 0}, "stumbledupon": {"shares": 0}}, "site_full": "www.lemonde.fr", "main_image": "http://s1.lemde.fr/image/2016/10/01/644x322/5006574_3_3953_alain-juppe-le-29-septembre-a-villeurbanne_f0716c8d69fc1487c8dd3f273f5dddf2.jpg", "site_section": "", "section_title": "", "url": "http://www.lemonde.fr/election-presidentielle-2017/article/2016/10/01/les-electeurs-de-gauche-s-invitent-dans-le-duel-juppe-sarkozy_5006576_4854003.html", "country": "US", "domain_rank": 944, "title": "Les électeurs de gauche s’invitent dans le duel Juppé-Sarkozy", "performance_score": 0, "site": "lemonde.fr", "participants_count": 0, "title_full": "Les électeurs de gauche s’invitent dans le duel Juppé-Sarkozy", "spam_score": 0.751, "site_type": "news", "published": "2016-10-01T17:41:00.000+03:00", "replies_count": 0, "uuid": "2743cc52bd114e821e87a052f44feb59f21a548c"}, "author": "Alexandre Lemari", "url": "http://www.lemonde.fr/election-presidentielle-2017/article/2016/10/01/les-electeurs-de-gauche-s-invitent-dans-le-duel-juppe-sarkozy_5006576_4854003.html", "ord_in_thread": 0, "title": "Les électeurs de gauche s’invitent dans le duel Juppé-Sarkozy", "locations": [], "entities": {"persons": [], "locations": [], "organizations": []}, "highlightText": "", "language": "french", "persons": [], "text": "Les électeurs de gauche s’invitent dans le duel Juppé-Sarkozy Le Monde | | Par Alexandre Lemarié \nLes électeurs de gauche viendront-ils voter en faveur d’Alain Juppé à la primaire à droite, afin de barrer la route à Nicolas Sarkozy ? A moins de deux mois du scrutin des 20 et 27 novembre, le sujet alimente tous les fantasmes et cristallise les tensions entre les deux favoris, qui s’accusent mutuellement de vouloir détourner l’élection. \nThéoriquement, la primaire de la droite ne s’adresse pas aux électeurs de gauche. Mais dans les faits, rien n’empêche ces derniers d’y participer car ce scrutin est ouvert à tous les Français, à condition d’être inscrit sur les listes électorales au 31 décembre 2015, de verser deux euros par tour et de s’engager sur l’honneur en signant la phrase suivante : « Je partage les valeurs républicaines de la droite et du centre et je m’engage pour l’alternance afin de réussir le redressement de la France. » \nLes sarkozystes font le pari que ce dernier point va rebuter certains électeurs de gauche, rétifs à l’idée de renier leurs valeurs. Mais dans la dernière enquête du Centre de recherches politiques de Sciences Po (Cevipof), réalisée par ­Ipsos-Sopra Steria et publiée dans Le Monde du lundi 26 septembre, 10 % d’entre eux se disent prêts à participer à la primaire à droite. La grande majorité entend exprimer son antisarkozysme en votant pour M. Juppé. \nLe feront-ils vraiment ? Beaucoup d’observateurs estiment que le phénomène restera marginal, en se basant sur l’expérience de la primaire... L’accès à la totalité de l’article est protégé Déjà abonné ? Identifiez-vous Les électeurs de gauche s’invitent dans le duel Juppé-Sarkozy Il vous reste 72% de l'article à lire ", "external_links": [], "published": "2016-10-01T17:41:00.000+03:00", "crawled": "2016-10-01T22:25:31.524+03:00", "highlightTitle": ""}