{"organizations": [], "uuid": "638745a41eb15e80953b507066530a2302891c0c", "thread": {"social": {"gplus": {"shares": 0}, "pinterest": {"shares": 0}, "vk": {"shares": 0}, "linkedin": {"shares": 19}, "facebook": {"likes": 0, "shares": 0, "comments": 0}, "stumbledupon": {"shares": 0}}, "site_full": "fr.news.yahoo.com", "main_image": "https://s.yimg.com/uu/api/res/1.2/1UqjXlnJp274wqpU2b54Rg--/aD04MTA7dz0xMjgwO3NtPTE7YXBwaWQ9eXRhY2h5b24-/http://media.zenfs.com/fr_FR/News/LeParisien/6024971_57a2705a-5d87-11e6-9d6a-41bf83d202ea-1.jpg", "site_section": "", "section_title": "", "url": "https://fr.news.yahoo.com/%C3%A9quipe-tf-1-agress%C3%A9e-%C3%A0-paris-050000773.html", "country": "IE", "domain_rank": 5, "title": "Une équipe de TF 1 agressée à Paris", "performance_score": 0, "site": "yahoo.com", "participants_count": 0, "title_full": "Une équipe de TF 1 agressée à Paris", "spam_score": 0.001, "site_type": "news", "published": "2016-10-01T13:00:00.000+03:00", "replies_count": 0, "uuid": "638745a41eb15e80953b507066530a2302891c0c"}, "author": "", "url": "https://fr.news.yahoo.com/%C3%A9quipe-tf-1-agress%C3%A9e-%C3%A0-paris-050000773.html", "ord_in_thread": 0, "title": "Une équipe de TF 1 agressée à Paris", "locations": [], "entities": {"persons": [], "locations": [], "organizations": []}, "highlightText": "", "language": "french", "persons": [], "text": "Épingler Partager Illustration. Quelques heures avant l'agression, deux jeunes étaient venus réclamer (en vain) de l'argent à la société de production en échange de leur « protection » Plus Le tournage a dû être interrompu prématurément. Une équipe de la société de production Cinétévé, qui enregistrait des séquences de la série « Une femme d'exception », programmée prochainement sur TF 1, a été violemment prise à partie par un groupe de jeunes, jeudi soir, dans le quartier parisien de Belleville. Une vingtaine d'adolescents (âgés pour la plupart d'une quinzaine d'années selon des témoins) ont tiré des mortiers d'artifice sur l'équipe, avant de dégrader le matériel de tournage. Cinq techniciens ont été légèrement blessés, dont l'un par un coup de poing au visage. Il pourrait s'agir d'une tentative de racket. Quelques heures avant l'agression, deux jeunes étaient venus réclamer (en vain) de l'argent à la société de production en échange de leur « protection ». Un jeune homme de 18 ans qui pourrait être impliqué dans l'expédition contre l'équipe de tournage a été interpellé vendredi au Kremlin-Bicêtre (Val-de-Marne). La série « Une femme d'exception », dont la date de diffusion n'est pas encore connue, sera la première à porter à l'écran une héroïne transgenre. ", "external_links": [], "published": "2016-10-01T13:00:00.000+03:00", "crawled": "2016-10-01T14:41:37.265+03:00", "highlightTitle": ""}