{"organizations": [], "uuid": "d37ba6c1036918b5042e6b2254f80c17bcc68ee9", "thread": {"social": {"gplus": {"shares": 0}, "pinterest": {"shares": 0}, "vk": {"shares": 0}, "linkedin": {"shares": 0}, "facebook": {"likes": 0, "shares": 0, "comments": 0}, "stumbledupon": {"shares": 0}}, "site_full": "fr.answers.yahoo.com", "main_image": "/static/images/answers-icon.png", "site_section": "https://fr.answers.yahoo.com/rss/allq?filter=intl&tab=popular", "section_title": "Yahoo Answers: Popular Questions", "url": "https://fr.answers.yahoo.com/question/index?qid=20161002055511AADqNKw", "country": "US", "domain_rank": 5, "title": "[ Courses moto ] Open Question : Pourquoi ne mettez pas des pouces en bas aux anonymes et pourquoi il n'y a pas de rubrique Anonymes?", "performance_score": 0, "site": "yahoo.com", "participants_count": 0, "title_full": "[ Courses moto ] Open Question : Pourquoi ne mettez pas des pouces en bas aux anonymes et pourquoi il n'y a pas de rubrique Anonymes?", "spam_score": 0.0, "site_type": "news", "published": "2016-10-02T20:55:00.000+03:00", "replies_count": 0, "uuid": "d37ba6c1036918b5042e6b2254f80c17bcc68ee9"}, "author": "", "url": "https://fr.answers.yahoo.com/question/index?qid=20161002055511AADqNKw", "ord_in_thread": 0, "title": "[ Courses moto ] Open Question : Pourquoi ne mettez pas des pouces en bas aux anonymes et pourquoi il n'y a pas de rubrique Anonymes?", "locations": [], "entities": {"persons": [], "locations": [], "organizations": []}, "highlightText": "", "language": "french", "persons": [], "text": "  Pourquoi ne mettez pas des pouces en bas aux anonymes et pourquoi il n'y a pas de rubrique Anonymes? On serait moins pollué pas ces abruti(e)s n'est ce pas..?  ", "external_links": [], "published": "2016-10-02T20:55:00.000+03:00", "crawled": "2016-10-02T18:42:28.428+03:00", "highlightTitle": ""}