{"organizations": [], "uuid": "660fd6af936557d58abcd4fbb334210750f1307e", "thread": {"social": {"gplus": {"shares": 0}, "pinterest": {"shares": 0}, "vk": {"shares": 0}, "linkedin": {"shares": 0}, "facebook": {"likes": 0, "shares": 0, "comments": 0}, "stumbledupon": {"shares": 0}}, "site_full": "www.lexpress.fr", "main_image": "", "site_section": "http://www.lexpress.fr/rss/lexpresspointfr.xml", "section_title": "LEXPRESS.fr - Rss A la Une", "url": "http://www.lexpress.fr/actualites/1/actualite/arnaud-montebourg-annonce-sa-participation-a-la-primaire-initiee-par-le-ps_1836716.html", "country": "FR", "domain_rank": 3353, "title": "Arnaud Montebourg annonce sa participation à la primaire initiée par le PS", "performance_score": 0, "site": "lexpress.fr", "participants_count": 1, "title_full": "Arnaud Montebourg annonce sa participation à la primaire initiée par le PS - L'Express", "spam_score": 0.0, "site_type": "news", "published": "2016-10-03T04:38:00.000+03:00", "replies_count": 0, "uuid": "660fd6af936557d58abcd4fbb334210750f1307e"}, "author": "lexpress.fr", "url": "http://www.lexpress.fr/actualites/1/actualite/arnaud-montebourg-annonce-sa-participation-a-la-primaire-initiee-par-le-ps_1836716.html", "ord_in_thread": 0, "title": "Arnaud Montebourg annonce sa participation à la primaire initiée par le PS", "locations": [], "entities": {"persons": [], "locations": [], "organizations": []}, "highlightText": "", "language": "french", "persons": [], "text": "Paris - L'ancien ministre de l'Economie Arnaud Montebourg a annoncé dimanche soir sur TF1 sa décision de participer à la primaire initiée par le PS, après l'adoption par le Conseil national du parti des modalités de cette dernière. \" J'ai décidé d'inscrire ma candidature à l'élection présidentielle de 2017 dans le cadre des primaires de la gauche \", a déclaré M. Montebourg, précisant qu'il se rangerait au résultat du vote, quel qu'il soit, même si c'est François Hollande qui l'emporte. \n ", "external_links": [], "published": "2016-10-03T04:38:00.000+03:00", "crawled": "2016-10-02T21:59:56.724+03:00", "highlightTitle": ""}