{"organizations": [], "uuid": "f40e9ddbf1eb858818074871afd94cbdb8dba058", "thread": {"social": {"gplus": {"shares": 0}, "pinterest": {"shares": 0}, "vk": {"shares": 0}, "linkedin": {"shares": 0}, "facebook": {"likes": 0, "shares": 0, "comments": 0}, "stumbledupon": {"shares": 0}}, "site_full": "fr.news.yahoo.com", "main_image": "https://s.yimg.com/uu/api/res/1.2/PoUhd3tK0N6kSMFliBrbWA--/aD01NzY7dz0xMDI0O3NtPTE7YXBwaWQ9eXRhY2h5b24-/http://d.yimg.com/hd/francetvinfo/2/3/2b0e7143-b055-4896-813e-68b5c67056bd_8bINu4hzX8WR9kel25r-uPY_c6BIbhQyyYybGEXXNz_gA6-4t0TO2jpRyrETPpSbsb5x-hxoBeY-_2_0.jpg?s=63ea1a101c6a0b807055d6ae7f36c32c&amp;c=5e1e8a59f87623325a6f3daed2d4cafd&amp;a=francetvinfo&amp;mr=0", "site_section": "https://fr.news.yahoo.com/insolite/?format=rss", "section_title": "News Insolite | Actualités & informations - Yahoo Actualités FR", "url": "https://fr.news.yahoo.com/d%C3%A9couverte-loz%C3%A8re-cerf-brame-t%C3%B4t-matin-143652802.html", "country": "US", "domain_rank": 5, "title": "Découverte : en Lozère, le cerf brame tôt le matin", "performance_score": 0, "site": "yahoo.com", "participants_count": 0, "title_full": "Découverte : en Lozère, le cerf brame tôt le matin", "spam_score": 0.0, "site_type": "news", "published": "2016-10-01T03:00:00.000+03:00", "replies_count": 0, "uuid": "f40e9ddbf1eb858818074871afd94cbdb8dba058"}, "author": "", "url": "https://fr.news.yahoo.com/d%C3%A9couverte-loz%C3%A8re-cerf-brame-t%C3%B4t-matin-143652802.html", "ord_in_thread": 0, "title": "Découverte : en Lozère, le cerf brame tôt le matin", "locations": [], "entities": {"persons": [], "locations": [], "organizations": []}, "highlightText": "", "language": "french", "persons": [], "text": "Le jour n'a pas encore pointé le bout de son nez que déjà Romain, Lucas et Christophe sont en chemin quelque part sur la Margeride (Lozère). Au bout d'une trentaine de minutes d'ascension, les premiers brames résonnent à quelques centaines de mètres autour de nous. \" Au regard ce que l'on vient d'écouter, il semblerait que sur le fond du vallon, on puisse approcher quelques animaux. On a entre cinq et sept individus qui brament \", explique Christophe Rieutord, technicien à la fédération de chasse de Lozère.\n\"Ne pas les déranger\" Approcher des cerfs , c'est toute la difficulté de l'opération. Une difficulté que connaît bien Romain, lui qui se passionne pour la photographie animalière. \" L'idéal, c'est d'arriver à ne pas déranger les animaux et d'avoir une attitude naturelle, c'est-à-dire capturer l'animal dans une ambiance avec de belles lumières \", raconte-t-il. Même en cette saison, propice à l'observation, peu de cerfs se sont laissés contempler ce matin. \n\nRetrouvez cet article sur Francetv info \n\nMont-de-Marsan : une manifestation pour exiger un retour aux traditions \nAfrique du Sud : les kidnappeurs de Buddy le manchot inculpés pour vol \nVIDEO. Vous n'avez jamais vu autant de bébés pandas réunis \n\"Adopte un bobo\", la campagne d'une fédération écologiste pour sauver la biodiversité en Rhône-Alpes \nVIDEO. Les premiers pas d'un petit rhinocéros dans un zoo américain", "external_links": [], "published": "2016-10-01T03:00:00.000+03:00", "crawled": "2016-10-01T22:38:10.194+03:00", "highlightTitle": ""}