{"organizations": [], "uuid": "cfd342b88917ef781e0520404dc4a478b7d71a2d", "thread": {"social": {"gplus": {"shares": 0}, "pinterest": {"shares": 0}, "vk": {"shares": 0}, "linkedin": {"shares": 0}, "facebook": {"likes": 0, "shares": 0, "comments": 0}, "stumbledupon": {"shares": 0}}, "site_full": "www.anibis.ch", "main_image": "https://can01.anibis.ch/iPad-Apple-Ipad-Air-2-32-GB/?1024x728/3/90/anibis/952/769/016/CRKpJr4sR02iqwl9wvDuGQ_1.jpg", "site_section": "http://anibis.ch//fr/ordinateurs-,-bureau--17/rssexport.aspx", "section_title": "Petites annonces Ordinateurs & Bureau", "url": "http://www.anibis.ch/fr/ordinateurs-~-bureau--17/apple-ipad-air-2-32-gb--16769952.aspx", "country": "CH", "domain_rank": 8918, "title": "Apple Ipad Air 2 32 GB", "performance_score": 0, "site": "anibis.ch", "participants_count": 0, "title_full": "Apple Ipad Air 2 32 GB", "spam_score": 0.0, "site_type": "news", "published": "2016-10-02T18:46:00.000+03:00", "replies_count": 0, "uuid": "cfd342b88917ef781e0520404dc4a478b7d71a2d"}, "author": "", "url": "http://www.anibis.ch/fr/ordinateurs-~-bureau--17/apple-ipad-air-2-32-gb--16769952.aspx", "ord_in_thread": 0, "title": "Apple Ipad Air 2 32 GB", "locations": [], "entities": {"persons": [], "locations": [], "organizations": []}, "highlightText": "", "language": "french", "persons": [], "text": "Apple Ipad Air 2 32 GB Type d'insertion: Etat comme neuf (pas de griffures et entièrement protégé) Vendu avec étui de protection Smartcase Payer simplement et en toute sécurité? Envoyer et recevoir de l'argent avec Cet utilisateur a confirmé son compte avec un numéro de mobile valable. gregistar Membre depuis le 30.04.2008 Êtes-vous intéressé par cette offre? Ecrivez un message à l’annonceur. Mon nom : Transmettre l'annonce par e-mail Vous connaissez quelqu'un qui pourrait s'intéresser à cette annonce ? Envoyez lui un e-mail grâce à ce formulaire. Expéditeur : Veuillez nous indiquer en quelques mots pourquoi cette annonce est une arnaque. e-mail* : Indiquez-nous d'autres annonces concernées (optionel): Multipostage (spam) A votre avis, pourquoi s'agit-il d'une fraude? Fraude  ", "external_links": [], "published": "2016-10-02T18:46:00.000+03:00", "crawled": "2016-10-02T14:10:15.901+03:00", "highlightTitle": ""}