{"organizations": [], "uuid": "fac3ec840f9f30ce27471a7ef0550f75b36cc8d1", "thread": {"social": {"gplus": {"shares": 0}, "pinterest": {"shares": 0}, "vk": {"shares": 0}, "linkedin": {"shares": 0}, "facebook": {"likes": 0, "shares": 0, "comments": 0}, "stumbledupon": {"shares": 0}}, "site_full": "www.anibis.ch", "main_image": "https://can01.anibis.ch/Lunettes-de-soleil-Lunettes-de-soleil-Cartier-authentiques/?1024x728/3/90/anibis/393/778/016/-cw17G8aY0-AYTQ1cFDWow_1.jpg", "site_section": "http://anibis.ch//fr/v%c3%aatements-,-accessoires--34/rssexport.aspx", "section_title": "Petites annonces Vêtements & accessoires", "url": "http://www.anibis.ch/fr/v%c3%aatements-~-accessoires--34/lunettes-de-soleil-cartier-authentiques--16778393.aspx", "country": "CH", "domain_rank": 8918, "title": "Lunettes de soleil Cartier authentiques", "performance_score": 0, "site": "anibis.ch", "participants_count": 0, "title_full": "Lunettes de soleil Cartier authentiques", "spam_score": 0.0, "site_type": "news", "published": "2016-10-03T06:40:00.000+03:00", "replies_count": 0, "uuid": "fac3ec840f9f30ce27471a7ef0550f75b36cc8d1"}, "author": "", "url": "http://www.anibis.ch/fr/v%c3%aatements-~-accessoires--34/lunettes-de-soleil-cartier-authentiques--16778393.aspx", "ord_in_thread": 0, "title": "Lunettes de soleil Cartier authentiques", "locations": [], "entities": {"persons": [], "locations": [], "organizations": []}, "highlightText": "", "language": "french", "persons": [], "text": "Lunettes de soleil Cartier authentiques Type d'insertion: \nLunettes de soleil Cartier authentiques. \nVoir mes autres annonces.   message à l’annonceur.   Envoyer \nLes annonces suivantes pourront peut-être aussi vous intéresser", "external_links": [], "published": "2016-10-03T06:40:00.000+03:00", "crawled": "2016-10-03T01:54:57.614+03:00", "highlightTitle": ""}