{"organizations": [], "uuid": "bd023b80456c26633227334ab107a2cb6650effd", "thread": {"social": {"gplus": {"shares": 1}, "pinterest": {"shares": 0}, "vk": {"shares": 0}, "linkedin": {"shares": 0}, "facebook": {"likes": 28, "shares": 28, "comments": 0}, "stumbledupon": {"shares": 0}}, "site_full": "france3-regions.francetvinfo.fr", "main_image": "http://france3-regions.francetvinfo.fr/centre/sites/regions_france3/files/styles/top_big/public/assets/images/2016/10/01/chat_miognon.jpg?itok=Dh5XDxi3", "site_section": "http://france3-regions.francetvinfo.fr/centre/actu/rss", "section_title": "Centre-Val de Loire", "url": "http://france3-regions.francetvinfo.fr/centre/portes-ouvertes-dans-les-spa-de-la-region-venez-adopter-1098969.html", "country": "FR", "domain_rank": 3566, "title": "Portes ouvertes dans les SPA de la région : venez adopter!", "performance_score": 0, "site": "francetvinfo.fr", "participants_count": 1, "title_full": "Portes ouvertes dans les SPA de la région : venez adopter!", "spam_score": 0.0, "site_type": "news", "published": "2016-10-01T18:00:00.000+03:00", "replies_count": 0, "uuid": "bd023b80456c26633227334ab107a2cb6650effd"}, "author": "Juliette Roché", "url": "http://france3-regions.francetvinfo.fr/centre/portes-ouvertes-dans-les-spa-de-la-region-venez-adopter-1098969.html", "ord_in_thread": 0, "title": "Portes ouvertes dans les SPA de la région : venez adopter!", "locations": [], "entities": {"persons": [], "locations": [], "organizations": []}, "highlightText": "", "language": "french", "persons": [], "text": "01/10/2016 à 15:02 © JB et JR Truffes ou moustaches, venez les rencontrer ce week-end dans votre SPA. Après les nombreux abandons de cet été, les refuges débordent de petites et de grosses boules de poils. A vous de faire un beau geste! Une petite vidéo mignonne rien que pour vous. Portes ouvertes des SPA : venez adopter! La SPA ouvre ses portes ce week-end, à vous d'adopter une de ces petites bêtes... - F3CVDL - JR et WS \nORLEANS : 20 Chemin du Pont Cotelle - Tél. : 02 38 44 89 64 LA FERTE ST AUBIN : R.N. 20 – Route d’Ardon - Tél. : 02 38 64 68 34 BOURGES : Route des 4 Vents - Tél : 02 48 24 13 32 MONTIERCHAUME : Refuge des Rosiers Zone industrielle de la Malterie - Tél : 02 54 34 74 27 SASSAY : 3 Route de Oisly - Tél : 02 54 79 57 85", "external_links": [], "published": "2016-10-01T18:00:00.000+03:00", "crawled": "2016-10-01T16:08:39.112+03:00", "highlightTitle": ""}