{"organizations": [], "uuid": "ed9d91f081a59c56cfca1e88df523d0d833deb45", "thread": {"social": {"gplus": {"shares": 0}, "pinterest": {"shares": 0}, "vk": {"shares": 0}, "linkedin": {"shares": 0}, "facebook": {"likes": 235, "shares": 235, "comments": 0}, "stumbledupon": {"shares": 0}}, "site_full": "www.dhnet.be", "main_image": "http://ra.ldh.be/image/fa/57efd6e3cd70871fc423d9fa.jpg", "site_section": "http://dhnet.be//rss.xml", "section_title": "DH.be - La Une", "url": "http://www.dhnet.be/sports/football/europe/championnatsetrangers/dimitri-payet-met-un-but-exceptionnel-a-victor-valdes-video-57efd6f0cd70871fc423d9fc", "country": "BE", "domain_rank": 5754, "title": "Dimitri Payet met un but exceptionnel à Victor Valdes (VIDEO)", "performance_score": 2, "site": "dhnet.be", "participants_count": 1, "title_full": "Dimitri Payet met un but exceptionnel à Victor Valdes (VIDEO)", "spam_score": 0.0, "site_type": "news", "published": "2016-10-01T22:32:00.000+03:00", "replies_count": 0, "uuid": "ed9d91f081a59c56cfca1e88df523d0d833deb45"}, "author": "Rédaction en ligne", "url": "http://www.dhnet.be/sports/football/europe/championnatsetrangers/dimitri-payet-met-un-but-exceptionnel-a-victor-valdes-video-57efd6f0cd70871fc423d9fc", "ord_in_thread": 0, "title": "Dimitri Payet met un but exceptionnel à Victor Valdes (VIDEO)", "locations": [], "entities": {"persons": [], "locations": [], "organizations": []}, "highlightText": "", "language": "french", "persons": [], "text": "Premier League: Liverpool continue sa course folle face à Swansea Championnats étrangers Ce n'est un secret pour personne: Dimitri Payet est dotée d'une technique incroyable. \nLe joueur français l'a encore démontré ce samedi sur les pelouses de Premier League. Face à Middlesbrough, l'ailier y a été d'un solo spectaculaire pour inscrire le but égalisateur (1-1). Parti d'assez loin sur son flanc gauche, il a dribblé toute la défense (5 adversaires!) pour finalement tromper la vigilance de Victor Valdes. \nUn joli jeu de jambes et une percée à la Messi qui a ravi tout le public de West Ham. Et nous aussi! Encore une merveille de Payet il humilie 4 joueurs. pic.twitter.com/iuW1uEyUfP — Pierre Perez (@HOM_CFC) October 1, 2016 Sur le même sujet :", "external_links": [], "published": "2016-10-01T22:32:00.000+03:00", "crawled": "2016-10-01T18:55:44.154+03:00", "highlightTitle": ""}