{"organizations": [], "uuid": "3baddc97b63e17508bbdbb490796ec52ea575cdd", "thread": {"social": {"gplus": {"shares": 0}, "pinterest": {"shares": 0}, "vk": {"shares": 0}, "linkedin": {"shares": 0}, "facebook": {"likes": 33, "shares": 33, "comments": 0}, "stumbledupon": {"shares": 0}}, "site_full": "www.7sur7.be", "main_image": "http://static1.7sur7.be/static/photo/2016/3/8/4/20161001123912/media_xll_9119794.jpg", "site_section": "http://www.7sur7.be/rss.xml", "section_title": "7SUR7.be Info, sport et showbiz, 24/24, 7/7, plus de 350 mises à jour quotidiennes", "url": "http://www.7sur7.be/7s7/fr/16921/Syrie/article/detail/2892977/2016/10/01/Le-plus-grand-hopital-rebelle-d-Alep-a-nouveau-bombarde.dhtml", "country": "BE", "domain_rank": 8663, "title": "Le plus grand hôpital rebelle d'Alep à nouveau bombardé", "performance_score": 0, "site": "7sur7.be", "participants_count": 1, "title_full": "Le plus grand hôpital rebelle d'Alep à nouveau bombardé", "spam_score": 0.0, "site_type": "news", "published": "2016-10-01T18:41:00.000+03:00", "replies_count": 0, "uuid": "3baddc97b63e17508bbdbb490796ec52ea575cdd"}, "author": "rédaction", "url": "http://www.7sur7.be/7s7/fr/16921/Syrie/article/detail/2892977/2016/10/01/Le-plus-grand-hopital-rebelle-d-Alep-a-nouveau-bombarde.dhtml", "ord_in_thread": 0, "title": "Le plus grand hôpital rebelle d'Alep à nouveau bombardé", "locations": [], "entities": {"persons": [], "locations": [], "organizations": []}, "highlightText": "", "language": "french", "persons": [], "text": "1/10/16 - 12h41 Source: Belga © afp. Le plus grand hôpital des quartiers rebelles d'Alep a été la cible, samedi, d'au moins deux barils d'explosifs, a rapporté la Syrian American Medical Society (SAMS), trois jours après avoir été déjà bombardé. \n\"Deux barils d'explosifs ont frappé l'hôpital M10 et il y a des informations sur l'utilisation d'une bombe à fragmentation\", d'après Adham Sahloul, de SAMS, l'ONG basée aux Etats-Unis qui gère cet hôpital. Cet établissement médical ainsi qu'un autre avaient déjà été la cible de bombardements mercredi. Lire aussi", "external_links": [], "published": "2016-10-01T18:41:00.000+03:00", "crawled": "2016-10-01T14:17:49.999+03:00", "highlightTitle": ""}