{"organizations": [], "uuid": "357c73e323b85f46b479ea9868f75a5cf146e6ee", "thread": {"social": {"gplus": {"shares": 0}, "pinterest": {"shares": 0}, "vk": {"shares": 0}, "linkedin": {"shares": 0}, "facebook": {"likes": 569, "shares": 569, "comments": 0}, "stumbledupon": {"shares": 0}}, "site_full": "www.eurosport.fr", "main_image": "http://i.eurosport.com/2016/08/20/1915759-40310849-1600-900.jpg", "site_section": "http://www.eurosport.fr/rss.xml", "section_title": "Eurosport - Top des infos", "url": "http://www.eurosport.fr/football/transferts/2016-2017/ibrahimovic-gerrard-juventus.-les-5-infos-mercato-qui-vous-ont-echappe-ce-week-end_sto5890537/story.shtml", "country": "FR", "domain_rank": 3169, "title": "Les 5 infos mercato qui vous ont échappé ce week-end", "performance_score": 5, "site": "eurosport.fr", "participants_count": 0, "title_full": "Les 5 infos mercato qui vous ont échappé ce week-end", "spam_score": 0.0, "site_type": "news", "published": "2016-10-02T22:23:00.000+03:00", "replies_count": 0, "uuid": "357c73e323b85f46b479ea9868f75a5cf146e6ee"}, "author": "", "url": "http://www.eurosport.fr/football/transferts/2016-2017/ibrahimovic-gerrard-juventus.-les-5-infos-mercato-qui-vous-ont-echappe-ce-week-end_sto5890537/story.shtml", "ord_in_thread": 0, "title": "Les 5 infos mercato qui vous ont échappé ce week-end", "locations": [], "entities": {"persons": [], "locations": [], "organizations": []}, "highlightText": "", "language": "french", "persons": [], "text": "il y a 46 minutes 0 0 0 TRANSFERTS – Ibrahimovic a refusé une somme astronomique venue de Chine, Gerrard pourrait revenir en Angleterre : tout est dans notre bulletin mercato du week-end. Ibrahimovic aurait refusé un pont d'or de la Chine Zlatan Ibrahimovic avait manifestement l'opportunité de toucher un joli pactole en Chine à la fin de son contrat avec le PSG , avant de décider de s'engager avec Manchester United . C'est en tout cas ce que son agent Mino Raiola a affirmé dans les colonnes du quotidien italien Il Giornale. \" Il a refusé une offre de 100 millions d'euros net de la part des Chinois , a-t-il déclaré. Il ne veut pas d'argent, il veut gagner .\" Notre avis : Crédible, pas parce que Raiola le dit mais parce que les salaires en Chine dépasse l'entendement. Mais Ibra dans le championnat chinois, cela aurait été dommage à tous les niveaux. Gerrard de retour en Angleterre ? A deux mois de la fin de son contrat avec le LA Galaxy, Steven Gerrard n'a toujours pas prolongé avec la franchise californienne. A 36 ans, le milieu anglais n'est pas encore certain \" à 100% \" de poursuivre sa carrière, mais il envisage de le faire et un retour en Angleterre n'est pas à exclure pour l'ancienne légende de Liverpool . \" J'adore toujours jouer , a-t-il expliqué au Daily Mirror . J'aime toujours la compétition, donc s'il y a une opportunité pour rester ici ou signer ailleurs pour six mois ou un an, je vais la considérer. \" Notre avis : Un retour de Gerrard en Angleterre serait quand même surprenant. On le voit davantage poursuivre en MLS. Lloris vers une prolongation à Tottenham ? Tottenham serait sur le point de poursuivre sa vague de prolongation de contrats à en croire The Daily Mirror . Après Harry Kane , Eric Dier, Dele Alli, Kyle Walker , Christian Eriksen et Danny Rose , Hugo Lloris et Toby Alderweireld seraient eux-aussi sur le point de prolonger avec les Spurs d'après le tabloïd britannique. Notre avis : Lloris est le capitaine des Spurs. Dans la logique de Pochettino de bâtir sur le long terme avec son effectif, la prolongation du gardien français est une évidence. \nHugo Lloris (Tottenham) Panoramic La Juve penserait à faire revenir Morata Seulement six mois après l'avoir quittée pour retrouver le Real Madrid , Alvaro Morata pourrait retourner à la Juventus Turin lors prochain mercato selon Tuttosport, qui consacre sa Une à un éventuel retour de l'attaquant espagnol dans le Piémont ce dimanche. Morata ne serait pas satisfait de son temps de jeu à Madrid, et la Vieille Dame serait prête à le relancer cet hiver. Mais de nombreux clubs de Premier League, notamment Arsenal et Chelsea , sont aussi intéressés. Notre avis : Morata a quand même du temps de jeu au Real, et le club merengue serait certainement réticent à l'idée de lâcher en milieu de saison la seule pointe de son effectif avec Benzema. L'Atlético veut blinder Carrasco Selon As, l' Atlético Madrid veut augmenter la clause libératoire de Yannick Carrasco, qui s'élève actuellement à 40 millions d'euros. Les dirigeants des Colchoneros voient l'ancien Monégasque, âgé de 23 ans, comme l'un des éléments les plus prometteurs de leur effectif et voudraient éviter de le voir filer dans un autre club. Dans cette optique, ils veulent faire passer sa clause libératoire à 100 millions d'euros. Notre avis : L'Atlético serait inspiré de faire vite. 40 millions d'euros, c'est un prix abordable pour un joueur comme Carrasco. \nYannick Carrasco en finale de Ligue des champions AFP \nPour approfondir", "external_links": [], "published": "2016-10-02T22:23:00.000+03:00", "crawled": "2016-10-02T18:48:53.010+03:00", "highlightTitle": ""}