{"organizations": [], "uuid": "cdcf6e13f8c957eacd8454d1c38de1fdcf241a96", "thread": {"social": {"gplus": {"shares": 0}, "pinterest": {"shares": 0}, "vk": {"shares": 0}, "linkedin": {"shares": 0}, "facebook": {"likes": 39, "shares": 39, "comments": 0}, "stumbledupon": {"shares": 0}}, "site_full": "www.canalplus.fr", "main_image": "http://media.canal-plus.com/image/16/7/705167.ogfb.jpg", "site_section": "", "section_title": "", "url": "http://www.canalplus.fr/series/news-series/cid1417629-les-nouveautes-series-de-la-semaine.html", "country": "FR", "domain_rank": 5174, "title": "Les nouveautés séries de la semaine - News Série", "performance_score": 0, "site": "canalplus.fr", "participants_count": 0, "title_full": "Les nouveautés séries de la semaine - News Série", "spam_score": 0.186, "site_type": "news", "published": "2016-09-30T08:00:00.000+03:00", "replies_count": 0, "uuid": "cdcf6e13f8c957eacd8454d1c38de1fdcf241a96"}, "author": "Canal", "url": "http://www.canalplus.fr/series/news-series/cid1417629-les-nouveautes-series-de-la-semaine.html", "ord_in_thread": 0, "title": "Les nouveautés séries de la semaine - News Série", "locations": [], "entities": {"persons": [], "locations": [], "organizations": []}, "highlightText": "", "language": "french", "persons": [], "text": "Gomorra saison 2, The Big Bang Theory saison 10 et Brooklyn Nine Nine saison 4 au programme de la semaine sur CANAL+ et CANAL+ SÉRIES \n\nGomorra Saison 2 – Tous les jeudis sur CANAL+ \nIntégralité des saisons 1 et 2 disponibles sur MyCANAL . \nIl pensait avoir toute gagné ; Ciro a peut-être beaucoup trop perdu. Face à lui, les Savastano n'ont pas dit leur dernier mot... \nThe Big Bang Theory Saison 10 – Tous les lundis à 23h25 dans la foulée des USA en VOST sur CANAL+ SÉRIES \nÉpisode 1 diffusé cette semaine et disponible sur MyCANAL . \nDans cette dixième saison, Penny et Léonard s’apprêtent à renouveler leurs vœux, mais l’équation va être compliquée par l’arrivée de la mère et du frère de Penny… De nouvelles aventures qui promettent d’être très \"Big Bang\". \nBrooklyn Nine Nine Saison 4– Tous les lundis à 23h50 dans la foulée des USA en VOST sur CANAL+ SÉRIES \nÉpisode 1 diffusé cette semaine et disponible sur MyCANAL . \nRetour des flics borderline du commissariat du 9-9, aussi prompts à protéger la vie des citoyens de Brooklyn qu’à faire les pires gaffes. \nBraquo Ultime Saison – Tous les lundis sur CANAL+ \nIntégralité des 4 saisons disponible sur MyCANAL . \nClap de fin pour la bande à Caplan pour une ultime saison forte en rebondissements... \nParks & Recreation – Tous les lundis sur CANAL+ SÉRIES \nÉpisodes 6 à 10 de la saison 5 diffusés cette semaine. Episodes 1 à 10 disponibles sur MyCANAL . \nToujours aussi ambitieuse pour elle-même et pour sa petite municipalité, Leslie Knope est à présent conseillère municipale et son équipe de bras cassés doit apprendre à gérer dans elle. \nThe Strain Saison 3 – Tous les mardis dans la foulée des USA en VOST sur CANAL+ SÉRIES \nÉpisode 5 diffusé cette semaine. Épisodes 1 à 5 disponibles sur MyCANAL . \nLa série de Guillermo del Toro et Chuck Hogan est de retour pour une troisième saison, où nos héros auront pour mission de sauver la ville de New York et (peut-être) du monde entier… \nFear The Walking Dead Saison 2 partie B – en simultané des USA dans la nuit du dimanche à lundi en VF et VOST sur CANAL+ SÉRIES \nÉpisode 13 diffusé cette semaine. Épisodes 1 à 13 disponibles sur MyCANAL . \nOn continue l’aventure en plein cœur du Mexique où les zombies ont envahis le monde et où nos survivants voyagent dans une Amérique du Sud déserte et terrifiante... \nVikings Saison 4 – Tous les mercredis sur CANAL+ SÉRIES. \nÉpisodes 9 et 10 diffusés cette semaine. Intégralité de la saison 4 disponible sur MyCANAL . \nLe conflit entre Ragnar et son frère Rollo continue dans cette nouvelle saison où nos vikings s’affronteront jusqu’à la mort… \nHalt And Catch Fire Saison 3 – Tous les jeudis soirs dans la foulée des USA en VOST sur CANAL+ SÉRIES \nÉpisode 7 diffusé cette semaine. Épisodes 1 à 7 disponibles sur MyCANAL . \nPlongez dans les années 80, en pleine saga de l'explosion de l'informatique. Intuitions géniales, enjeux technologiques et coups fourrés sont au programme d'une troisième saison toujours aussi passionnante. \nThe Bridge (Bron/Broen) Saison 3 – Tous les samedis à 20h50 sur CANAL+ SÉRIES \nIntégralité des saisons 2 et 3 disponible sur MyCANAL . \nLa série scandinave revient pour une nouvelle saison, où Saga Norén, fin limier mais asociale, enquête sur le meurtre d’une célèbre militante pour les droits des homosexuels… \n\nComing soon… \nFear The Walking Dead saison 2 épisodes 14 et 15 en simultané des USA dans la nuit de dimanche à lundi sur CANAL+ SÉRIES \nParks And Recreation saison 5 épisodes 11 à 16, lundi à 20h50 sur CANAL+ SÉRIES \nBig Bang Theory saison 10 épisode 2, lundi à 23h35 dans la foulée des USA sur CANAL+ SÉRIES \nBrooklyn Nine Nine saison 4 épisode 2, lundi à 23h55 dans la foulée des USA sur CANAL+ SÉRIES \nThe Strain saison 3 épisode 6 mardi dans la foulée des USA sur CANAL+ SÉRIES \nTrue Detective saison 2 épisodes 1 et 2, mercredi à 20h50 sur CANAL+ SÉRIES \nShameless saison 7 épisode 1, mercredi à 23h30 sur CANAL+ SÉRIES \nHalt And Catch Fire saison 3 épisode 8 jeudi 23H05 sur CANAL+ SÉRIES \nGomorra saison 2 épisode 3 et 4, jeudi à 21h sur CANAL+ Séries étrangères ", "external_links": [], "published": "2016-09-30T08:00:00.000+03:00", "crawled": "2016-10-02T10:13:40.882+03:00", "highlightTitle": ""}