{"organizations": [], "uuid": "7ab408e3d9e4f73c2bd448a82ab16514683de978", "thread": {"social": {"gplus": {"shares": 0}, "pinterest": {"shares": 0}, "vk": {"shares": 0}, "linkedin": {"shares": 0}, "facebook": {"likes": 0, "shares": 0, "comments": 0}, "stumbledupon": {"shares": 0}}, "site_full": "www.leparisien.fr", "main_image": "http://s1.lprs1.fr/assets/img/placeholder_ogimage.png", "site_section": "http://www.leparisien.fr/actus/atp", "section_title": "Atp - Toute l'info sur Atp - le Parisien", "url": "http://www.leparisien.fr/sports/le-chiffre-02-10-2016-6167697.php", "country": "FR", "domain_rank": 2525, "title": "Le chiffre", "performance_score": 0, "site": "leparisien.fr", "participants_count": 1, "title_full": "Le chiffre - le Parisien", "spam_score": 0.017, "site_type": "news", "published": "2016-10-02T07:31:00.000+03:00", "replies_count": 0, "uuid": "7ab408e3d9e4f73c2bd448a82ab16514683de978"}, "author": "leparisien.fr", "url": "http://www.leparisien.fr/sports/le-chiffre-02-10-2016-6167697.php", "ord_in_thread": 0, "title": "Le chiffre", "locations": [], "entities": {"persons": [], "locations": [], "organizations": []}, "highlightText": "", "language": "french", "persons": [], "text": "26 Richard Gasquet dispute ce matin (11 h 30, heure française) la 26 e finale de sa carrière sur le circuit ATP, à Shenzhen (Chine) face au Tchèque Tomas Berdych. Avec 13 titres, il est le joueur français en activité le plus titré, devant Jo-Wilfried Tsonga, Gilles Simon (12 titres tous les deux) et Gaël Monfils (5). Yannick Noah reste le plus titré (23 succès).\n Le Parisien", "external_links": [], "published": "2016-10-02T07:31:00.000+03:00", "crawled": "2016-10-04T18:11:36.683+03:00", "highlightTitle": ""}