{"organizations": [], "uuid": "ac42da5748e70b87fc7c9c6e85d9b367ac2a0403", "thread": {"social": {"gplus": {"shares": 0}, "pinterest": {"shares": 0}, "vk": {"shares": 0}, "linkedin": {"shares": 0}, "facebook": {"likes": 0, "shares": 0, "comments": 0}, "stumbledupon": {"shares": 0}}, "site_full": "www.anibis.ch", "main_image": "https://can01.anibis.ch/Vaud-A-louer-pour-cause-depart/?1024x728/3/90/anibis/052/782/016/CCI7idWglkWs4tKpjvrUAw_1.jpg", "site_section": "http://anibis.ch//fr/immobilier--16/rssexport.aspx", "section_title": "Petites annonces Immobilier", "url": "http://www.anibis.ch/fr/immobilier--16/a-louer-pour-cause-depart--16782052.aspx", "country": "CH", "domain_rank": 8918, "title": "A louer pour cause depart", "performance_score": 0, "site": "anibis.ch", "participants_count": 0, "title_full": "A louer pour cause depart", "spam_score": 0.0, "site_type": "news", "published": "2016-10-04T01:34:00.000+03:00", "replies_count": 0, "uuid": "ac42da5748e70b87fc7c9c6e85d9b367ac2a0403"}, "author": "", "url": "http://www.anibis.ch/fr/immobilier--16/a-louer-pour-cause-depart--16782052.aspx", "ord_in_thread": 0, "title": "A louer pour cause depart", "locations": [], "entities": {"persons": [], "locations": [], "organizations": []}, "highlightText": "", "language": "french", "persons": [], "text": "A louer pour cause depart Type d'insertion: 31.10.2016 Description: \nApp en attique au porte de Nyon,pas de vis a vis,2 terasse une de 29,2 m2 et 21,8m2.Visite du lundi au samedi de 14h à 21h : Tel : 076 341 16 67. Utile en cas de déménagement MOVU – Les meilleurs alliés pour les déménagements et les nettoyages. En savoir plus Fraude ? Cet utilisateur a confirmé son compte avec un numéro de mobile valable. chymere Membre depuis le 29.08.2013 Téléphone : +33 763411667 Transmettre l'annonce par e-mail Vous connaissez quelqu'un qui pourrait s'intéresser à cette annonce ? Envoyez lui un e-mail grâce à ce formulaire. Expéditeur : Veuillez nous indiquer en quelques mots pourquoi cette annonce est une arnaque. e-mail* : Indiquez-nous d'autres annonces concernées (optionel): Multipostage (spam) A votre avis, pourquoi s'agit-il d'une fraude? Fraude Pouvez-vous nous indiquer l'article de loi? Illégal Merci d'indiquer le chapitre de notre CG? Interdit sur anibis.ch Pouvez-vous nous donner une preuve de ces insultes (copie d'email) Insulte Merci de nous donner le site original Contrefaçon Pouvez-vous nous donner l'URL du texte ou l'image original? Copyright Veuillez préciser la raison de votre signalement : Autre raison", "external_links": [], "published": "2016-10-04T01:34:00.000+03:00", "crawled": "2016-10-03T20:42:44.102+03:00", "highlightTitle": ""}