{"organizations": [], "uuid": "b6e048b562295321dacd8d5fbc3526cfa727980c", "thread": {"social": {"gplus": {"shares": 0}, "pinterest": {"shares": 0}, "vk": {"shares": 0}, "linkedin": {"shares": 0}, "facebook": {"likes": 1, "shares": 1, "comments": 0}, "stumbledupon": {"shares": 0}}, "site_full": "www.leparisien.fr", "main_image": "http://s1.lprs1.fr/images/2016/10/01/6166975_hero-blog-3840x-4e7d5143334-original.jpg", "site_section": "http://www.leparisien.fr/high-tech/rss.xml", "section_title": "Le Parisien  - High-Tech", "url": "http://www.leparisien.fr/high-tech/google-retarde-la-sortie-d-android-wear-2-0-30-09-2016-6166975.php", "country": "FR", "domain_rank": 2525, "title": "Google retarde la sortie d'Android Wear 2.0", "performance_score": 0, "site": "leparisien.fr", "participants_count": 1, "title_full": "Google retarde la sortie d'Android Wear 2.0 - le Parisien", "spam_score": 0.0, "site_type": "news", "published": "2016-09-30T18:42:00.000+03:00", "replies_count": 0, "uuid": "b6e048b562295321dacd8d5fbc3526cfa727980c"}, "author": "leparisien.fr", "url": "http://www.leparisien.fr/high-tech/google-retarde-la-sortie-d-android-wear-2-0-30-09-2016-6166975.php", "ord_in_thread": 0, "title": "Google retarde la sortie d'Android Wear 2.0", "locations": [], "entities": {"persons": [], "locations": [], "organizations": []}, "highlightText": "", "language": "french", "persons": [], "text": "L a firme de Mountain View a décidé de repousser à début 2017 le lancement du programme Android Wear 2.0 dédié aux montres connectées. A l'origine, l'Android Wear 2.0 devait sortir à l'automne. Ce laps de temps supplémentaire permettra d'agrémenter le programme d'un Play Store. Les propriétaires de montres connectées pourront ainsi télécharger des applis mais aussi des fonds en tapotant sur leur accessoire. La montre devra être connectée au smartphone, qui servira de lien de paiement en cas d'achat. \nAndroid Wear 2.0 prévoit également de fournir un assistant vocal, de recevoir des notifications pour effectuer des actions simples, et de bénéficier de la fonction smart reply. \n\n  Relaxnews", "external_links": [], "published": "2016-09-30T18:42:00.000+03:00", "crawled": "2016-10-02T00:05:00.101+03:00", "highlightTitle": ""}