{"organizations": [], "uuid": "721a9d681e9bd921eb5db508d24e9286950c5ddf", "thread": {"social": {"gplus": {"shares": 0}, "pinterest": {"shares": 0}, "vk": {"shares": 0}, "linkedin": {"shares": 0}, "facebook": {"likes": 28, "shares": 28, "comments": 0}, "stumbledupon": {"shares": 0}}, "site_full": "www.lemonde.fr", "main_image": "http://s1.lemde.fr/image/2016/10/02/644x322/5006860_3_e399_former-brazilian-president-dilma-rousseff-is_79f18c4405adb388158e7188c725a976.jpg", "site_section": "http://www.lemonde.fr/international/rss_full.xml", "section_title": "International : Toute l'actualité sur Le Monde.fr.", "url": "http://www.lemonde.fr/ameriques/article/2016/10/02/les-bresiliens-elisent-leurs-maires-un-test-pour-le-parti-des-travailleurs-de-dilma-rousseff_5006862_3222.html", "country": "FR", "domain_rank": 944, "title": "Les Brésiliens élisent leurs maires, un test pour le Parti des travailleurs de Dilma Rousseff", "performance_score": 0, "site": "lemonde.fr", "participants_count": 1, "title_full": "Les Brésiliens élisent leurs maires, un test pour le Parti des travailleurs de Dilma Rousseff", "spam_score": 0.0, "site_type": "news", "published": "2016-10-02T18:18:00.000+03:00", "replies_count": 0, "uuid": "721a9d681e9bd921eb5db508d24e9286950c5ddf"}, "author": "lemonde.fr", "url": "http://www.lemonde.fr/ameriques/article/2016/10/02/les-bresiliens-elisent-leurs-maires-un-test-pour-le-parti-des-travailleurs-de-dilma-rousseff_5006862_3222.html", "ord_in_thread": 0, "title": "Les Brésiliens élisent leurs maires, un test pour le Parti des travailleurs de Dilma Rousseff", "locations": [], "entities": {"persons": [], "locations": [], "organizations": []}, "highlightText": "", "language": "french", "persons": [], "text": "Confrontés à une triple crise - économique, social et politique -, les Brésiliens sont appelés aux urnes dimanche 2 octobre pour élire leurs maires et conseillers municipaux dans un contexte très tendu. La campagne de cette élection municipale a en effet été particulièrement sanglante. Lire aussi :   Au Brésil, une campagne municipale sanglante \nDepuis le mois de juin, 45 candidats et conseillers municipaux ont été la cible de tirs, rapporte le quotidien la Folha de Sao Paulo . Vingt-huit d’entre eux sont morts, souvent victimes d’embuscades. La dernière victime en date est José Gomes da Rocha. Candidat du Parti travailliste brésilien (PTB, centre droit) à Itumbiara dans l’Etat de Goias, il a été abattu le 28 septembre d’une balle tirée par un fonctionnaire de la mairie. Face à ces meurtres, le ministre de la défense a annoncé que l’ armée renforcera la sécurité dans plus de 400 villes d’une quinzaine d’Etats régionaux.\nLe Parti des travailleurs en difficulté à Rio et Sao Paulo Côté politique , les principales batailles se joueront au premier tour dans les deux plus grandes villes, Sao Paulo et Rio, où des candidats évangéliques sont en tête des sondages. Cela reflète la force acquise pour ce groupe conservateur au détriment d’une gauche éclatée après la destitution de Dilma Rousseff.\nLire aussi :   A Rio de Janeiro, la gauche éclatée, les évangéliques émergent \nRejeté par de nombreux électeurs en raison de la récession économique et la corruption qui est dévoilée au grand jour, le Parti des travailleurs (PT, gauche) de Mme Rousseff et de Lula pourrait perdre Sao Paulo.\nLe maire Fernando Haddad, élu en 2012, n’est en effet qu’à la quatrième place dans les sondages. A Rio, le PT n’a pas de candidat mais soutient une candidate communiste, Jandira Feghali, qui n’est qu’à la cinquième place.\nLire aussi :   Brésil : la querelle des deux gauches aux municipales de Porto Alegre", "external_links": [], "published": "2016-10-02T18:18:00.000+03:00", "crawled": "2016-10-02T12:01:36.421+03:00", "highlightTitle": ""}