{"organizations": [], "uuid": "180e091a60a57762bb5391c1622fa876ed915a3c", "thread": {"social": {"gplus": {"shares": 0}, "pinterest": {"shares": 0}, "vk": {"shares": 0}, "linkedin": {"shares": 0}, "facebook": {"likes": 3, "shares": 3, "comments": 0}, "stumbledupon": {"shares": 0}}, "site_full": "www.lepoint.fr", "main_image": "http://www.lepoint.fr/images/2016/10/02/5556454lpw-5556452-article-jpg_3812900.jpg", "site_section": "http://news.google.com/news?ned=fr&topic=h&output=rss", "section_title": "À la une - Google Actualités", "url": "http://www.lepoint.fr/politique/valls-sonne-la-mobilisation-en-faveur-du-vrai-faux-candidat-hollande-02-10-2016-2072973_20.php", "country": "US", "domain_rank": 4170, "title": "Valls sonne la mobilisation en faveur du vrai-faux candidat Hollande - Le Point", "performance_score": 0, "site": "lepoint.fr", "participants_count": 0, "title_full": "Valls sonne la mobilisation en faveur du vrai-faux candidat Hollande - Le Point", "spam_score": 0.0, "site_type": "news", "published": "2016-10-02T21:53:00.000+03:00", "replies_count": 0, "uuid": "180e091a60a57762bb5391c1622fa876ed915a3c"}, "author": "", "url": "http://www.lepoint.fr/politique/valls-sonne-la-mobilisation-en-faveur-du-vrai-faux-candidat-hollande-02-10-2016-2072973_20.php", "ord_in_thread": 0, "title": "Valls sonne la mobilisation en faveur du vrai-faux candidat Hollande - Le Point", "locations": [], "entities": {"persons": [], "locations": [], "organizations": []}, "highlightText": "", "language": "french", "persons": [], "text": "Message en cas d'erreur au focus sur le champ Veuillez saisir le code de sécurité ci-dessous : Ajouter aux favoris \nCet article a été ajouté dans vos favoris. Manuel Valls lors d'un discours au cours d'une visite sur l'ïle de Groix, le 1er octobre 2016 \nManuel Valls a \"sonné\" dimanche \"la mobilisation\" à gauche pour la présidentielle de 2017 et s'est posé en \"premier de cordée\" pour défendre le bilan du probable candidat François Hollande... ou à défaut le sien. \n\"Je ne mise pas sur l'empêchement du président de la République ni sur la défaite de la gauche. La politique, c'est une affaire de convictions, pas de sondages. J'en ai assez qu'on choisisse à la place des Français. L'élection présidentielle, elle est en avril et en mai\", a posé, dès le début de l'émission Le Grand Jury (RTL Le Figaro LCI), le Premier ministre que beaucoup imaginent prêt à prendre la place du chef de l'Etat si celui-ci renonçait à briguer un second mandat. \nValls, qui veut \"réveiller la gauche\", a martelé sa volonté de \"défendre le bilan de ce quinquennat\" en évoquant de nombreux aspects: la compétitivité des entreprises, l'emploi, l'école, la sécurité des Français, etc. \nAlors que le chômage a augmenté de 1,4% en août, et que François Hollande a conditionné une nouvelle candidature à la présidentielle à \"l'inversion de la courbe du chômage\", le Premier ministre a estimé que \"ce qui compte, c'est la durée, et nous aurons l'occasion de le juger encore à la fin de l'année.\" \nSurtout, M. Valls a délivré en lieu et place de François Hollande -et via une anaphore lui aussi- les arguments en faveur d'un nouveau quinquennat: \"Si j'étais à la place du président, je dirais la chose suivante: +je suis fier comme président d'avoir sauvé le Mali, d'avoir permis à la Grèce de rester dans la zone euro, de ce peuple français qui a manifesté sa résistance et sa résilience (...) après tous les attentats, je suis fier d'avoir engagé la France dans la voie de la compétitivité\", a-t-il énuméré. Le Premier ministre Manuel Valls sur l'île de Groix au large de la Bretagne, le 1er octobre 2016 © LOIC VENANCE AFP \n\"Mardi, nous sauverons le site d'Alstom à Belfort\", a-t-il promis en gage de volontarisme, assurant du maintien de l'activité ferroviaire du site. \n- Valls le \"loyal\" - \nLe Premier ministre a délivré, en une heure d'émission, moult avertissements. A une partie de la gauche, tout d'abord, \"honteuse d'assumer les responsabilités (...). Ca suffit d'être déprimé, d'être honteux, gouverner la France, c'est une énorme fierté\". \nA ceux qui diviseraient cette gauche, Arnaud Montebourg et Benoît Hamon, ciblés mais non nommés, il lâche: \"on ne s'improvise pas candidat à la présidentielle, on ne prépare pas le prochain congrès du PS, on n'est pas en train d'anticiper la défaite à la présidentielle pour préparer la suite\". \nEmmanuel Macron n'est pas épargné non plus, avec son \"populisme light\", et parce qu'il \"se trompe sur ce qu'est la laïcité et plus profondément sur ce qu'est la France\". \nLe chef du gouvernement s'est lui posé en premier des \"hollandais\", martelant en contraste de l'ancien ministre de l'Economie sa \"loyauté\" à l'égard du chef de l'Etat... sans toutefois répondre directement à la question : \"François Hollande est-il le meilleur candidat pour la gauche ?\" \nAux électeurs de gauche tentés de participer à la primaire de la droite, Manuel Valls leur rappelle le programme économique et social \"brutal\" des \"Républicains\". Il a fait le distinguo entre les deux favoris, Alain Juppé et Nicolas Sarkozy, disant avoir \"parfois un problème avec ce que défend comme valeurs\" le prédécesseur de M. Hollande. \nSurtout, il a fait une énième fois du Front national son \"ennemi\", dénonçant \"le vrai visage cynique et anti-populaire\" du parti dirigé par Marine Le Pen à Hayange, où le maire veut priver d'un local le Secours populaire, qu'il juge trop \"pro-migrants\". \n\"La gauche doit faire attention\" à ne pas \"oublier l'élément essentiel\", l'extrême droite, s'est-il inquiété. \nSelon les sondages, le second tour de la présidentielle devrait se jouer entre le FN et le candidat issu de la primaire de la droite, avec la gauche presque sûre d'être éliminée dans l'ensemble des configurations. François Hollande, qui dépasse très rarement les 15% d'intentions de vote, doit donner sa réponse en décembre. \n02/10/2016 15:52:41 - Paris (AFP) - © 2016 AFP Recevez toute l'actualité directement dans votre boîte e-mail ! \nDu lundi au vendredi, recevez chaque matin l'essentiel de l'actualité : politique, économique, société, sport... Voir un exemple > En continu", "external_links": [], "published": "2016-10-02T21:53:00.000+03:00", "crawled": "2016-10-02T17:01:52.182+03:00", "highlightTitle": ""}