{"organizations": [], "uuid": "0d91a31e4d78c6aae4dd5ee6e29934ca99d93c9b", "thread": {"social": {"gplus": {"shares": 0}, "pinterest": {"shares": 0}, "vk": {"shares": 0}, "linkedin": {"shares": 0}, "facebook": {"likes": 0, "shares": 0, "comments": 0}, "stumbledupon": {"shares": 0}}, "site_full": "www.anibis.ch", "main_image": "https://can01.anibis.ch/Vins-rouge-Esp.---Portugal-Marque-del-Puerto---Reserva-2007/?1024x728/3/90/anibis/776/770/016/eoyaqKOxNUS9vfwnamFbXw_1.jpg", "site_section": "http://anibis.ch//fr/vins-gastronomie--35/rssexport.aspx", "section_title": "Petites annonces Vins - Gastronomie", "url": "http://www.anibis.ch/fr/vins-gastronomie--35/marque-del-puerto-reserva-2007--16770776.aspx", "country": "CH", "domain_rank": 8918, "title": "Marque del Puerto / Reserva 2007", "performance_score": 0, "site": "anibis.ch", "participants_count": 0, "title_full": "Marque del Puerto / Reserva 2007", "spam_score": 0.0, "site_type": "news", "published": "2016-10-02T18:51:00.000+03:00", "replies_count": 0, "uuid": "0d91a31e4d78c6aae4dd5ee6e29934ca99d93c9b"}, "author": "", "url": "http://www.anibis.ch/fr/vins-gastronomie--35/marque-del-puerto-reserva-2007--16770776.aspx", "ord_in_thread": 0, "title": "Marque del Puerto / Reserva 2007", "locations": [], "entities": {"persons": [], "locations": [], "organizations": []}, "highlightText": "", "language": "french", "persons": [], "text": "Marque del Puerto / Reserva 2007 Type d'insertion: 11.90 Description: \nRobe rouge intense dégageant des arômes d'èpices et de fruits noirs (prunes noires et bigarreau). Notes tanniques subtiles avec une bonne longueur en bouche: Il va très bien avec le gibier, les viandes rouges, les rôtis et le bons fromages ! \nVente exceptionnelle à des prix défiant la concurence actuelle sur le marché suisse ! \nPrix moyen des grandes surfaces : 19.50 \nPrix proposé de 1 à 48 bouteilles => CHF 11.90 (taxes incluses) \nPrix proposé de 49 à 96 bouteilles => CHF 11.40 (taxes incluses) \nPrix proposé de 97 à 192 bouteilles => CHF 10.90 (taxes incluses) Payer simplement et en toute sécurité? Envoyer et recevoir de l'argent avec", "external_links": [], "published": "2016-10-02T18:51:00.000+03:00", "crawled": "2016-10-02T21:20:46.535+03:00", "highlightTitle": ""}