{"organizations": [], "uuid": "0c3a7b54c099563b7016e06eaf0a3358001e475e", "thread": {"social": {"gplus": {"shares": 1}, "pinterest": {"shares": 0}, "vk": {"shares": 0}, "linkedin": {"shares": 0}, "facebook": {"likes": 21, "shares": 21, "comments": 0}, "stumbledupon": {"shares": 0}}, "site_full": "www.ladepeche.fr", "main_image": "http://static.ladepeche.fr/content/media/image/zoom/2016/10/01/20161001145826252-0.jpg", "site_section": "http://www.ladepeche.fr/rss/home.rss", "section_title": "ladepeche.fr : Actualités Toulouse, informations emploi économie...", "url": "http://www.ladepeche.fr/article/2016/10/01/2430638-nouvelles-brebis-attaquees-barousse-eleveurs-procedent-effarouchement.html", "country": "FR", "domain_rank": 5847, "title": "Mauléon-Barousse. De nouvelles brebis attaquées en Barousse, les éleveurs procèdent à un effarouchement", "performance_score": 0, "site": "ladepeche.fr", "participants_count": 1, "title_full": "Mauléon-Barousse. De nouvelles brebis attaquées en Barousse, les éleveurs procèdent à un effarouchement", "spam_score": 0.0, "site_type": "news", "published": "2016-10-01T16:53:00.000+03:00", "replies_count": 0, "uuid": "0c3a7b54c099563b7016e06eaf0a3358001e475e"}, "author": "ANDY BARREJOT", "url": "http://www.ladepeche.fr/article/2016/10/01/2430638-nouvelles-brebis-attaquees-barousse-eleveurs-procedent-effarouchement.html", "ord_in_thread": 0, "title": "Mauléon-Barousse. De nouvelles brebis attaquées en Barousse, les éleveurs procèdent à un effarouchement", "locations": [], "entities": {"persons": [], "locations": [], "organizations": []}, "highlightText": "", "language": "french", "persons": [], "text": "Publié le 01/10/2016 à 10:53 De nouvelles brebis attaquées en Barousse, les éleveurs procèdent à un effarouchement Faits divers L'ours peut faire des dégâts dans les cheptels. / DDM archives \nLes jours se suivent et se ressemblent sur les estives de la vallée de Barouse. Trois nouvelles brebis et un bélier tués ont été découverts hier matin sur l'estive de La Courbe, près de la commune de Ferrère. \nDes dégâts qui font suite à d'autres prédations dans les troupeaux cette semaine et qui, selon les éleveurs, portent la patte de l'ours Goïa, localisé dans le secteur. Hier en fin de journée, les éleveurs ont procédé à un effarouchement pour tenter d'éloigner le plantigrade, à l'aide de cloches et de sifflets. ANDY BARREJOT", "external_links": [], "published": "2016-10-01T16:53:00.000+03:00", "crawled": "2016-10-01T20:03:18.172+03:00", "highlightTitle": ""}