{"organizations": [], "uuid": "445e51c0ac6df5024aa06027b2f85a1d730f479a", "thread": {"social": {"gplus": {"shares": 0}, "pinterest": {"shares": 0}, "vk": {"shares": 0}, "linkedin": {"shares": 0}, "facebook": {"likes": 0, "shares": 0, "comments": 0}, "stumbledupon": {"shares": 0}}, "site_full": "www.anibis.ch", "main_image": "http://www.anibis.ch/img/anibis-logo-share.png", "site_section": "http://anibis.ch//fr/vacances-voyages--33/rssexport.aspx", "section_title": "Petites annonces Vacances - Voyages", "url": "http://www.anibis.ch/fr/vacances-voyages--33/chalet-ou-appartement-saison-hiver-2017--16758559.aspx", "country": "CH", "domain_rank": 8918, "title": "Chalet ou appartement saison hiver 2017", "performance_score": 0, "site": "anibis.ch", "participants_count": 0, "title_full": "Chalet ou appartement saison hiver 2017", "spam_score": 0.0, "site_type": "news", "published": "2016-10-01T16:18:00.000+03:00", "replies_count": 0, "uuid": "445e51c0ac6df5024aa06027b2f85a1d730f479a"}, "author": "", "url": "http://www.anibis.ch/fr/vacances-voyages--33/chalet-ou-appartement-saison-hiver-2017--16758559.aspx", "ord_in_thread": 0, "title": "Chalet ou appartement saison hiver 2017", "locations": [], "entities": {"persons": [], "locations": [], "organizations": []}, "highlightText": "", "language": "french", "persons": [], "text": "Chalet ou appartement saison hiver 2017 Type d'insertion: \nChalet ou appartement saison hiver 2017 ou janvier à fin mars, \nMinimum 3 chambres + éventuellement canapé lit (6-8 personnes ) \nBien équipé Payer simplement et en toute sécurité? Envoyer et recevoir de l'argent avec Cet utilisateur a confirmé son compte avec un numéro de mobile valable. mara0359 Membre depuis le 22.05.2005 Téléphone : +41 78 878 68 94 Êtes-vous intéressé par cette offre? Ecrivez un message à l’annonceur. Mon nom : Transmettre l'annonce par e-mail Vous connaissez quelqu'un qui pourrait s'intéresser à cette annonce ? Envoyez lui un e-mail grâce à ce formulaire. Expéditeur : Veuillez nous indiquer en quelques mots pourquoi cette annonce est une arnaque. e-mail* : Indiquez-nous d'autres annonces concernées (optionel): Multipostage (spam) A votre avis, pourquoi s'agit-il d'une fraude? Fraude  ", "external_links": [], "published": "2016-10-01T16:18:00.000+03:00", "crawled": "2016-10-01T11:28:59.977+03:00", "highlightTitle": ""}