{"organizations": [], "uuid": "bc4c7e183995926bebff18dd6ba187fb56871ef5", "thread": {"social": {"gplus": {"shares": 0}, "pinterest": {"shares": 0}, "vk": {"shares": 0}, "linkedin": {"shares": 0}, "facebook": {"likes": 0, "shares": 0, "comments": 0}, "stumbledupon": {"shares": 0}}, "site_full": "www.dailymotion.com", "main_image": "http://s2.dmcdn.net/ckSZM/526x297-901.jpg", "site_section": "", "section_title": "", "url": "http://www.dailymotion.com/video/x4vo5ng", "country": "FR", "domain_rank": 125, "title": "Le Journal du dimanche 2 octobre - 10h GMT - vidéo Dailymotion", "performance_score": 0, "site": "dailymotion.com", "participants_count": 0, "title_full": "Le Journal du dimanche 2 octobre - 10h GMT - vidéo Dailymotion", "spam_score": 0.004, "site_type": "news", "published": "2016-10-02T23:27:00.000+03:00", "replies_count": 0, "uuid": "bc4c7e183995926bebff18dd6ba187fb56871ef5"}, "author": "Par", "url": "http://www.dailymotion.com/video/x4vo5ng", "ord_in_thread": 0, "title": "Le Journal du dimanche 2 octobre - 10h GMT - vidéo Dailymotion", "locations": [], "entities": {"persons": [], "locations": [], "organizations": []}, "highlightText": "", "language": "french", "persons": [], "text": "Créez un compte ou connectez-vous pour des recommandations personnalisées Connexion ", "external_links": [], "published": "2016-10-02T23:27:00.000+03:00", "crawled": "2016-10-03T04:59:46.861+03:00", "highlightTitle": ""}