{"organizations": [], "uuid": "0d8b5cbd02ab736abcdff915e147c7d401a3f6fa", "thread": {"social": {"gplus": {"shares": 0}, "pinterest": {"shares": 0}, "vk": {"shares": 0}, "linkedin": {"shares": 0}, "facebook": {"likes": 0, "shares": 0, "comments": 0}, "stumbledupon": {"shares": 0}}, "site_full": "www.anibis.ch", "main_image": "https://can01.anibis.ch/Autres-Pressoir-a-raisin/?1024x728/3/90/anibis/324/780/016/KTy0rK9ePUqE-k8adoEAvQ_1.jpg", "site_section": "http://anibis.ch//fr/vins-gastronomie--35/rssexport.aspx", "section_title": "Petites annonces Vins - Gastronomie", "url": "http://www.anibis.ch/fr/vins-gastronomie--35/pressoir-a-raisin--16780324.aspx", "country": "CH", "domain_rank": 8918, "title": "Pressoir a raisin", "performance_score": 0, "site": "anibis.ch", "participants_count": 0, "title_full": "Pressoir a raisin", "spam_score": 0.0, "site_type": "news", "published": "2016-10-03T14:23:00.000+03:00", "replies_count": 0, "uuid": "0d8b5cbd02ab736abcdff915e147c7d401a3f6fa"}, "author": "", "url": "http://www.anibis.ch/fr/vins-gastronomie--35/pressoir-a-raisin--16780324.aspx", "ord_in_thread": 0, "title": "Pressoir a raisin", "locations": [], "entities": {"persons": [], "locations": [], "organizations": []}, "highlightText": "", "language": "french", "persons": [], "text": "Pouvez-vous nous indiquer l'article de loi? Illégal Merci d'indiquer le chapitre de notre CG? Interdit sur anibis.ch Pouvez-vous nous donner une preuve de ces insultes (copie d'email) Insulte Merci de nous donner le site original Contrefaçon Pouvez-vous nous donner l'URL du texte ou l'image original? Copyright Veuillez préciser la raison de votre signalement : Autre raison Envoyer \nLes annonces suivantes pourront peut-être aussi vous intéresser", "external_links": [], "published": "2016-10-03T14:23:00.000+03:00", "crawled": "2016-10-03T20:46:24.234+03:00", "highlightTitle": ""}