{"organizations": [], "uuid": "a7f7621e4d3b13b619dd4cd0f1acdb82afdfcfe3", "thread": {"social": {"gplus": {"shares": 0}, "pinterest": {"shares": 0}, "vk": {"shares": 0}, "linkedin": {"shares": 0}, "facebook": {"likes": 0, "shares": 0, "comments": 0}, "stumbledupon": {"shares": 0}}, "site_full": "www.anibis.ch", "main_image": "https://can01.anibis.ch/iPhone-7-Plus-Iphone--7-plus/?1024x728/3/90/anibis/876/775/016/hKelQ36XpESEsnmpCyLYBw_1.jpg", "site_section": "http://anibis.ch//fr/t%c3%a9l%c3%a9phonie--31/rssexport.aspx", "section_title": "Petites annonces Téléphonie", "url": "http://www.anibis.ch/fr/t%c3%a9l%c3%a9phonie--31/iphone-7-plus--16775876.aspx", "country": "CH", "domain_rank": 8918, "title": "Iphone 7 plus", "performance_score": 0, "site": "anibis.ch", "participants_count": 0, "title_full": "Iphone 7 plus", "spam_score": 0.0, "site_type": "news", "published": "2016-10-03T01:46:00.000+03:00", "replies_count": 0, "uuid": "a7f7621e4d3b13b619dd4cd0f1acdb82afdfcfe3"}, "author": "", "url": "http://www.anibis.ch/fr/t%c3%a9l%c3%a9phonie--31/iphone-7-plus--16775876.aspx", "ord_in_thread": 0, "title": "Iphone 7 plus", "locations": [], "entities": {"persons": [], "locations": [], "organizations": []}, "highlightText": "", "language": "french", "persons": [], "text": "Pouvez-vous nous indiquer l'article de loi? Illégal Merci d'indiquer le chapitre de notre CG? Interdit sur anibis.ch Pouvez-vous nous donner une preuve de ces insultes (copie d'email) Insulte Merci de nous donner le site original Contrefaçon Pouvez-vous nous donner l'URL du texte ou l'image original? Copyright Veuillez préciser la raison de votre signalement : Autre raison", "external_links": [], "published": "2016-10-03T01:46:00.000+03:00", "crawled": "2016-10-02T21:31:59.292+03:00", "highlightTitle": ""}