{"organizations": [], "uuid": "4c588fb2c9896d163d9a061d2e35b08e75aa048e", "thread": {"social": {"gplus": {"shares": 0}, "pinterest": {"shares": 0}, "vk": {"shares": 0}, "linkedin": {"shares": 0}, "facebook": {"likes": 0, "shares": 0, "comments": 0}, "stumbledupon": {"shares": 0}}, "site_full": "www.anibis.ch", "main_image": "http://www.anibis.ch/img/anibis-logo-share.png", "site_section": "http://anibis.ch//fr/rencontres--28/rssexport.aspx", "section_title": "Petites annonces Rencontres", "url": "http://www.anibis.ch/fr/rencontres--28/femme-africaine-dans-le-but-fonder-une-famille--16751427.aspx", "country": "CH", "domain_rank": 8918, "title": "Femme africaine dans le but fonder une famille", "performance_score": 0, "site": "anibis.ch", "participants_count": 0, "title_full": "Femme africaine dans le but fonder une famille", "spam_score": 0.0, "site_type": "news", "published": "2016-10-01T03:12:00.000+03:00", "replies_count": 0, "uuid": "4c588fb2c9896d163d9a061d2e35b08e75aa048e"}, "author": "", "url": "http://www.anibis.ch/fr/rencontres--28/femme-africaine-dans-le-but-fonder-une-famille--16751427.aspx", "ord_in_thread": 0, "title": "Femme africaine dans le but fonder une famille", "locations": [], "entities": {"persons": [], "locations": [], "organizations": []}, "highlightText": "", "language": "french", "persons": [], "text": "Femme africaine dans le but fonder une famille Type d'insertion: Description: \nJe suis à la recherche d'une relation sérieuse. \nUne femme africaine avec qui le désir d'enfant est présent. Je ne recherche pas une relation simple mais fonder une famille. \nJe te vois gentille, douce, agréable, je n'ai pas de critère physique ni même par rapport à ton statut. \nSi tu aspires au même désir on peut organiser une rencontre ou des contacts via SMS au début. \nMon annonce est sérieuse", "external_links": [], "published": "2016-10-01T03:12:00.000+03:00", "crawled": "2016-10-01T02:02:32.601+03:00", "highlightTitle": ""}