{"organizations": [], "uuid": "50a0d6aec954e972a4a61db9737029970b80eb71", "thread": {"social": {"gplus": {"shares": 0}, "pinterest": {"shares": 0}, "vk": {"shares": 0}, "linkedin": {"shares": 0}, "facebook": {"likes": 0, "shares": 0, "comments": 0}, "stumbledupon": {"shares": 0}}, "site_full": "www.anibis.ch", "main_image": "http://www.anibis.ch/img/anibis-logo-share.png", "site_section": "http://anibis.ch//fr/rencontres--28/rssexport.aspx", "section_title": "Petites annonces Rencontres", "url": "http://www.anibis.ch/fr/rencontres--28/le-prince-charmant--16774550.aspx", "country": "CH", "domain_rank": 8918, "title": "Le prince charmant", "performance_score": 0, "site": "anibis.ch", "participants_count": 0, "title_full": "Le prince charmant", "spam_score": 0.0, "site_type": "news", "published": "2016-10-02T23:39:00.000+03:00", "replies_count": 0, "uuid": "50a0d6aec954e972a4a61db9737029970b80eb71"}, "author": "", "url": "http://www.anibis.ch/fr/rencontres--28/le-prince-charmant--16774550.aspx", "ord_in_thread": 0, "title": "Le prince charmant", "locations": [], "entities": {"persons": [], "locations": [], "organizations": []}, "highlightText": "", "language": "french", "persons": [], "text": "Pouvez-vous nous indiquer l'article de loi? Illégal Merci d'indiquer le chapitre de notre CG? Interdit sur anibis.ch Pouvez-vous nous donner une preuve de ces insultes (copie d'email) Insulte Merci de nous donner le site original Contrefaçon Pouvez-vous nous donner l'URL du texte ou l'image original? Copyright Veuillez préciser la raison de votre signalement : Autre raison Envoyer \nLes annonces suivantes pourront peut-être aussi vous intéresser", "external_links": [], "published": "2016-10-02T23:39:00.000+03:00", "crawled": "2016-10-03T02:16:13.998+03:00", "highlightTitle": ""}