{"organizations": [], "uuid": "a935629cd701e32a214adb2f89a71849fe099114", "thread": {"social": {"gplus": {"shares": 0}, "pinterest": {"shares": 0}, "vk": {"shares": 0}, "linkedin": {"shares": 0}, "facebook": {"likes": 0, "shares": 0, "comments": 0}, "stumbledupon": {"shares": 0}}, "site_full": "www.dhnet.be", "main_image": "http://r0.ldh.be/img/logoMain-474.png", "site_section": "http://dhnet.be/rss/infos.xml", "section_title": "DH.be - Dernières dépèches", "url": "http://www.dhnet.be/dernieres-depeches/belga/maggie-de-block-lance-la-chasse-aux-charlatans-57f1e840cd70871fc424a4f3", "country": "BE", "domain_rank": 5754, "title": "Maggie De Block lance la chasse aux charlatans", "performance_score": 0, "site": "dhnet.be", "participants_count": 0, "title_full": "Maggie De Block lance la chasse aux charlatans", "spam_score": 0.0, "site_type": "news", "published": "2016-10-03T12:09:00.000+03:00", "replies_count": 0, "uuid": "a935629cd701e32a214adb2f89a71849fe099114"}, "author": "", "url": "http://www.dhnet.be/dernieres-depeches/belga/maggie-de-block-lance-la-chasse-aux-charlatans-57f1e840cd70871fc424a4f3", "ord_in_thread": 0, "title": "Maggie De Block lance la chasse aux charlatans", "locations": [], "entities": {"persons": [], "locations": [], "organizations": []}, "highlightText": "", "language": "french", "persons": [], "text": "  Maggie De Block lance la chasse aux charlatans \n  07h09 BRUXELLES (België) La ministre fédérale de la Santé publique Maggie De Block (Open Vld) entend imposer aux 500.000 prestataires de soins du pays la tenue d'un portfolio contenant leurs diplômes et certificats, rapportent les titres Mediahuis lundi. Elle veut ainsi ouvrir la chasse aux charlatans. La loi encadrant l'exercice des professions du secteur des soins de santé est vieille de près de 50 ans, et la ministre entend la réformer afin d'offrir plus de possibilités de contrer les cas d'exercice illégal aux autorités. Une disposition de la nouvelle loi veillera à sanctionner plus durement les prestataires sans les qualifications scientifiques requises ou coupables de mauvais traitement des patients. Maggie De Block annonce ainsi rendre obligatoire un portfolio pour chaque prestataire, qui pourra être contrôlé par le SPF Santé publique. Le secteur se montre prudemment optimiste dans le fait que cela permettra d'arrêter les charlatans, mais souligne qu'il y a un risque de voir trop de contrôles effectués. (Belga) © 2016 Belga.   Belga.   Belga.", "external_links": [], "published": "2016-10-03T12:09:00.000+03:00", "crawled": "2016-10-03T08:17:03.665+03:00", "highlightTitle": ""}