{"organizations": [], "uuid": "889195ae6705821592ea704cc3c8ef05267269ba", "thread": {"social": {"gplus": {"shares": 0}, "pinterest": {"shares": 0}, "vk": {"shares": 0}, "linkedin": {"shares": 0}, "facebook": {"likes": 0, "shares": 0, "comments": 0}, "stumbledupon": {"shares": 0}}, "site_full": "www.anibis.ch", "main_image": "https://can01.anibis.ch/Ecole-pour-chiens,-Cours---Dressage-Coaching-en-comportement-canin/?1024x728/3/90/anibis/333/764/016/iGgYdmJUn0qwXAqUq_OckA_1.jpg", "site_section": "http://anibis.ch//fr/animaux-,-accessoires--2/rssexport.aspx", "section_title": "Petites annonces Animaux & accessoires", "url": "http://www.anibis.ch/fr/animaux-~-accessoires--2/coaching-en-comportement-canin--16764333.aspx", "country": "CH", "domain_rank": 8918, "title": "Coaching en comportement canin", "performance_score": 0, "site": "anibis.ch", "participants_count": 0, "title_full": "Coaching en comportement canin", "spam_score": 0.0, "site_type": "news", "published": "2016-10-02T05:46:00.000+03:00", "replies_count": 0, "uuid": "889195ae6705821592ea704cc3c8ef05267269ba"}, "author": "", "url": "http://www.anibis.ch/fr/animaux-~-accessoires--2/coaching-en-comportement-canin--16764333.aspx", "ord_in_thread": 0, "title": "Coaching en comportement canin", "locations": [], "entities": {"persons": [], "locations": [], "organizations": []}, "highlightText": "", "language": "french", "persons": [], "text": "Prix sur demande Description: Votre compagnon aboie/ stress / ne s'entend pas avec ses congénères/ détruit / n'arrive pas a rester seul durant vos absenses / pince / a des peurs incontrôlables / des tocs/ etc ? Educatrice spécialisée en comportement, reconnue profil 2, vous propose ses services personnalisés, pour répondre à vos besoins et ceux de votre chien. Déplacement à domicile dans tout le canton de Vaud / rdv possible en extérieur Un coaching personnalisé pour répondre à vos attentes et vous permettre de mieux comprendre et gérer votre compagnon. Méthodes positives et rapides, mise en place de techniques et astuces simples pour résoudre les problèmes de comportement de votre chien. Infos et tarifs sur www.cromania.ch Anouck - Cro'mania Sàrl Payer simplement et en toute sécurité? Envoyer et recevoir de l'argent avec", "external_links": [], "published": "2016-10-02T05:46:00.000+03:00", "crawled": "2016-10-02T01:30:37.787+03:00", "highlightTitle": ""}