{"organizations": [], "uuid": "bcc57674fe1e5bbb987f71243da13eaa2733f6e2", "thread": {"social": {"gplus": {"shares": 0}, "pinterest": {"shares": 0}, "vk": {"shares": 0}, "linkedin": {"shares": 0}, "facebook": {"likes": 10, "shares": 10, "comments": 0}, "stumbledupon": {"shares": 0}}, "site_full": "video.eurosport.fr", "main_image": "http://i.eurosport.com/2016/10/02/1942588-40847251-1600-900.jpg", "site_section": "http://www.eurosport.fr/rss.xml", "section_title": "Eurosport - Top des infos", "url": "http://video.eurosport.fr/football/video-liga-portugaise-l-incroyable-gachis-du-sporting-fait-les-affaires-de-porto_vid924682/video.shtml", "country": "FR", "domain_rank": 3169, "title": "L'incroyable gâchis du Sporting fait les affaires de Porto", "performance_score": 0, "site": "eurosport.fr", "participants_count": 0, "title_full": "L'incroyable gâchis du Sporting fait les affaires de Porto", "spam_score": 0.0, "site_type": "news", "published": "2016-10-02T16:40:00.000+03:00", "replies_count": 0, "uuid": "bcc57674fe1e5bbb987f71243da13eaa2733f6e2"}, "author": "", "url": "http://video.eurosport.fr/football/video-liga-portugaise-l-incroyable-gachis-du-sporting-fait-les-affaires-de-porto_vid924682/video.shtml", "ord_in_thread": 0, "title": "L'incroyable gâchis du Sporting fait les affaires de Porto", "locations": [], "entities": {"persons": [], "locations": [], "organizations": []}, "highlightText": "", "language": "french", "persons": [], "text": "VIDEO - LIGA PORTUGAISE : L'incroyable gâchis du Sporting fait les affaires de Porto Mis à jour il y a 9 minutes Publié le 02/10/2016 à 10:40 LIGA PORTUGAISE - Le Sporting a été tenu en échec par le Vitoria Guimaraes alors qu'il avait trois buts d'avance à moins de vingt minutes de la fin (3-3). Le FC Porto, vainqueur du CD Nacional avec un triplé de Diogo Jota (0-4), en a profité pour dépasser le club lisboète au classement. Eurosport disponible uniquement sur CANALSAT", "external_links": [], "published": "2016-10-02T16:40:00.000+03:00", "crawled": "2016-10-02T11:58:53.847+03:00", "highlightTitle": ""}