{"organizations": [], "uuid": "9dd17eda7a6587bce0f266e8c24137d8758150fd", "thread": {"social": {"gplus": {"shares": 0}, "pinterest": {"shares": 0}, "vk": {"shares": 0}, "linkedin": {"shares": 0}, "facebook": {"likes": 34, "shares": 34, "comments": 0}, "stumbledupon": {"shares": 0}}, "site_full": "france3-regions.francetvinfo.fr", "main_image": "http://france3-regions.francetvinfo.fr/champagne-ardenne/sites/regions_france3/files/styles/top_big/public/assets/images/2016/09/30/14_18_2016_sem_39_s_les_medecins_britaniques_a_arc_en_barrois-00_00_37_13.jpg?itok=Xczroz0E", "site_section": "http://france3-regions.francetvinfo.fr/actu/rss", "section_title": "Régions", "url": "http://france3-regions.francetvinfo.fr/champagne-ardenne/haute-marne/histoires-14-18-l-hopital-britannique-1098421.html", "country": "FR", "domain_rank": 3566, "title": "Histoires 14-18 : l'hôpital britannique", "performance_score": 0, "site": "francetvinfo.fr", "participants_count": 1, "title_full": "Histoires 14-18 : l'hôpital britannique", "spam_score": 0.0, "site_type": "news", "published": "2016-10-01T21:00:00.000+03:00", "replies_count": 0, "uuid": "9dd17eda7a6587bce0f266e8c24137d8758150fd"}, "author": "France 3", "url": "http://france3-regions.francetvinfo.fr/champagne-ardenne/haute-marne/histoires-14-18-l-hopital-britannique-1098421.html", "ord_in_thread": 0, "title": "Histoires 14-18 : l'hôpital britannique", "locations": [], "entities": {"persons": [], "locations": [], "organizations": []}, "highlightText": "", "language": "french", "persons": [], "text": "Haute-Marne Histoires 14-18 : l'hôpital britannique \nA Arc en Barrois en Haute-Marne, pour accueillir les soldats blessés du front de l’Argonne, le duc de Penthièvre met son château à disposition de la Croix Rouge. Cette grande propriété est transformée en hôpital militaire avec médecins et infirmières exclusivement britanniques ou américains France 3 01/10/2016 à 15:00 © Association « Arc Patrimoine et culture » Dès leur arrivée dans le château transformé en hôpital, les Britanniques transforment les nombreux salons du château en salle d’opération, en dortoirs pour les blessés. Les soldats, tous français, arrivent du front en train, meurtris par les attaques au gaz, les éclats d’obus et les maladies. En tout, 180 lits sont installés, dont 44 directement financés par des villes anglaises ou des mécènes américains. Lle reste est à la charge du ministère de la guerre français. Histoires 14-18 : les médecins britanniques Sources archives : Association « Arc Patrimoine et culture » France 3 - Mathieu Guillerot - France 3 \nDeux soeurs anglaises à la tête du château-hôpital\" Deux sœurs anglaises Madeline et Susan Bromley-Martin dirigent des lieux pendant toute la durée du conflit. En tout, plus de 360 personnes, médecins, infirmières, dentiste ou radiologue vont s’y succéder. C’est même à Arc en Barrois qu’est expérimentée une avancée scientifique, la méthode Carell-Dakin, un traitement antiseptique pour endiguer les infections. Blessés et infirmières échangent des milliers de lettres pendant et après le conflit. De janvier 1915 à février 1919, l’hôpital d’Arc en Barrois a accueilli plus de 3000 blessés pour seulement 76 décès.", "external_links": [], "published": "2016-10-01T21:00:00.000+03:00", "crawled": "2016-10-01T16:24:30.337+03:00", "highlightTitle": ""}