{"organizations": [], "uuid": "87f85d4b731d9cfd7a94fd25941730874bc78bad", "thread": {"social": {"gplus": {"shares": 0}, "pinterest": {"shares": 0}, "vk": {"shares": 0}, "linkedin": {"shares": 0}, "facebook": {"likes": 0, "shares": 0, "comments": 0}, "stumbledupon": {"shares": 0}}, "site_full": "www.anibis.ch", "main_image": "https://can01.anibis.ch/Series-TV-Coffret-integral-de-DEXTER/?1024x728/3/90/anibis/253/778/016/ieHtkEHrJEyVGgK677bbwA_1.jpg", "site_section": "http://anibis.ch//fr/films-,-dvd--9/rssexport.aspx", "section_title": "Petites annonces Films & DVD", "url": "http://www.anibis.ch/fr/films-~-dvd--9/coffret-integral-de-dexter--16778253.aspx", "country": "CH", "domain_rank": 8918, "title": "Coffret integral de DEXTER", "performance_score": 0, "site": "anibis.ch", "participants_count": 0, "title_full": "Coffret integral de DEXTER", "spam_score": 0.0, "site_type": "news", "published": "2016-10-03T05:43:00.000+03:00", "replies_count": 0, "uuid": "87f85d4b731d9cfd7a94fd25941730874bc78bad"}, "author": "", "url": "http://www.anibis.ch/fr/films-~-dvd--9/coffret-integral-de-dexter--16778253.aspx", "ord_in_thread": 0, "title": "Coffret integral de DEXTER", "locations": [], "entities": {"persons": [], "locations": [], "organizations": []}, "highlightText": "", "language": "french", "persons": [], "text": "  Envoyer \nLes annonces suivantes pourront peut-être aussi vous intéresser", "external_links": [], "published": "2016-10-03T05:43:00.000+03:00", "crawled": "2016-10-03T03:29:49.127+03:00", "highlightTitle": ""}