{"organizations": [], "uuid": "762702a08d157537308c6bfb039bf2ee23be534e", "thread": {"social": {"gplus": {"shares": 0}, "pinterest": {"shares": 0}, "vk": {"shares": 0}, "linkedin": {"shares": 0}, "facebook": {"likes": 0, "shares": 0, "comments": 0}, "stumbledupon": {"shares": 0}}, "site_full": "www.lesoir.be", "main_image": "http://ls.rosselcdn.net/sites/default/files/imagecache/1200x627/2016/10/01/2126333249_B979851476Z.1_20161001071334_000_G7D7N8D51.4-0.jpg", "site_section": "http://www.lesoir.be/feed/Actualit%C3%A9/Belgique/destination_principale_block/", "section_title": "Belgique - www.lesoir.be", "url": "http://www.lesoir.be/1330931/article/economie/2016-09-30/grand-barometre-belges-pour-fin-des-avantages-fiscaux-aux-multinationales", "country": "BE", "domain_rank": 5318, "title": "Grand Baromètre: les Belges pour la fin des avantages fiscaux aux multinationales", "performance_score": 0, "site": "lesoir.be", "participants_count": 1, "title_full": "Grand Baromètre: les Belges pour la fin des avantages fiscaux aux multinationales", "spam_score": 0.0, "site_type": "news", "published": "2016-10-01T13:13:00.000+03:00", "replies_count": 0, "uuid": "762702a08d157537308c6bfb039bf2ee23be534e"}, "author": "B.Dy", "url": "http://www.lesoir.be/1330931/article/economie/2016-09-30/grand-barometre-belges-pour-fin-des-avantages-fiscaux-aux-multinationales", "ord_in_thread": 0, "title": "Grand Baromètre: les Belges pour la fin des avantages fiscaux aux multinationales", "locations": [], "entities": {"persons": [], "locations": [], "organizations": []}, "highlightText": "", "language": "french", "persons": [], "text": "DOSSIER | Le Grand Baromètre politique Méthodologie \nCette enquête Ipsos a fait appel à 2.465 répondants, formant des échantillons représentatifs des Belges de 18 ans et plus à raison de 982 en Wallonie, 983 en Flandre et 500 dans les 19 communes de la Région de Bruxelles-Capitale. \nLe sondage a été réalisé du 19 au 25 septembre. Les interviews ont eu lieu via l’Ispsos On Line Panel. La marge d’erreur maximale, pour un pourcentage de 50 % et un taux de confiance de 95 % est de 3,1 % en Wallonie, 3,1 % en Flandre et 4,4 % à Bruxelles. \nA u Nord comme au Sud, les Belges se prononcent en faveur de la fin des avantages fiscaux aux multinationales. C’est ce qui ressort de notre Grand Baromètre RTL-TVI – Le Soir – Ipsos. 70 % des sondés rejettent les coups de pouce fiscaux. \nUn élément intéressant quand on sait qu’une des pistes de la réforme de l’impôt des sociétés, qui est en cours, prévoit la suppression des intérêts notionnels (un avantage fiscal, donc), au profit d’un taux d’imposition plus bas pour toutes les entreprises. La fermeture de Caterpillar peut évidemment expliquer ce rejet des avantages, puisqu’elle est intervenue juste avant la réalisation du sondage. \nToujours dans le contexte de Caterpillar, on ne s’étonnera pas de constater que les Belges estiment que les gouvernements sont impuissants face aux multinationales. Ils sont 72 % à le penser. \nLa restructuration de Caterpillar a également (re)fait surgir la question de savoir s’il fallait accorder des prépensions dès 52 ans aux personnes qui subissent un licenciement, alors qu’actuellement l’âge est fixé à 57 ans. Les prépensions à 52 ans ne trouvent pas de majorité en Flandre (48 %) alors qu’elles en obtiennent une plus confortable à Bruxelles (64 %) et surtout en Wallonie (68 %) où la fermeture est intervenue.", "external_links": [], "published": "2016-10-01T13:13:00.000+03:00", "crawled": "2016-10-01T08:23:04.819+03:00", "highlightTitle": ""}