{"organizations": [], "uuid": "2902df077c30b095891da6ca6d3e09c74504c053", "thread": {"social": {"gplus": {"shares": 0}, "pinterest": {"shares": 0}, "vk": {"shares": 0}, "linkedin": {"shares": 0}, "facebook": {"likes": 2, "shares": 2, "comments": 0}, "stumbledupon": {"shares": 0}}, "site_full": "www.lepoint.fr", "main_image": "http://www.lepoint.fr/images/2016/10/03/5590860lpw-5590859-article-jpg_3814878.jpg", "site_section": "http://www.lepoint.fr/editos-du-point/", "section_title": "Éditoriaux – Les éditorialistes du Point", "url": "http://www.lepoint.fr/sport/dopage-tyson-fury-champion-du-monde-des-lourds-annonce-sa-retraite-03-10-2016-2073189_26.php", "country": "FR", "domain_rank": 4170, "title": "Dopage: Tyson Fury, champion du monde des lourds, annonce sa retraite", "performance_score": 0, "site": "lepoint.fr", "participants_count": 1, "title_full": "Dopage: Tyson Fury, champion du monde des lourds, annonce sa retraite - Le Point", "spam_score": 0.0, "site_type": "news", "published": "2016-10-03T15:48:00.000+03:00", "replies_count": 0, "uuid": "2902df077c30b095891da6ca6d3e09c74504c053"}, "author": "Le Point", "url": "http://www.lepoint.fr/sport/dopage-tyson-fury-champion-du-monde-des-lourds-annonce-sa-retraite-03-10-2016-2073189_26.php", "ord_in_thread": 0, "title": "Dopage: Tyson Fury, champion du monde des lourds, annonce sa retraite", "locations": [], "entities": {"persons": [], "locations": [], "organizations": []}, "highlightText": "", "language": "french", "persons": [], "text": "Le poids lourd britannique Tyson Fury, le 27 avril 2016 à Manchester Le controversé champion du monde britannique des poids lourds Tyson Fury a annoncé lundi sa retraite sur Twitter, quelques jours après la révélation par la chaîne américaine ESPN d'un contrôle positif à la cocaïne le 22 septembre.\n\"La boxe est la chose la plus triste à laquelle j'ai participé, tous des sacs à merde, je suis le plus grand et j'ai pris ma retraite\", a tweeté Fury, âgé de 28 ans, après s'être moqué samedi des révélations de plusieurs médias annonçant son contrôle positif.\n03/10/2016 14:47:10 - Londres (AFP) - © 2016 AFP", "external_links": ["http://static.lpnt.fr/static/img/loading/loading-panoramique.png"], "published": "2016-10-03T15:48:00.000+03:00", "crawled": "2016-10-03T15:53:06.578+03:00", "highlightTitle": ""}