{"organizations": [], "uuid": "ceab5d3affe6f06d6b4129cc387518c8e7106736", "thread": {"social": {"gplus": {"shares": 0}, "pinterest": {"shares": 0}, "vk": {"shares": 0}, "linkedin": {"shares": 0}, "facebook": {"likes": 0, "shares": 0, "comments": 0}, "stumbledupon": {"shares": 0}}, "site_full": "storify.com", "main_image": "https://i.ytimg.com/vi/KdyeFYWYMmw/hqdefault.jpg", "site_section": "https://storify.com/rss/all/date", "section_title": "Latest stories · Storify", "url": "https://storify.com/gouns/travailler-avec-les-japonais", "country": "US", "domain_rank": 5521, "title": "TRAVAILLER AVEC LES JAPONAIS", "performance_score": 0, "site": "storify.com", "participants_count": 1, "title_full": "TRAVAILLER AVEC LES JAPONAIS", "spam_score": 0.0, "site_type": "news", "published": "2016-10-02T18:21:00.000+03:00", "replies_count": 0, "uuid": "ceab5d3affe6f06d6b4129cc387518c8e7106736"}, "author": "TOURE GOUDO", "url": "https://storify.com/gouns/travailler-avec-les-japonais", "ord_in_thread": 0, "title": "TRAVAILLER AVEC LES JAPONAIS", "locations": [], "entities": {"persons": [], "locations": [], "organizations": []}, "highlightText": "", "language": "french", "persons": [], "text": "Just Landed Voici une vidéo qui permet de savoir : Quelle est la mentalité des Japonais au travail, ce qui les motivent ou les gène dans leurs rapports avec les Occidentaux et plus particulièrement les Français, de ce qu'ils pensent des Occidentaux qui viennent travailler au Japon, de comment créer une relation de confiance dans le travail et quels sont les erreurs à ne pas commettre. Travailler avec les Japonais", "external_links": [], "published": "2016-10-02T18:21:00.000+03:00", "crawled": "2016-10-02T13:36:11.000+03:00", "highlightTitle": ""}