{"organizations": [], "uuid": "95afb9618b15f8060457d6a7f978e02d17c35650", "thread": {"social": {"gplus": {"shares": 0}, "pinterest": {"shares": 0}, "vk": {"shares": 0}, "linkedin": {"shares": 0}, "facebook": {"likes": 0, "shares": 0, "comments": 0}, "stumbledupon": {"shares": 0}}, "site_full": "www.leparisien.fr", "main_image": "http://s1.lprs1.fr/images/2016/10/03/6172391_f716f6f2-8987-11e6-a6a5-6b3a4e1024cf-1.jpg", "site_section": "http://www.leparisien.fr/actualites-a-la-une.rss.xml", "section_title": "Le Parisien  - Toute l'actualité", "url": "http://www.leparisien.fr/villejuif-94800/villejuif-il-ne-pouvait-plus-payer-le-loyer-le-couple-se-pend-03-10-2016-6172391.php", "country": "FR", "domain_rank": 2525, "title": "Villejuif : il ne pouvait plus payer le loyer, le couple se pend", "performance_score": 0, "site": "leparisien.fr", "participants_count": 1, "title_full": "Villejuif : il ne pouvait plus payer le loyer, le couple se pend - le Parisien", "spam_score": 0.0, "site_type": "news", "published": "2016-10-04T02:48:00.000+03:00", "replies_count": 0, "uuid": "95afb9618b15f8060457d6a7f978e02d17c35650"}, "author": "leparisien.fr", "url": "http://www.leparisien.fr/villejuif-94800/villejuif-il-ne-pouvait-plus-payer-le-loyer-le-couple-se-pend-03-10-2016-6172391.php", "ord_in_thread": 0, "title": "Villejuif : il ne pouvait plus payer le loyer, le couple se pend", "locations": [], "entities": {"persons": [], "locations": [], "organizations": []}, "highlightText": "", "language": "french", "persons": [], "text": "D rame de la misère ce lundi après-midi vers 13 h 30 à Villejuif. Un couple a été retrouvé pendu par les policiers. Dans leur chambre, cet homme de 59 ans et sa compagne de 48 ans se sont suicidé en prenant soin de laisser une lettre expliquant leur geste. « Ils ont écrit qu’ils ne pouvaient plus payer leur loyer », souffle une source policière. Ce sont les propriétaires de cet appartement du boulevard Maxime-Gorki qui, inquiets de ne plus recevoir de nouvelles de leurs locataires, ont alerté les forces de l’ordre. L’enquête déterminera les circonstances de ce suicide.\n\n  leparisien.fr", "external_links": [], "published": "2016-10-04T02:48:00.000+03:00", "crawled": "2016-10-03T19:56:37.325+03:00", "highlightTitle": ""}