{"organizations": [], "uuid": "9dcc0503a76855e005353ea3634e8ef89c386775", "thread": {"social": {"gplus": {"shares": 0}, "pinterest": {"shares": 0}, "vk": {"shares": 0}, "linkedin": {"shares": 0}, "facebook": {"likes": 0, "shares": 0, "comments": 0}, "stumbledupon": {"shares": 0}}, "site_full": "www.anibis.ch", "main_image": "https://can01.anibis.ch/Chats-de-race-Chatons-chartreux-disponibles-a-ladoption/?1024x728/3/90/anibis/586/672/016/dfn5yAQrA0i6zCVAJNQXNQ_1.jpg", "site_section": "http://anibis.ch//fr/animaux-,-accessoires--2/rssexport.aspx", "section_title": "Petites annonces Animaux & accessoires", "url": "http://www.anibis.ch/fr/animaux-~-accessoires--2/chatons-chartreux-disponibles-%c3%a0-l'adoption--16672586.aspx", "country": "CH", "domain_rank": 8918, "title": "Chatons chartreux disponibles à l'adoption", "performance_score": 0, "site": "anibis.ch", "participants_count": 0, "title_full": "Chatons chartreux disponibles à l'adoption", "spam_score": 0.0, "site_type": "news", "published": "2016-10-04T00:29:00.000+03:00", "replies_count": 0, "uuid": "9dcc0503a76855e005353ea3634e8ef89c386775"}, "author": "", "url": "http://www.anibis.ch/fr/animaux-~-accessoires--2/chatons-chartreux-disponibles-%c3%a0-l'adoption--16672586.aspx", "ord_in_thread": 0, "title": "Chatons chartreux disponibles à l'adoption", "locations": [], "entities": {"persons": [], "locations": [], "organizations": []}, "highlightText": "", "language": "french", "persons": [], "text": "Chatons chartreux disponibles à l'adoption Type d'insertion: ✓ Description: \nLa chatterie des septs monts petit élevage familial de chartreux et de british shorthair situé dans le haut jura à une heure de Genève ou de Lausanne à le plaisir de vous annoncer que 5 chatons pure race chartreux sont disponibles à l'adoption.Ces petites boules de poils qui à l'âge adulte auront les yeux couleur jaune or vivent avec leurs deux parents qui ont tous deux un pédigré LOOF au sein de notre famille. Ils ne sortent jamais ;Ces petites peluches vivantes sont parfaitement sociabilisés toujours à la recherche de calins et sont déja propres.Les chatons sont nés le20 juillet 2016 ilspeuvent désormais quitter leur petit cocon .Ils partiront vermifugés avec tous les vaccins ainsi qu'un certificat de bonne santé établi par le vétérinaire \nN'hésitez pas à me contacter pour plus de renseignements au 0033 674 332 493 Payer simplement et en toute sécurité? Envoyer et recevoir de l'argent avec", "external_links": [], "published": "2016-10-04T00:29:00.000+03:00", "crawled": "2016-10-03T19:36:14.489+03:00", "highlightTitle": ""}