{"organizations": [], "uuid": "eba9a6cac0f73aae598ce9db5cbad5fe92fc9b10", "thread": {"social": {"gplus": {"shares": 1}, "pinterest": {"shares": 0}, "vk": {"shares": 0}, "linkedin": {"shares": 0}, "facebook": {"likes": 74, "shares": 74, "comments": 0}, "stumbledupon": {"shares": 0}}, "site_full": "www.7sur7.be", "main_image": "http://static1.7sur7.be/static/photo/2016/11/5/8/20161003113101/media_xll_9124058.jpg", "site_section": "http://www.7s7.be/rss.xml", "section_title": "7SUR7.be Info, sport et showbiz, 24/24, 7/7, plus de 350 mises à jour quotidiennes", "url": "http://www.7sur7.be/7s7/fr/1763/Primera-Division/article/detail/2894030/2016/10/03/Le-pire-debut-de-saison-de-Ronaldo-au-Real.dhtml", "country": "BE", "domain_rank": 8663, "title": "Le pire début de saison de Ronaldo au Real", "performance_score": 0, "site": "7sur7.be", "participants_count": 1, "title_full": "Le pire début de saison de Ronaldo au Real", "spam_score": 0.0, "site_type": "news", "published": "2016-10-03T17:33:00.000+03:00", "replies_count": 0, "uuid": "eba9a6cac0f73aae598ce9db5cbad5fe92fc9b10"}, "author": "rédaction", "url": "http://www.7sur7.be/7s7/fr/1763/Primera-Division/article/detail/2894030/2016/10/03/Le-pire-debut-de-saison-de-Ronaldo-au-Real.dhtml", "ord_in_thread": 0, "title": "Le pire début de saison de Ronaldo au Real", "locations": [], "entities": {"persons": [], "locations": [], "organizations": []}, "highlightText": "", "language": "french", "persons": [], "text": "3/10/16 - 11h33 © photo news. Face à Eibar (1-1), le Real a concédé un troisième match nul consécutf en Liga. Une mauvaise passe symbolisée par Cristiano Ronaldo muet durant ces rencontres. \nEt de trois! Après Villareal et Las Palmas, le Real a perdu deux points pour la troisième fois de rang face à Eibar. Un vrai coup d'arrêt, alors que Zinedine Zidane venait d'égaler le record de Pep Guardiola avec 16 victoires d'affilée en Liga.Désormais, Zizou est comparé à Benitez après un début de saison manqué. Il affiche le même bilan que l'ancien coach de Liverpool après sept journées (4 victoires et trois matches nuls).Parfait symbole de la panne du Real, Cristiano Ronaldo est resté muet lors des trois partages des Merengue. Depuis le début du championnat, le Portugais a disputé quatre matches et inscrit un seul but. Son plus faible bilan depuis son arrivée à Santiago Bernabeu. Il avait déjà connu pareille période de disette lors de sa deuxième saison à Madrid (2010-2011). Lire aussi", "external_links": [], "published": "2016-10-03T17:33:00.000+03:00", "crawled": "2016-10-03T13:29:29.205+03:00", "highlightTitle": ""}