{"organizations": [], "uuid": "5e6c02880cdbdd1b5997cae71d74f205ccab1e00", "thread": {"social": {"gplus": {"shares": 0}, "pinterest": {"shares": 0}, "vk": {"shares": 0}, "linkedin": {"shares": 0}, "facebook": {"likes": 0, "shares": 0, "comments": 0}, "stumbledupon": {"shares": 0}}, "site_full": "www.anibis.ch", "main_image": "https://can01.anibis.ch/Xbox-360-Turtle-Beach---Ear-Force-x31/?1024x728/3/90/anibis/525/787/016/9poRhqrXYkGPtkJ4I9be6g_1.jpg", "site_section": "http://anibis.ch//fr/jeux-vid%c3%a9o--19/rssexport.aspx", "section_title": "Petites annonces Jeux vidéo", "url": "http://www.anibis.ch/fr/jeux-vid%c3%a9o--19/turtle-beach-ear-force-x31--16787525.aspx", "country": "CH", "domain_rank": 8918, "title": "Turtle Beach - Ear Force x31", "performance_score": 0, "site": "anibis.ch", "participants_count": 0, "title_full": "Turtle Beach - Ear Force x31", "spam_score": 0.0, "site_type": "news", "published": "2016-10-04T04:31:00.000+03:00", "replies_count": 0, "uuid": "5e6c02880cdbdd1b5997cae71d74f205ccab1e00"}, "author": "", "url": "http://www.anibis.ch/fr/jeux-vid%c3%a9o--19/turtle-beach-ear-force-x31--16787525.aspx", "ord_in_thread": 0, "title": "Turtle Beach - Ear Force x31", "locations": [], "entities": {"persons": [], "locations": [], "organizations": []}, "highlightText": "", "language": "french", "persons": [], "text": "25.– Description: \n[Casque audio/micro] *sans fil (sauf fil du casque à la manette Xbox pour micro) *grande immersion dans le jeu grâce à sa qualité sonore *très confortable grâce à ses coussins venant se mettre autour des oreilles *facile à installer *peut aussi être utilisé pour écouter la télé sans déranger vos proches *vendu en très bon état Payer simplement et en toute sécurité? Envoyer et recevoir de l'argent avec", "external_links": [], "published": "2016-10-04T04:31:00.000+03:00", "crawled": "2016-10-03T23:50:43.325+03:00", "highlightTitle": ""}