{"organizations": [], "uuid": "0fb52ad51e3d66fecf439008e8b68743adfa4d56", "thread": {"social": {"gplus": {"shares": 1}, "pinterest": {"shares": 0}, "vk": {"shares": 0}, "linkedin": {"shares": 0}, "facebook": {"likes": 165, "shares": 165, "comments": 0}, "stumbledupon": {"shares": 0}}, "site_full": "www.francetvinfo.fr", "main_image": "http://www.francetvinfo.fr/image/759u4pg3x-f5fd/1500/843/10871963.jpg", "site_section": "http://www.franceinfo.fr/rss.xml", "section_title": "Franceinfo - Les Titres", "url": "http://www.francetvinfo.fr/monde/revolte-en-syrie/video-syrie-yannick-jadot-propose-de-boycotter-la-coupe-du-monde-en-russie-pour-protester-contre-les-frappes-sur-alep_1853747.html", "country": "FR", "domain_rank": 3566, "title": "VIDEO. Syrie : Yannick Jadot propose de boycotter la Coupe du monde en Russie pour protester contre les frappes sur Alep", "performance_score": 1, "site": "francetvinfo.fr", "participants_count": 0, "title_full": "VIDEO. Syrie : Yannick Jadot propose de boycotter la Coupe du monde en Russie pour protester contre les frappes sur Alep", "spam_score": 0.0, "site_type": "news", "published": "2016-10-03T17:09:00.000+03:00", "replies_count": 0, "uuid": "0fb52ad51e3d66fecf439008e8b68743adfa4d56"}, "author": "", "url": "http://www.francetvinfo.fr/monde/revolte-en-syrie/video-syrie-yannick-jadot-propose-de-boycotter-la-coupe-du-monde-en-russie-pour-protester-contre-les-frappes-sur-alep_1853747.html", "ord_in_thread": 0, "title": "VIDEO. Syrie : Yannick Jadot propose de boycotter la Coupe du monde en Russie pour protester contre les frappes sur Alep", "locations": [], "entities": {"persons": [], "locations": [], "organizations": []}, "highlightText": "", "language": "french", "persons": [], "text": "VIDEO. Syrie : Yannick Jadot propose de boycotter la Coupe du monde en Russie pour protester contre les frappes sur Alep Le candidat à la primaire écologiste Yannick Jadot était l'invité d'i-Télé, lundi. publié le 03/10/2016 | 10:49 \nC'est une proposition qui ne manquera pas de faire réagir les amateurs de football. Invité lundi 3 octobre sur i-Télé , le candidat à la primaire écologiste Yannick Jadot a invité la France et l'Union européenne à boycotter la Coupe du monde de football 2018, organisée en Russie, pour protester contre le rôle de Moscou en Syrie . \"On ne va pas aller faire la guerre à Alep\" \n\"On ne va pas aller faire la guerre à Alep, on ne va pas aller faire la guerre contre la Russie et Poutine, le boucher d'Alep , a-t-il estimé. En revanche, ce que peut faire la France, avec l'Union européenne, c'est sanctionner un peu plus la Russie et engager dès maintenant le refus de participer au mondial en Russie si la Russie n'arrête pas de bombarder les populations civiles à Alep.\" \nDeuxième ville de Syrie, Alep connaît ces dernières semaines de violents combats entre les rebelles et le régime, soutenu par la Russie. Depuis le début de l'offensive sur Alep-Est, les bombardements du régime et de la Russie ont tué au moins 220 personnes, selon l'Observatoire syrien des droits de l'homme. Les quelque 250 000 habitants de la partie assiégée de la ville sont confrontés à \"un niveau de sauvagerie qu'aucun humain ne devrait avoir à supporter\" , a dénoncé dimanche le chef des opérations humanitaires de l'ONU, Stephen O'Brien. A lire aussi", "external_links": [], "published": "2016-10-03T17:09:00.000+03:00", "crawled": "2016-10-03T12:14:39.069+03:00", "highlightTitle": ""}