{"organizations": [], "uuid": "16deeac440dcc08e7ba37cc6b7603bba145805c1", "thread": {"social": {"gplus": {"shares": 0}, "pinterest": {"shares": 0}, "vk": {"shares": 0}, "linkedin": {"shares": 0}, "facebook": {"likes": 0, "shares": 0, "comments": 0}, "stumbledupon": {"shares": 0}}, "site_full": "www.anibis.ch", "main_image": "https://can01.anibis.ch/Monnaies-internationales-Piece-comemorative-1dollar-john-f-kennedy/?1024x728/3/90/anibis/187/759/016/rTsWMMCdoU6FvPYcnych1w_1.jpg", "site_section": "http://anibis.ch//fr/collections--10/rssexport.aspx", "section_title": "Petites annonces Collections", "url": "http://www.anibis.ch/fr/collections--10/pi%c3%a8ce-com%c3%a9morative-1dollar-john-f-kennedy--16759187.aspx", "country": "CH", "domain_rank": 8918, "title": "Pièce comémorative 1dollar john f kennedy", "performance_score": 0, "site": "anibis.ch", "participants_count": 0, "title_full": "Pièce comémorative 1dollar john f kennedy", "spam_score": 0.0, "site_type": "news", "published": "2016-10-01T17:48:00.000+03:00", "replies_count": 0, "uuid": "16deeac440dcc08e7ba37cc6b7603bba145805c1"}, "author": "", "url": "http://www.anibis.ch/fr/collections--10/pi%c3%a8ce-com%c3%a9morative-1dollar-john-f-kennedy--16759187.aspx", "ord_in_thread": 0, "title": "Pièce comémorative 1dollar john f kennedy", "locations": [], "entities": {"persons": [], "locations": [], "organizations": []}, "highlightText": "", "language": "french", "persons": [], "text": "Pièce comémorative 1dollar john f kennedy Type d'insertion: 100.– / Prix à discuter Description: Payer simplement et en toute sécurité? Envoyer et recevoir de l'argent avec Cet utilisateur a confirmé son compte avec un numéro de mobile valable. jox1006 Membre depuis le 15.07.2012 Téléphone : +41 0787408053 Transmettre l'annonce par e-mail Vous connaissez quelqu'un qui pourrait s'intéresser à cette annonce ? Envoyez lui un e-mail grâce à ce formulaire. Expéditeur : Veuillez nous indiquer en quelques mots pourquoi cette annonce est une arnaque. e-mail* : Indiquez-nous d'autres annonces concernées (optionel): Multipostage (spam) A votre avis, pourquoi s'agit-il d'une fraude? Fraude Pouvez-vous nous indiquer l'article de loi? Illégal Merci d'indiquer le chapitre de notre CG? Interdit sur anibis.ch Pouvez-vous nous donner une preuve de ces insultes (copie d'email) Insulte Merci de nous donner le site original Contrefaçon Pouvez-vous nous donner l'URL du texte ou l'image original? Copyright Veuillez préciser la raison de votre signalement : Autre raison Envoyer \nLes annonces suivantes pourront peut-être aussi vous intéresser", "external_links": [], "published": "2016-10-01T17:48:00.000+03:00", "crawled": "2016-10-01T13:20:13.716+03:00", "highlightTitle": ""}