{"organizations": [], "uuid": "e1a1d5850f8a50e590563af24fcccbcdbeac7a97", "thread": {"social": {"gplus": {"shares": 0}, "pinterest": {"shares": 0}, "vk": {"shares": 0}, "linkedin": {"shares": 0}, "facebook": {"likes": 0, "shares": 0, "comments": 0}, "stumbledupon": {"shares": 0}}, "site_full": "www.20minutes.fr", "main_image": "http://img.20mn.fr/dLYLvhKPTdudyk1Bd4Frvw/648x360_michael-youn-deauville-10-septembre-2016.jpg", "site_section": "http://www.alvinet.com/rss/", "section_title": "Alvinet", "url": "http://www.20minutes.fr/insolite/1934451-20161002-michael-youn-severement-rembarre-twitter-apres-vanne-impots", "country": "DE", "domain_rank": 2116, "title": "Michaël Youn sévèrement rembarré sur Twitter après une vanne sur les impôts", "performance_score": 0, "site": "20minutes.fr", "participants_count": 0, "title_full": "Michaël Youn sévèrement rembarré sur Twitter après une vanne sur les impôts", "spam_score": 0.0, "site_type": "news", "published": "2016-10-02T11:38:00.000+03:00", "replies_count": 0, "uuid": "e1a1d5850f8a50e590563af24fcccbcdbeac7a97"}, "author": "", "url": "http://www.20minutes.fr/insolite/1934451-20161002-michael-youn-severement-rembarre-twitter-apres-vanne-impots", "ord_in_thread": 0, "title": "Michaël Youn sévèrement rembarré sur Twitter après une vanne sur les impôts", "locations": [], "entities": {"persons": [], "locations": [], "organizations": []}, "highlightText": "", "language": "french", "persons": [], "text": "Michaël Youn sévèrement rembarré sur Twitter après une vanne sur les impôts IMPOTS Les internautes lui ont répondu, entre pédagogie et moquerie... Michael Youn à Deauville, le 10 septembre 2016. - CHARLY TRIBALLEAU / AFP M.C. Mis à jour le 02.10.2016 à 05:38 \nNouveau redressement twittorial pour Michaël Youn . L’humoriste, qui a lancé samedi une blague sur les impôts sur son compte Twitter, s’est attiré une volée de bois vert de la part des internautes. Ceux-ci ne l’avaient déjà pas manqué au mois d’août , alors qu’il critiquait la chasse aux Pokémon . Ma fille m'a demandé: \"C'est quoi les impôts papa?\"J'ai mangé la moitié de son pain au lait... elle a compris! — Michael Youn (@MichaelYoun) October 1, 2016 \nLa valse des réponses a commencé avec la secrétaire d’Etat au Numérique Axelle Lemaire , qui s’est demandé si l’humoriste, lui, avait bien compris le sujet : . @MichaelYoun Par contre son Papa... — Axelle Lemaire (@axellelemaire) October 1, 2016 \nD’autres responsables politiques ont préféré la méthode pédagogique, comme la députée écologiste et ancienne ministre Cécile Duflot ou l’adjoint à la mairie du 14e arrondissement Amine Bouabbas. @MichaelYoun à la mienne j'ai dit que grâce à eux, n'importe quelle petite fille si elle est malade peut être soignée. elle a compris. — Cécile Duflot (@CecileDuflot) October 1, 2016 @MichaelYoun ça sert aussi pour son école, la route où elle marche, les policiers qui la protègent, les gymnases pour le sport... — Bouabbas (@AmineBouabbas) October 1, 2016 \nC’est à peu près le même message qu’a voulu faire passer l’ancien journaliste Bruno Masure, avec un peu moins de tact : tous les abrutis style @MichaelYoun qui pleurent de payer trop d impôts mais trouvent normal par ex d'etre soignés gratos me font CHIER ... — bruno masure (@BrunoMasure) October 1, 2016 \nMais la sortie de Mickaël Youn a surtout provoqué une avalanche de tweets moqueurs ou pédagogiques d’internautes anonymes: @MichaelYoun grâce aux impôts ma fille a encore son papa qui a été soigné de son cancer. Opéré ds 1 hopital public. Ma fille m'a demandé: \"C'est qui @MichaelYoun , maman?\"J'ai montré mes fesses... elle a compris!", "external_links": [], "published": "2016-10-02T11:38:00.000+03:00", "crawled": "2016-10-02T06:50:21.877+03:00", "highlightTitle": ""}