{"organizations": [], "uuid": "5fe2110302fb5650b67637d801431f35ade45510", "thread": {"social": {"gplus": {"shares": 0}, "pinterest": {"shares": 0}, "vk": {"shares": 0}, "linkedin": {"shares": 0}, "facebook": {"likes": 0, "shares": 0, "comments": 0}, "stumbledupon": {"shares": 0}}, "site_full": "www.lefigaro.fr", "main_image": "http://i.f1g.fr/media/ext/orig/www.lefigaro.fr/img/logo-figaro-1200x360.jpg", "site_section": "http://www.lefigaro.fr/rss/figaro_flash-actu.xml", "section_title": "LE FIGARO - Le Figaro - Le Flash Actu", "url": "http://www.lefigaro.fr/flash-actu/2016/09/30/97001-20160930FILWWW00201-peresabbas-signe-que-nous-ne-renoncons-pas-a-la-paix-hollande.php", "country": "FR", "domain_rank": 1013, "title": "Peres/Abbas: signe que \"nous ne renonçons\" pas à la paix (Hollande)", "performance_score": 0, "site": "lefigaro.fr", "participants_count": 0, "title_full": "Peres/Abbas: signe que \"nous ne renonçons\" pas à la paix (Hollande)", "spam_score": 0.0, "site_type": "news", "published": "2016-09-30T21:20:00.000+03:00", "replies_count": 0, "uuid": "5fe2110302fb5650b67637d801431f35ade45510"}, "author": "", "url": "http://www.lefigaro.fr/flash-actu/2016/09/30/97001-20160930FILWWW00201-peresabbas-signe-que-nous-ne-renoncons-pas-a-la-paix-hollande.php", "ord_in_thread": 0, "title": "Peres/Abbas: signe que \"nous ne renonçons\" pas à la paix (Hollande)", "locations": [], "entities": {"persons": [], "locations": [], "organizations": []}, "highlightText": "", "language": "french", "persons": [], "text": "Publié le 30/09/2016 à 15:20 Le président français François Hollande a estimé que la présence de son homologue palestinien Mahmoud Abbas aux obsèques de Shimon Peres aujourd'hui à Jérusalem était le signe que \"nous ne renonçons\" pas à la paix israélo-palestinienne. \"Je crois que les messages qui ont été passés, la présence aussi de Mahmoud Abbas (...) c'était de dire que nous ne renonçons pas à la recherche d'une solution pour la paix\", a déclaré le chef de l'Etat français devant la presse. Ces obsèques, a-t-il relevé, ont été l'occasion pour Mahmoud Abbas de \"rencontrer brièvement le Premier ministre (israélien Benjamin) Netanyahu\". François Hollande s'est lui-même entretenu pendant près d'un quart d'heure avec le président palestinien à l'issue de la cérémonie. \"La paix n'est pas perdue dès lors qu'on se bat pour elle\", a-t-il insisté alors que la France tente depuis quelques mois de sortir le processus de l'impasse. \"Grand ami de la France\", Shimon Peres, ancien président israélien et prix Nobel de la paix \"s'adressait à elle (la France) parce qu'il savait quel rôle elle pouvait jouer et (...) peut encore jouer aujourd'hui pour la paix\", a poursuivi François Hollande. \"Et c'est pour ça qu'il était si important que je sois là comme président de la République mais que d'autres soient là aussi (...)\", a-t-il encore souligné. Ainsi, a-t-il poursuivi, \"j'ai considéré que (...) l'ancien président de la République Nicolas Sarkozy (son prédécesseur et éventuel rival pour la présidentielle de 2017), dès lors qu' il voulait venir ici pour cette cérémonie, devait avoir toute sa place, et notamment dans l'avion\" qui les a conduits jeudi soir à Jérusalem. \"Au-delà des alternances, des majorités, il y a toujours eu cette position constante de la France pour aller chercher la paix au Proche-Orient\", a dit le président français. Publicité", "external_links": [], "published": "2016-09-30T21:20:00.000+03:00", "crawled": "2016-10-01T01:30:43.649+03:00", "highlightTitle": ""}