{"organizations": [], "uuid": "372bfd36616e06d3e842dccb2e02cdff03a0a6b7", "thread": {"social": {"gplus": {"shares": 1}, "pinterest": {"shares": 0}, "vk": {"shares": 0}, "linkedin": {"shares": 0}, "facebook": {"likes": 2, "shares": 2, "comments": 0}, "stumbledupon": {"shares": 0}}, "site_full": "la1ere.francetvinfo.fr", "main_image": "http://la1ere.francetvinfo.fr/mayotte/sites/regions_outremer/files/styles/top_big/public/assets/images/2016/10/03/cham_2.jpg?itok=rNVIiULP", "site_section": "http://mayotte.la1ere.fr/societe/rss", "section_title": "mayotte 1ère - société", "url": "http://la1ere.francetvinfo.fr/mayotte/la-violence-n-est-pas-une-fatalite-402773.html", "country": "FR", "domain_rank": 3566, "title": "La violence n'est pas une fatalité", "performance_score": 0, "site": "francetvinfo.fr", "participants_count": 1, "title_full": "La violence n'est pas une fatalité", "spam_score": 0.0, "site_type": "news", "published": "2016-10-03T15:06:00.000+03:00", "replies_count": 0, "uuid": "372bfd36616e06d3e842dccb2e02cdff03a0a6b7"}, "author": "Chamsudine Ali", "url": "http://la1ere.francetvinfo.fr/mayotte/la-violence-n-est-pas-une-fatalite-402773.html", "ord_in_thread": 0, "title": "La violence n'est pas une fatalité", "locations": [], "entities": {"persons": [], "locations": [], "organizations": []}, "highlightText": "", "language": "french", "persons": [], "text": "La violence n'est pas une fatalité Par Chamsudine Ali Publié le 03/10/2016 à 12:36 \nLa quinzaine de la non-violence s’est terminée par une grande manifestation de sensibilisation sur la Place de La République à Mamoudzou. © Francetv Célébration de la Journée internationale de la non violence et de la paix \nLe Mouvement pour une alternative non violente de l’Océan indien MAN et L’Association « Le Village d’ Eva » ont organisé, dimanche 2 octobre 2016, à la place de la République à Mamoudzou, la double célébration des journées internationales de la non violence et de la paix. Mis à jour aujourd'hui à 10h42", "external_links": [], "published": "2016-10-03T15:06:00.000+03:00", "crawled": "2016-10-03T17:18:24.611+03:00", "highlightTitle": ""}