{"organizations": [], "uuid": "2237c662f19fa086041fc7ec4859cf219d64e96a", "thread": {"social": {"gplus": {"shares": 0}, "pinterest": {"shares": 0}, "vk": {"shares": 0}, "linkedin": {"shares": 0}, "facebook": {"likes": 0, "shares": 0, "comments": 0}, "stumbledupon": {"shares": 0}}, "site_full": "www.anibis.ch", "main_image": "https://can01.anibis.ch/Ensembles---Tailleurs-Veste-et-Pantacourt-en-lainage/?1024x728/3/90/anibis/355/759/016/vf5FvE6FQEe60RDATociCw_1_90.jpg", "site_section": "http://anibis.ch//fr/v%c3%aatements-,-accessoires--34/rssexport.aspx", "section_title": "Petites annonces Vêtements & accessoires", "url": "http://www.anibis.ch/fr/v%c3%aatements-~-accessoires--34/veste-et-pantacourt-en-lainage--16759355.aspx", "country": "CH", "domain_rank": 8918, "title": "Veste et Pantacourt en lainage", "performance_score": 0, "site": "anibis.ch", "participants_count": 0, "title_full": "Veste et Pantacourt en lainage", "spam_score": 0.0, "site_type": "news", "published": "2016-10-01T18:07:00.000+03:00", "replies_count": 0, "uuid": "2237c662f19fa086041fc7ec4859cf219d64e96a"}, "author": "", "url": "http://www.anibis.ch/fr/v%c3%aatements-~-accessoires--34/veste-et-pantacourt-en-lainage--16759355.aspx", "ord_in_thread": 0, "title": "Veste et Pantacourt en lainage", "locations": [], "entities": {"persons": [], "locations": [], "organizations": []}, "highlightText": "", "language": "french", "persons": [], "text": "Veste et Pantacourt en lainage Type d'insertion: Payer simplement et en toute sécurité? Envoyer et recevoir de l'argent avec Cet utilisateur a confirmé son compte avec un numéro de mobile valable. choulex Membre depuis le 13.06.2013 Êtes-vous intéressé par cette offre? Ecrivez un message à l’annonceur. Mon nom : Transmettre l'annonce par e-mail Vous connaissez quelqu'un qui pourrait s'intéresser à cette annonce ? Envoyez lui un e-mail grâce à ce formulaire. Expéditeur : Veuillez nous indiquer en quelques mots pourquoi cette annonce est une arnaque. e-mail* : Indiquez-nous d'autres annonces concernées (optionel): Multipostage (spam) A votre avis, pourquoi s'agit-il d'une fraude? Fraude   Envoyer \nLes annonces suivantes pourront peut-être aussi vous intéresser", "external_links": [], "published": "2016-10-01T18:07:00.000+03:00", "crawled": "2016-10-01T13:34:16.518+03:00", "highlightTitle": ""}