{"organizations": [], "uuid": "6ddb562aa9596e0be9c38a341f23f54ba285bdfd", "thread": {"social": {"gplus": {"shares": 0}, "pinterest": {"shares": 0}, "vk": {"shares": 0}, "linkedin": {"shares": 0}, "facebook": {"likes": 0, "shares": 0, "comments": 0}, "stumbledupon": {"shares": 0}}, "site_full": "www.melty.fr", "main_image": "http://media.melty.fr/article-3340925-fb-f169611291/anthony-martial-melanie-da-cruz-couple-amour.jpg", "site_section": "http://www.melty.fr/tele-realite-23.rss", "section_title": "melty - Télé", "url": "http://www.melty.fr/melanie-da-cruz-lance-une-pique-a-anthony-martial-sur-snapchat-et-c-est-drole-photos-a562106.html", "country": "FR", "domain_rank": 7007, "title": "Mélanie Da Cruz lance une pique à Anthony Martial sur Snapchat et c'est drôle (PHOTOS)", "performance_score": 0, "site": "melty.fr", "participants_count": 0, "title_full": "Mélanie Da Cruz lance une pique à Anthony Martial sur Snapchat et c'est drôle (PHOTOS)", "spam_score": 0.0, "site_type": "news", "published": "2016-10-03T14:00:00.000+03:00", "replies_count": 0, "uuid": "6ddb562aa9596e0be9c38a341f23f54ba285bdfd"}, "author": "", "url": "http://www.melty.fr/melanie-da-cruz-lance-une-pique-a-anthony-martial-sur-snapchat-et-c-est-drole-photos-a562106.html", "ord_in_thread": 0, "title": "Mélanie Da Cruz lance une pique à Anthony Martial sur Snapchat et c'est drôle (PHOTOS)", "locations": [], "entities": {"persons": [], "locations": [], "organizations": []}, "highlightText": "", "language": "french", "persons": [], "text": "Mélanie Da Cruz lance une pique à Anthony Martial sur Snapchat et c'est drôle (PHOTOS) Mise à jour le 2 oct. 2016 22:09:55 Publié le 3 oct. 2016 08:00:03 Ecrit par Thomas M. 0 Mélanie Da Cruz a partagé un message inattendu sur Snapchat et il est destiné à Anthony Martial. Découvrez de quoi il s'agit... On peut le dire, Mélanie Da Cruz et Anthony Martial font énormément parler. Il y a quelque temps, ils se cachaient et ne s'affichaient pas ensemble. Mais depuis peu, le duo n'hésite pas à s'écrire de jolis mots sur les réseaux sociaux. Dernièrement, Mélanie Da Cruz a laissé un beau message à Anthony Martial après sa grave blessure pendant un match. Entre le footballeur et la candidate de télé-réalité c'est l'amour fou ! Sur son compte Snapchat, elle vient de partager des photos où elle n'hésite pas à ironiser sur sa relation et il faut avouer que c'est vraiment marrant. Regardez et on en reparle juste après ! Mélanie Da Cruz n'a pas besoin d'Anthony Martial ! Mélanie Da Cruz a besoin de wifi ! Mélanie Da Cruz a publié une photo de son sweat avec une phrase un peu spéciale : \"I don't need you\" En français, cela veut dire : Je n'ai pas besoin de toi. On pourrait croire que la jeune femme laisse un message clair sur sa relation avec Anthony Martial... Mais juste après elle photographie une deuxième inscription \"I have wifi\" (J'ai de la wifi). Mélanie Da Cruz a ensuite ajouté \"Je rigole bae\". On peut donc respirer, c'est juste une petite vanne ! La jeune femme est très active sur les réseaux sociaux et n'hésite pas à commenter tout ce qui lui passe par la tête. Et ce n'est pas la seule ! Fan de Secret Story 10, Mélanie Da Cruz s'est montrée choquée par les candidats... Un peu comme Amélie Neten et Anais Camizuli ! Que pensez-vous de ces photos ? Source : Snapchat MelanieSS9 - Crédit : Snapchat MelanieSS9, Manchester United / TF1 Partager sur Facebook", "external_links": [], "published": "2016-10-03T14:00:00.000+03:00", "crawled": "2016-10-03T09:37:09.256+03:00", "highlightTitle": ""}