{"organizations": [], "uuid": "aa12c5b92f92a6166423454656ca6fc2bf705e3f", "thread": {"social": {"gplus": {"shares": 0}, "pinterest": {"shares": 0}, "vk": {"shares": 0}, "linkedin": {"shares": 0}, "facebook": {"likes": 0, "shares": 0, "comments": 0}, "stumbledupon": {"shares": 0}}, "site_full": "www.anibis.ch", "main_image": "https://can01.anibis.ch/Vaud-Appartement-de-2.5pc-a-louer-2.5pc-ap-to-rent/?1024x728/3/90/anibis/647/771/016/RxEW1fHzWEulNI0LpoGz-A_1.jpg", "site_section": "http://anibis.ch//fr/immobilier--16/rssexport.aspx", "section_title": "Petites annonces Immobilier", "url": "http://www.anibis.ch/fr/immobilier--16/appartement-de-25pc-%c3%a0-louer-25pc-ap-to-rent--16771647.aspx", "country": "CH", "domain_rank": 8918, "title": "Appartement de 2.5pc à louer/2.5pc ap to rent", "performance_score": 0, "site": "anibis.ch", "participants_count": 0, "title_full": "Appartement de 2.5pc à louer/2.5pc ap to rent", "spam_score": 0.0, "site_type": "news", "published": "2016-10-02T20:45:00.000+03:00", "replies_count": 0, "uuid": "aa12c5b92f92a6166423454656ca6fc2bf705e3f"}, "author": "", "url": "http://www.anibis.ch/fr/immobilier--16/appartement-de-25pc-%c3%a0-louer-25pc-ap-to-rent--16771647.aspx", "ord_in_thread": 0, "title": "Appartement de 2.5pc à louer/2.5pc ap to rent", "locations": [], "entities": {"persons": [], "locations": [], "organizations": []}, "highlightText": "", "language": "french", "persons": [], "text": "Appartement de 2.5pc à louer/2.5pc ap to rent Type d'insertion: 2.5 Description: \nAppartement de 2.5 pièces à louer, à proximité de la gare de Lausanne, du centre-ville et de toutes les commodités. \nIl comprend: hall d'entrée, 1 balcon et vue sur le lac, 1 chambre à coucher, 1 salon, 1 salle de bain avec baignoire, 1 cuisine équipée, 1 cave privée au sous-sol. Buanderie commune (la salle de bain est équipée pour recevoir une machine à laver). \nDisponible à partir de 10 janvier 2017, à discuter. Loyer 1600 chf charges comprises. \nPossibilité de racheter l'ensemble du mobilier pour un prix modique (meubles récents et en bon état, prix à discuter le cas échéant). \n2.5 piece apartment to rent, near Lausanne train station, city center and all commodities. It includes: entrance, 1 balcony and view on lake, 1 bedroom, 1 livingroom, 1 bathroom with bathtub, 1 equipped kitchen, 1 private storageroom, common washing room (bathroom has the necessary installation to have your own washing machine). \nAvailable form 10 January 2017, to discuss. Rent 1600 including charges. \nPossibility of rebuying the furniture for a modest price (all furniture are recently bought and in good condition, price to discuss). Utile en cas de déménagement MOVU – Les meilleurs alliés pour les déménagements et les nettoyages. En savoir plus Fraude ?", "external_links": [], "published": "2016-10-02T20:45:00.000+03:00", "crawled": "2016-10-02T16:08:51.805+03:00", "highlightTitle": ""}