{"organizations": [], "uuid": "1d425246190c8d2a104f81f5faffbcfb6e42ecb7", "thread": {"social": {"gplus": {"shares": 0}, "pinterest": {"shares": 0}, "vk": {"shares": 0}, "linkedin": {"shares": 0}, "facebook": {"likes": 4, "shares": 4, "comments": 0}, "stumbledupon": {"shares": 0}}, "site_full": "www.lexpress.fr", "main_image": "http://static.lexpress.fr/medias_11169/w_1815,h_1362,c_crop,x_3,y_0/w_605,h_350,c_fill,g_north/v1475504839/the-party-animal_5718555.jpg", "site_section": "http://www.lexpress.fr/", "section_title": "L'Express - Actualités Politique, Monde, Economie et Culture - L'Express", "url": "http://www.lexpress.fr/tendances/vin-et-alcool/un-alcool-garanti-sans-gueule-de-bois_1837071.html", "country": "FR", "domain_rank": 3353, "title": "Un alcool garanti sans gueule de bois?", "performance_score": 0, "site": "lexpress.fr", "participants_count": 1, "title_full": "Un alcool garanti sans gueule de bois? - L'Express", "spam_score": 0.0, "site_type": "news", "published": "2016-10-03T19:13:00.000+03:00", "replies_count": 0, "uuid": "1d425246190c8d2a104f81f5faffbcfb6e42ecb7"}, "author": "Robin Benatti", "url": "http://www.lexpress.fr/tendances/vin-et-alcool/un-alcool-garanti-sans-gueule-de-bois_1837071.html", "ord_in_thread": 0, "title": "Un alcool garanti sans gueule de bois?", "locations": [], "entities": {"persons": [], "locations": [], "organizations": []}, "highlightText": "", "language": "french", "persons": [], "text": "David Nutt, scientifique britannique, a mis au point \"Alcosynth\", un dérivé de l'alcool qui garantit l'ivresse, tout en éliminant les effets négatifs. Fini les lendemains gâchés par des beuveries mémorables, adieu la bassine a côté du lit , terminé la gueule de bois . Comment? Grâce à \" Alcosynth \", un alcool synthétique mis au point par David Nutt, chercheur à l'Imperial College London, qui élimine les effets négatifs sur la santé.\nEn bref, cet alcool vous rendra joyeux , mais ne provoquera pas de nausées, de maux de tête et n'aura pas d'impact sur votre foie .\nL'Alcosynth se mélange dans les mojitos 90 combinaisons chimiques ont été présentées par David Nutt. Parmi celles-ci, deux sont en voie d'être commercialisées. Interrogé par le journal britannique The Independent , le scientifique assure que l\"Alcosynth\" peut tout à fait être utilisé dans des cocktails : \"[L'une des combinaisons] fait de bons mojitos , l'autre peut être employée pour des cocktails comme le Tom Collins. La première est sans goût prononcé, la seconde est dans l'amertume.\"\nSi cette substance s'annonce novatrice, on ne sait pas encore de quoi est fait l\"Alcosynth\". Pour le moment, David Nutt préfère garder sa formule secrète.\nRemplacer l'alcool d'ici à 2050 Cet ancien conseiller du gouvernement britannique, spécialiste des drogues, espère que l'\"Alcosynth\" remplacera l'alcool d'ici à 2050: \"ce dérivé se trouvera dans les bars à côté du whisky et du gin. Vous mixerez votre cocktail sans pour autant que cela endommage votre foie et votre coeur \", résume le scientifique au Independent .\nEn attendant sa commercialisation, suivez nos conseils pour éviter la gueule de bois . Un verre d'eau par verre d'alcool, une aspirine avant de dormir et on évite les mélanges douteux.\n+ Plus d'actualité sur : Les infos insolites sur l'alcool\nUne vodka bonne pour la santé? Une fontaine à bière publique inaugurée en Slovénie Des chercheurs belges créent de la bière à partir d'urine", "external_links": ["http://www.independent.co.uk/life-style/health-and-families/health-news/hangover-free-alcohol-david-nutt-alcosynth-nhs-postive-effects-benzodiazepine-guy-bentley-a7324076.html"], "published": "2016-10-03T19:13:00.000+03:00", "crawled": "2016-10-03T19:40:25.233+03:00", "highlightTitle": ""}