{"organizations": [], "uuid": "f25bc611fbf5ec9ca01e3c7f78688df3cadf501a", "thread": {"social": {"gplus": {"shares": 0}, "pinterest": {"shares": 0}, "vk": {"shares": 0}, "linkedin": {"shares": 0}, "facebook": {"likes": 0, "shares": 0, "comments": 0}, "stumbledupon": {"shares": 0}}, "site_full": "www.sudouest.fr", "main_image": "http://images.sudouest.fr/images/2016/10/03/le-proces-durera-toute-la-semaine-au-palais-de-justice-de_4134088_800x400.jpg?v=1", "site_section": "http://www.sudouest.fr/rss.xml", "section_title": "L' Essentiel - SudOuest.fr", "url": "http://www.sudouest.fr/2016/10/03/assises-des-landes-trente-ans-encourus-pour-la-mort-du-petit-killian-2521987-3452.php", "country": "FR", "domain_rank": 6913, "title": "Assises des Landes : trente ans encourus pour la mort du petit Killian", "performance_score": 0, "site": "sudouest.fr", "participants_count": 0, "title_full": "Assises des Landes : trente ans encourus pour la mort du petit Killian", "spam_score": 0.0, "site_type": "news", "published": "2016-10-04T00:42:00.000+03:00", "replies_count": 0, "uuid": "f25bc611fbf5ec9ca01e3c7f78688df3cadf501a"}, "author": "", "url": "http://www.sudouest.fr/2016/10/03/assises-des-landes-trente-ans-encourus-pour-la-mort-du-petit-killian-2521987-3452.php", "ord_in_thread": 0, "title": "Assises des Landes : trente ans encourus pour la mort du petit Killian", "locations": [], "entities": {"persons": [], "locations": [], "organizations": []}, "highlightText": "", "language": "french", "persons": [], "text": "Le procès durera toute la semaine, au palais de justice de Mont-de-Marsan. © illustration - archives Pascal Bats Les deux parents et la grand-mère paternelle de l’enfant, mort avant d’avoir 5 ans en avril 2010 à Mont-de-Marsan, sont depuis ce lundi matin dans le box des accusés \nL e procès qui entoure la mort de Killian , un enfant décédé au domicile familial à l'âge de 4 ans et 11 mois, le 27 avril 2010, à Mont-de-Marsan, a débuté ce lundi matin au tribunal de grande instance montois. Sept jurés ont été réunis par la cour criminelle landaise pour tenter, avec l'aide de 18 témoins et de 10 experts (pour l'essentiel des médecins), d'éclairer les sombres circonstances de cette mort bien trop précoce, avec un enfant frappé d' une très forte dénutrition , dans un état épouvantable et marqué par de nombreuses lésions . \nPublicité \nLa vie du petit Killian avait mal débuté. Né avec une malformation cardiaque et pulmonaire assortie du syndrôme génétique de Di George , il avait très vite été placé au centre infantile spécialisé de Montpribat, à Montfort-en-Chalosse. Son état de santé avait autorisé un retour à la maison avant l'âge de 3 ans . Mais un suivi médical strict s'imposait. Coups, punitions, privations \nLa suite s'est opérée dans l'intimité familiale , sous l'autorité d'un père, d'une mère et d'une grand-mère paternelle décrits dans l'ordonnance de renvoi comme plus sévères à son encontre qu'avec les quatre autres enfants de la fratrie. Il est question de punitions, de coups et de privations de nourriture , car il \"mangeait trop lentement\". \nDes signalements ont bien été faits mais toutes les alertes sont restés sans effet . Plus perturbant encore, les médecins légistes, lors de l'autopsie, ont identifié une forte dose d'Antarax, un anxiolytique . \nAu centre de ces débats prévus sur six jours, la mère de Killian et son père (non biologique, mais qui avait reconnu l'enfant) encourent chacun trente ans de réclusion criminelle pour violences volontaires habituelles ayant entraîné la mort sans intention de la donner, par personne ayant autorité. La grand-mère paternelle , assise entre les deux sur le banc des accusés, est quant à elle passible de cinq ans d'emprisonnement , pour violences par ascendant. \"Là pour représenter l'enfant\" \nFace à eux, deux institutions se sont porté parties civiles . Premier par ordre d'apparition, le Conseil départemental défendra plus particulièrement les droits des quatre sœurs de la victime, aujourd'hui sous la responsabilité de la collectivité landaise. Vient ensuite l' association spécialisée dans la défense des droits de l'enfant, La Mouette . \n\"Nous sommes présents pour représenter cet enfant qui allait avoir cinq ans. Si nous ne le faisions pas il n'y aurait personne pour faire entendre sa voix. Or nous pensons que c'est important\", témoignait à midi sa présidente Annie Gourgue.", "external_links": [], "published": "2016-10-04T00:42:00.000+03:00", "crawled": "2016-10-03T22:03:42.494+03:00", "highlightTitle": ""}