{"organizations": [], "uuid": "9b54faacb5a7649c414d28b5cb73a98053424eae", "thread": {"social": {"gplus": {"shares": 0}, "pinterest": {"shares": 0}, "vk": {"shares": 0}, "linkedin": {"shares": 0}, "facebook": {"likes": 397, "shares": 397, "comments": 0}, "stumbledupon": {"shares": 0}}, "site_full": "france3-regions.francetvinfo.fr", "main_image": "http://france3-regions.francetvinfo.fr/bretagne/sites/regions_france3/files/styles/top_big/public/assets/images/2016/10/01/florian_le_bars_2.jpg?itok=Q3ukl4GW", "site_section": "http://france3-regions.francetvinfo.fr/meteo/rss", "section_title": "France 3 Régions - météo", "url": "http://france3-regions.francetvinfo.fr/bretagne/meteo-en-bretagne-temps-un-peu-froid-mais-peu-pluvieux-1099215.html", "country": "FR", "domain_rank": 3566, "title": "Météo en Bretagne : temps un peu froid mais peu pluvieux", "performance_score": 3, "site": "francetvinfo.fr", "participants_count": 1, "title_full": "Météo en Bretagne : temps un peu froid mais peu pluvieux", "spam_score": 0.0, "site_type": "news", "published": "2016-10-01T23:51:00.000+03:00", "replies_count": 0, "uuid": "9b54faacb5a7649c414d28b5cb73a98053424eae"}, "author": "Nathalie Coulon (édité par B.G.)", "url": "http://france3-regions.francetvinfo.fr/bretagne/meteo-en-bretagne-temps-un-peu-froid-mais-peu-pluvieux-1099215.html", "ord_in_thread": 0, "title": "Météo en Bretagne : temps un peu froid mais peu pluvieux", "locations": [], "entities": {"persons": [], "locations": [], "organizations": []}, "highlightText": "", "language": "french", "persons": [], "text": "Météo en Bretagne : temps un peu froid mais peu pluvieux \nDes températures fraîches, mais au-dessus des normales de saison l'après-midi. Un point positif : presque pas de pluie ! Nathalie Coulon (édité par B.G.) Publié le 01/10/2016 à 17:51 © Florian Le Bars Une embellie pointe à l’horizon, la dépression se décale vers le Danemark. Les conditions anticycloniques reviennent sur la France mais une profonde dépression circule sur le centre Atlantique. Dimanche matin, le réveil se fera sous un ciel variable, de plus en plus nuageux . Quelques ondées seront possibles au Nord-Est, des hauteurs de l'Ille-et-Vilaine à la Mayenne, le vent variable de Nord dominant faiblira. L’ambiance se rafraichira au lever du jour. Le mercure affichera de 4°C à 7°C dans les terres, un peu plus de 10°c en bord de mer et jusqu’à 13°C dans nos îles. Après-midi L’après-midi, les éclaircies s’élargiront sur l’ensemble de la région . Les passages nuageux resteront décoratifs dans une douceur automnale très agréable. Les températures, en légère hausse, repassant au-dessus des normales saisonnières indiqueront, au meilleur du jour, 17°C à Brest et à Bréhat, 18°C à Saint-Malo et l’île d’Yeu. À venir es prévisions du début de semaine nous annoncent pour lundi un temps sec et doux, de belles éclaircies à l'Est et un peu plus de nuages à l'Ouest. Mardi, les quelques brumes matinales seront suivies d’un ciel voilé. Le mercure atteindra les 22°C en journée. Mercredi après dissipation des brumes du petit matin, soleil réconfortant pour tous, toute la journée. Éphéméride Lever du soleil : 8 h 07 Coucher : 19 h 42 (- 3’ d’ensoleillement) Saints du jour: Léger et Sulio (pour le calendrier Breton) Coefficients des marées 90 et 89", "external_links": [], "published": "2016-10-01T23:51:00.000+03:00", "crawled": "2016-10-01T18:52:47.820+03:00", "highlightTitle": ""}