{"organizations": [], "uuid": "7c67dccdfa773f760cf07e235b4b8e0b60f68639", "thread": {"social": {"gplus": {"shares": 1}, "pinterest": {"shares": 0}, "vk": {"shares": 0}, "linkedin": {"shares": 4}, "facebook": {"likes": 419, "shares": 419, "comments": 0}, "stumbledupon": {"shares": 0}}, "site_full": "www.lefigaro.fr", "main_image": "http://i.f1g.fr/media/figaro/orig/2016/10/03/XVMd576e6c4-8978-11e6-8bce-57b23a9183a7.jpg", "site_section": "http://www.lefigaro.fr/rss/figaro_actualite-france.xml", "section_title": "LE FIGARO - Le Figaro - France : Toute l'actualité en France", "url": "http://www.lefigaro.fr/actualite-france/2016/10/03/01016-20161003ARTFIG00233-dans-la-reserve-operationnelle-de-la-gendarmerie-des-etudiants-garagistes-ou-responsables-rh-tries-sur-le-volet.php", "country": "FR", "domain_rank": 1013, "title": "Les gendarmes épaulés par des étudiants, responsables RH ou garagistes triés sur le volet", "performance_score": 4, "site": "lefigaro.fr", "participants_count": 1, "title_full": "Les gendarmes épaulés par des étudiants, responsables RH ou garagistes triés sur le volet", "spam_score": 0.0, "site_type": "news", "published": "2016-10-03T23:57:00.000+03:00", "replies_count": 0, "uuid": "7c67dccdfa773f760cf07e235b4b8e0b60f68639"}, "author": "ccornevin@lefigaro.fr", "url": "http://www.lefigaro.fr/actualite-france/2016/10/03/01016-20161003ARTFIG00233-dans-la-reserve-operationnelle-de-la-gendarmerie-des-etudiants-garagistes-ou-responsables-rh-tries-sur-le-volet.php", "ord_in_thread": 0, "title": "Les gendarmes épaulés par des étudiants, responsables RH ou garagistes triés sur le volet", "locations": [], "entities": {"persons": [], "locations": [], "organizations": []}, "highlightText": "", "language": "french", "persons": [], "text": "Publié le 03/10/2016 à 17:57 \nAymeric Philipon, consultant en e-commerce et en Web marketing, a participé à la traque des frères Kouachi, au sein de la brigade de Senlis et de Chantilly dans l'Oise. Aujourd'hui composée de 25.000 volontaires armés et entraînés, dont deux tiers de recrues issues de la société civile - le reste étant d'anciens gendarmes -, la réserve opérationnelle de la gendarmerie créée en 1999 est appelée à monter en puissance pour atteindre la barre des 40.000 militaires d'ici à la fin 2018. \nAncien sportif de haut niveau adepte du ski «extrême», Aymeric Philipon, consultant en e-commerce et en Web marketing, concède qu'il n'avait «peut-être pas d'emblée le profil pour épouser les armes de la France». Mais une fibre patriotique chevillée au corps et une irrépressible envie de se mettre au service de ses concitoyens l'ont conduit à rejoindre dès 2006 la réserve opérationnelle de la gendarmerie nationale. Affecté à la zone de Senlis et de Chantilly (Oise), «tellement criminogène que je ne me suis jamais ennuyé» en raison de la proximité de Creil, ce solide gaillard de 37 ans commande aujourd'hui un peloton composé d'une trentaine de réservistes territoriaux - dont quatre femmes - venus de tous les horizons. Steward, garagiste, agent administratif, responsable ... Cet article a été publié dans l'édition du Figaro du 04/10/2016 .", "external_links": [], "published": "2016-10-03T23:57:00.000+03:00", "crawled": "2016-10-04T00:02:58.574+03:00", "highlightTitle": ""}