{"organizations": [], "uuid": "11142e76520fe7bd9de868081b81f2dcb33ecb51", "thread": {"social": {"gplus": {"shares": 0}, "pinterest": {"shares": 0}, "vk": {"shares": 0}, "linkedin": {"shares": 0}, "facebook": {"likes": 0, "shares": 0, "comments": 0}, "stumbledupon": {"shares": 0}}, "site_full": "www.lavenir.net", "main_image": "http://s3.lavenircdn.net/Assets/Images_Upload/Actu24/2016/09/30/cd05bd54-8724-11e6-bc62-98fc1b78320c_original.jpg", "site_section": "http://www.lavenir.net/rss.aspx?foto=1&intro=1&section=info&info=8f8012c3-d2ca-4192-9ae8-fc61d77cb44d", "section_title": "L'Avenir.net: Le fil info", "url": "http://www.lavenir.net/cnt/dmf20160930_00889475", "country": "BE", "domain_rank": 8618, "title": "Le nouveau patron des CHR Sambre et Meuse entre en fonction lundi", "performance_score": 0, "site": "lavenir.net", "participants_count": 0, "title_full": "Le nouveau patron des CHR Sambre et Meuse entre en fonction lundi", "spam_score": 0.0, "site_type": "news", "published": "2016-10-01T12:00:00.000+03:00", "replies_count": 0, "uuid": "11142e76520fe7bd9de868081b81f2dcb33ecb51"}, "author": "", "url": "http://www.lavenir.net/cnt/dmf20160930_00889475", "ord_in_thread": 0, "title": "Le nouveau patron des CHR Sambre et Meuse entre en fonction lundi", "locations": [], "entities": {"persons": [], "locations": [], "organizations": []}, "highlightText": "", "language": "french", "persons": [], "text": "Aujourd'hui 06h00 - Interview : Samuel SINTE - L'Avenir Pascal Mertens, un Bruyérois de 54 ans, arrive pour remplir la fonction de directeur commun aux deux CHR qui se fait attendre depuis quatre ans.-- \nPascal Mertens est le nouveau directeur général des CHR de Namur et Auvelais . Il commencera son job lundi. Interview. \nJusqu’à ce vendredi, il était à la tête du centre hospitalier neurologique William Lennox à Ottignies. Lundi, Pascal Mertens entrera en fonction comme directeur général des CHR Sambre et Meuse à Namur et Auvelais. Entre les adieux d’un côté et son arrivée de l’autre, il nous accorde une première interview. \nM.Mertens, en quelques mots qui êtes-vous? \nJ’ai 54 ans et je suis gaumais d’origine mais namurois depuis 1980. J’ai découvert Namur lors de mes études, un master en sciences-économiques. J’y ai ... Cet article est réservé aux abonnés.Vous avez lu 89 des 690 mots de cet article. Abonnez-vous ici pour connaître la suite.", "external_links": [], "published": "2016-10-01T12:00:00.000+03:00", "crawled": "2016-10-01T10:21:20.013+03:00", "highlightTitle": ""}