{"organizations": [], "uuid": "96b506032adc92dbbfd321fb46e594c4bea49c25", "thread": {"social": {"gplus": {"shares": 0}, "pinterest": {"shares": 0}, "vk": {"shares": 0}, "linkedin": {"shares": 0}, "facebook": {"likes": 0, "shares": 0, "comments": 0}, "stumbledupon": {"shares": 0}}, "site_full": "www.lepoint.fr", "main_image": "http://www.lepoint.fr/images/2016/09/30/5553105lpw-5553103-article-jpg_3810654.jpg", "site_section": "http://www.lepoint.fr/sport/football/", "section_title": "Suivez le football (directs, actu, analyses) | Le Point", "url": "http://www.lepoint.fr/sport/ligue-1-un-effet-etat-d-urgence-sur-la-frequentation-des-stades-en-baisse-30-09-2016-2072663_26.php", "country": "FR", "domain_rank": 4170, "title": "Ligue 1: un \"effet état d'urgence\" sur la fréquentation des stades, en baisse", "performance_score": 0, "site": "lepoint.fr", "participants_count": 1, "title_full": "Ligue 1: un \"effet état d'urgence\" sur la fréquentation des stades, en baisse - Le Point", "spam_score": 0.0, "site_type": "news", "published": "2016-09-30T19:41:00.000+03:00", "replies_count": 0, "uuid": "96b506032adc92dbbfd321fb46e594c4bea49c25"}, "author": "Le Point", "url": "http://www.lepoint.fr/sport/ligue-1-un-effet-etat-d-urgence-sur-la-frequentation-des-stades-en-baisse-30-09-2016-2072663_26.php", "ord_in_thread": 0, "title": "Ligue 1: un \"effet état d'urgence\" sur la fréquentation des stades, en baisse", "locations": [], "entities": {"persons": [], "locations": [], "organizations": []}, "highlightText": "", "language": "french", "persons": [], "text": "Tribune clairsemée et banderole de contestation au Vélodrome, le 26 août 2016 à Marseille Les affluences dans les stades de Ligue 1 sont en baisse de 9% après sept journées par rapport à l'année précédente, a expliqué vendredi le directeur général de la Ligue de football professionnel (LFP) Didier Quillot, qui évoque un \"effet état d'urgence\" et la baisse de fréquentation du Vélodrome à Marseille.\n\"Les affluences à l'issue de la 7e journée sont à -9% par rapport à l'année dernière, ce qui fait 140.000 personnes de moins\", a déclaré Didier Quillot en marge d'un colloque sur les supporters organisé au Sénat par le Conseil national des supporters de football (CNSF).\n\"Sur ces 140.000 personnes, il y en a les 2/3, 65% précisément, qui sont liées à (la fréquentation à ) Marseille, où il y a actuellement des affluences entre 25 et 30.000 là où avant il y en avait environ 70.000\" précédemment, a expliqué l'homme fort de la LFP.\n\"Le secteur des loisirs en général est en baisse. L'état d'urgence s'impose à nous\", a ajouté Didier Quillot.\n\"L'affluence est très liée aux résultats sportifs, on voit que l'affluence est en baisse dans les clubs plutôt en-dessous de la 15e place.\" A contrario, il y a des stades \"qui sont en progression\" en terme de fréquentation, comme Toulouse (+30% selon M. Quillot) ou Nice (+40%), où les équipes ont réussi un beau début de saison.\n\"Je reste très prudent, parce que nous ne sommes qu'à la 7e journée, mais dans les études qu'on a faites, le facteur prix n'intervient pas parmi les raisons qui font que les gens ne vont pas au stade\", a finalement observé Didier Quillot. \"Ce qui vient en premier, c'est le problème de sécurité, et les performances de l'équipe.\"\n30/09/2016 18:40:32 - Paris (AFP) - © 2016 AFP", "external_links": ["http://static.lpnt.fr/static/img/loading/loading-panoramique.png"], "published": "2016-09-30T19:41:00.000+03:00", "crawled": "2016-10-01T11:44:29.057+03:00", "highlightTitle": ""}