{"organizations": [], "uuid": "dda8b87167bd3b1db8336a2598df296a4300536a", "thread": {"social": {"gplus": {"shares": 0}, "pinterest": {"shares": 0}, "vk": {"shares": 0}, "linkedin": {"shares": 0}, "facebook": {"likes": 0, "shares": 0, "comments": 0}, "stumbledupon": {"shares": 0}}, "site_full": "fr.finance.yahoo.com", "main_image": "https://s1.yimg.com/bt/api/res/1.2/M7vS95b2fvSzHFeFStPk0A--/YXBwaWQ9eW5ld3NfbGVnbztxPTc1O3c9NjAw/http://l.yimg.com/os/mit/media/m/social/images/social_default_logo-1481777.png", "site_section": "https://fr.finance.yahoo.com/actualites/partenaire-aof/?format=rss", "section_title": "Archives des articles Agence Option Finance - Yahoo! France Finance", "url": "https://fr.finance.yahoo.com/actualites/candriam-reste-neutre-actions-europ%C3%A9ennes-134000027.html", "country": "US", "domain_rank": 5, "title": "Candriam reste neutre sur les actions européennes, la prime de risque devrait rester élevée", "performance_score": 0, "site": "yahoo.com", "participants_count": 0, "title_full": "Candriam reste neutre sur les actions européennes, la prime de risque devrait rester élevée", "spam_score": 0.0, "site_type": "news", "published": "2016-09-30T21:40:00.000+03:00", "replies_count": 0, "uuid": "dda8b87167bd3b1db8336a2598df296a4300536a"}, "author": "", "url": "https://fr.finance.yahoo.com/actualites/candriam-reste-neutre-actions-europ%C3%A9ennes-134000027.html", "ord_in_thread": 0, "title": "Candriam reste neutre sur les actions européennes, la prime de risque devrait rester élevée", "locations": [], "entities": {"persons": [], "locations": [], "organizations": []}, "highlightText": "", "language": "french", "persons": [], "text": "Conseil : Utilisez une virgule (,) pour séparer des cours multiples. En savoir plus... \nven. 30 sept. 2016, 23:42 HAEC - La bourse est fermée Candriam reste neutre sur les actions européennes, la prime de risque devrait rester élevée Agence Option Finance – il y a 8 heures Share 0 (AOF) - Candriam a indiqué qu'il maintient un biais neutre sur la zone euro, en l’absence de nouveau catalyseur justifiant d’accroître son exposition. \"Cependant, en termes tactiques, nous pourrions encore tirer parti de brèves périodes de re-rating\", précise le gérant. Non seulement le gestionnaire d'actifs ne décèle pas de soutien clair aux actifs risqués européens, mais en plus leur prime de risque devrait rester élevé en raison d'un calendrier politique chargé et sensible. \"Nous observons qu'il y a une corrélation entre la performance relative des marchés actions de la zone Euro vs US et l'accroissement de l'incertitude politique européenne. L'agenda politique très chargé dans les prochains mois ne devrait pas permettre à la prime de risque européenne de décroître durablement\", explique Candriam.Dans un contexte de croissance économique faible, les marchés actions se montrent encore plus sensibles au facteur politique. Dès le mois prochain, les événements vont s'enchainer, donnant aux investisseurs autant de raisons pour adapter leurs positionnements.\"Le mois d'octobre sera certainement dominé par la campagne présidentielle américaine, mais les incertitudes liées au futur de l'Europe ne tarderont pas à refaire surface rapidement: l'Espagne doit former un gouvernement avant la fin octobre ou bien convoquer une troisième élection générale dans un intervalle de tout juste 12 mois; le premier ministre italien Matteo Renzi doit faire face à une issue incertaine en ce qui concerne le referendum constitutionnel du 4 décembre; les négociations sur le Brexit doivent commencer sérieusement, en attendant le déclenchement par le Royaume Uni de l'article 50 du Traité de Lisbonne\", énumère le gestionnaire d'actifs.Candriam note tout de même que de tels chocs pourraient fournir des opportunités d'investissement, \"si les banques centrales appliquent le ‘modèle crise financière' et offrent d'amples liquidités afin d'atténuer les effets négatifs\". @YahooFinanceFR sur Twitter, devenez fan sur Facebook Wall Street termine en hausse, rassurée sur Deutsche Bank AFP - il y a 1 heure 6 minutes Wall Street a terminé en hausse vendredi, rassurée sur l'avenir de Deutsche Bank grâce à la perspective d'un accord avec la justice américaine: le Dow Jones a pris 0,91% et le Nasdaq 0,81%. … Suite » Deutsche Bank proche d'un accord à 5,4 milliards de dollars aux Etats-Unis AFP - il y a 1 heure 7 minutes Deutsche Bank serait proche d'un accord avec les Etats-Unis sur le paiement d'une amende de 5,4 milliards de dollars pour solder un litige immobilier remontant à la crise financière, a indiqué vendredi à l'AFP une source proche du dossier. … Suite » PROLOGUE : Des résultats en nette amélioration et conformes aux attentes liées au processus d'intégration du groupe O2i GlobeNewswire - il y a 1 heure 12 minutes Les Ulis, le 30 septembre 2016 Des résultats en nette amélioration et conformes aux attentes liées au processus d'intégration du groupe O2i Très bonnes perspectives d'activité avec un retour vers l'équilibre dès le second semestre Objectif de … Suite » Wall Street a gagné près de 1%, soulagée par Deutsche Bank Reuters - il y a 1 heure 16 minutes La Bourse de New York a fini en hausse de près de 1% vendredi, à la faveur notamment de la bonne tenue d'un secteur financier soulagé sur l'état de santé de Deutsche Bank après des semaines d'inquiétude ... … Suite » Sony rachète les parts de Michael Jackson dans l'éditeur Sony/ATV AFP - il y a 1 heure 22 minutes Sony a annoncé avoir racheté pour 750 millions de dollars les part détenues par Michael Jackson dans la société commune Sony/ATV, un éditeur au catalogue musical très riche, comprenant notamment les titres des Beatles. … Suite » PR Newswire - il y a 3 heures KIEV, Ukraine, September 30, 2016 /PRNewswire/ -- http://mriya.ua/en/news/detail/mriya-agro-holding-publishes-key-debt-restructuring-heads-of-terms/ La Banque nationale d'Ukraine a apporté publiquement ... … Suite » Deutsche Bank rebondit après l'évocation d'un compromis aux USA Reuters - il y a 3 heures Deutsche Bank serait proche d'un compromis avec les autorités américaines dans l'affaire de la commercialisation de titres adossés à des prêts immobiliers , une information qui a déclenché un net rebond ... … Suite » L'Obs   5  ", "external_links": [], "published": "2016-09-30T21:40:00.000+03:00", "crawled": "2016-10-01T00:46:44.417+03:00", "highlightTitle": ""}