{"organizations": [], "uuid": "bf3e36cf6ad592ccddf8269a46a0faf46afe2c40", "thread": {"social": {"gplus": {"shares": 2}, "pinterest": {"shares": 0}, "vk": {"shares": 0}, "linkedin": {"shares": 0}, "facebook": {"likes": 43, "shares": 43, "comments": 0}, "stumbledupon": {"shares": 0}}, "site_full": "france3-regions.francetvinfo.fr", "main_image": "http://france3-regions.francetvinfo.fr/franche-comte/sites/regions_france3/files/styles/top_big/public/assets/images/2016/10/02/bienvenue_chez_vous_tour_de_france_a_pied_17.jpg?itok=2JZlpF_n", "site_section": "http://france3-regions.francetvinfo.fr/societe/rss?r=franche-comte", "section_title": "France 3 Franche-Comté - société", "url": "http://france3-regions.francetvinfo.fr/franche-comte/decouverte-le-tour-de-france-pied-d-aurelie-et-laurent-1099327.html", "country": "FR", "domain_rank": 3566, "title": "Découverte : le tour de France à pied d'Aurélie et Laurent", "performance_score": 0, "site": "francetvinfo.fr", "participants_count": 1, "title_full": "Découverte : le tour de France à pied d'Aurélie et Laurent", "spam_score": 0.0, "site_type": "news", "published": "2016-10-02T15:49:00.000+03:00", "replies_count": 0, "uuid": "bf3e36cf6ad592ccddf8269a46a0faf46afe2c40"}, "author": "Raoul Advocat", "url": "http://france3-regions.francetvinfo.fr/franche-comte/decouverte-le-tour-de-france-pied-d-aurelie-et-laurent-1099327.html", "ord_in_thread": 0, "title": "Découverte : le tour de France à pied d'Aurélie et Laurent", "locations": [], "entities": {"persons": [], "locations": [], "organizations": []}, "highlightText": "", "language": "french", "persons": [], "text": "02/10/2016 à 10:52 © Bienvenue chez vous ! Tour de France à pied Aurélie et Laurent adorent voyager. Ils ont déjà découvert l’Alaska à cheval, traversé les Etats-Unis du Mississipi au Pacifique, marché sur la Grande Route Inca en Amérique Latine. Jusqu'au jour où ils ont réalisé qu'ils connaissaient peu leur propre pays, la France ! Alors, ils sont partis pendant un an. Pour un tour de France à pied . 6000 kilomètres, dont quelques-uns en Franche-Comté. Le voyage terminé, ils racontent leurs parcours, en particulier dans un film : Découverte : le tour de France à pied d'Aurélie et Laurent Un voyage à pied, sans tente ni sac de couchage, avec un défi : trouver un hébergement à chaque étape. Chez l'habitant, tout simplement. A l'aventure humaine s'ajoute la solidarité : leur tour de France a permis de lever des fonds. 12 000 € ont été reversés à l'association Handicap Internationa l. En partenariat avec la fédération française de la randonnée pédestre , ils organisent aujourd'hui des conférences pour raconter leur aventure. Ils seront en Franche-Comté cette semaine : Pontarlier: le 04 octobre à 14h30 et 19h30 au cinéma Olympia Audincourt: 6 octobre à 14h au cinéma Mégarama Ecole Valentin: 18 octobre à 14h30 et 20h30 cinéma Mégaram Lons le Saunier: 19 octobre à 14h30 et 20h30 au CARCOM", "external_links": [], "published": "2016-10-02T15:49:00.000+03:00", "crawled": "2016-10-02T12:02:26.337+03:00", "highlightTitle": ""}