{"organizations": [], "uuid": "0cea52ca56801f693b2eef80df056fc3c14c2096", "thread": {"social": {"gplus": {"shares": 0}, "pinterest": {"shares": 0}, "vk": {"shares": 0}, "linkedin": {"shares": 0}, "facebook": {"likes": 1, "shares": 1, "comments": 0}, "stumbledupon": {"shares": 0}}, "site_full": "www.leparisien.fr", "main_image": "http://s1.lprs1.fr/images/2016/10/01/6167405_dfc4646ec42834983cf972299faf3995a7cb8882.jpg", "site_section": "http://www.leparisien.fr/actualites-a-la-une.rss.xml", "section_title": "Le Parisien  - Toute l'actualité", "url": "http://www.leparisien.fr/flash-actualite-sports/ligue-1-le-psg-bat-bordeaux-2-0-et-revient-a-un-point-de-nice-01-10-2016-6167405.php", "country": "FR", "domain_rank": 2525, "title": "Ligue 1: le PSG bat Bordeaux 2-0 et revient à un point de Nice", "performance_score": 0, "site": "leparisien.fr", "participants_count": 1, "title_full": "Ligue 1: le PSG bat Bordeaux 2-0 et revient à un point de Nice - le Parisien", "spam_score": 0.0, "site_type": "news", "published": "2016-10-02T02:49:00.000+03:00", "replies_count": 0, "uuid": "0cea52ca56801f693b2eef80df056fc3c14c2096"}, "author": "leparisien.fr", "url": "http://www.leparisien.fr/flash-actualite-sports/ligue-1-le-psg-bat-bordeaux-2-0-et-revient-a-un-point-de-nice-01-10-2016-6167405.php", "ord_in_thread": 0, "title": "Ligue 1: le PSG bat Bordeaux 2-0 et revient à un point de Nice", "locations": [], "entities": {"persons": [], "locations": [], "organizations": []}, "highlightText": "", "language": "french", "persons": [], "text": "L e Paris SG a battu Bordeaux 2-0 samedi, avec un doublé de Cavani, et est ainsi revenu à un point du leader niçois avant le match Nice-Lorient dimanche, lors de la 8e journée de Ligue 1.\nLe PSG avait concédé la semaine dernière à Toulouse (2-0) sa deuxième défaite en sept matches de championnat, puis avait décroché une victoire peu convaincante en Bulgarie mercredi en Ligue des champions contre Ludogorets Razgrad (3-1). Face aux Girondins, le club de la capitale s'est rassuré dans le jeu, alors qu'il y avait pour la première fois depuis 2010 des ultras regroupés au Parc des Princes, environ deux cents.\nRésultats de la 8e journée de la Ligue 1:\nvendredi\nRennes - Guingamp 1 - 0\nsamedi\nParis SG - Bordeaux 2 - 0\n(20h00) Nantes - Bastia\nMetz - Monaco\nLille - Nancy\nDijon - Montpellier\nCaen - Toulouse\ndimanche\n(15h00) Angers - Marseille\n(17h00) Nice - Lorient\n(20h45) Lyon - Saint-Etienne\n\n  AFP", "external_links": [], "published": "2016-10-02T02:49:00.000+03:00", "crawled": "2016-10-01T20:12:17.433+03:00", "highlightTitle": ""}