{"organizations": [], "uuid": "b4af98059aaa804ef3a2f17e4644bfbfa159c66b", "thread": {"social": {"gplus": {"shares": 0}, "pinterest": {"shares": 0}, "vk": {"shares": 0}, "linkedin": {"shares": 0}, "facebook": {"likes": 0, "shares": 0, "comments": 0}, "stumbledupon": {"shares": 0}}, "site_full": "www.leparisien.fr", "main_image": "http://s1.lprs1.fr/images/2016/09/30/6165325_mairie-allex.JPG", "site_section": "http://www.leparisien.fr/actualites-a-la-une.rss.xml", "section_title": "Le Parisien  - Toute l'actualité", "url": "http://www.leparisien.fr/societe/accueil-des-migrants-la-justice-s-oppose-a-un-referendum-local-30-09-2016-6165325.php", "country": "FR", "domain_rank": 2525, "title": "Accueil des migrants : la justice s'oppose à un référendum local", "performance_score": 0, "site": "leparisien.fr", "participants_count": 1, "title_full": "Accueil des migrants : la justice s'oppose à un référendum local - le Parisien", "spam_score": 0.0, "site_type": "news", "published": "2016-10-01T07:06:00.000+03:00", "replies_count": 0, "uuid": "b4af98059aaa804ef3a2f17e4644bfbfa159c66b"}, "author": "leparisien.fr", "url": "http://www.leparisien.fr/societe/accueil-des-migrants-la-justice-s-oppose-a-un-referendum-local-30-09-2016-6165325.php", "ord_in_thread": 0, "title": "Accueil des migrants : la justice s'oppose à un référendum local", "locations": [], "entities": {"persons": [], "locations": [], "organizations": []}, "highlightText": "", "language": "french", "persons": [], "text": "L e tribunal administratif de Grenoble, saisi par la préfecture de la Drôme, s'est opposé ce vendredi à l'organisation d'un référendum sur l'accueil de migrants de Calais , prévu dimanche dans une petite commune de ce département où la population est divisée sur la question.\n\nLe 13 septembre, le conseil municipal d' Allex (2500 habitants), où l'État a ouvert un centre d'accueil et d'orientation (CAO) pour 50 migrants dans un château à l'écart du village, avait voté à l'unanimité et à main levée l'organisation d'un référendum sur le sujet. Le tribunal a estimé, comme le faisait valoir la préfecture, que ce référendum serait illégal dans la mesure où l'hébergement d'urgence ne relève pas de la compétence de la commune mais de l'État.\n11 migrants sont déjà arrivés \nSon jugement fait aussi valoir qu'une consultation de la population à l'initiative d'une collectivité territoriale ne peut de toute façon intervenir avant un délai de deux mois suivant la transmission de la délibération au représentant de l'État - celle-ci n'étant intervenue dans les faits que jeudi soir après une première saisine du tribunal administratif par la préfecture.\n\nCe dernier a donc ordonné ce vendredi la suspension de l'exécution de la délibération municipale qui devait entraîner l'organisation d'un référendum dimanche. Le maire d'Allex doit tenir une conférence de presse samedi matin. Il n'était pas joignable dans l'immédiat. Onze premiers migrants étaient arrivés la semaine dernière dans la commune, originaires d'Afghanistan, d'Irak et du Soudan.\n\n\n\n  Leparisien.fr avec AFP", "external_links": [], "published": "2016-10-01T07:06:00.000+03:00", "crawled": "2016-10-01T00:15:23.345+03:00", "highlightTitle": ""}