{"organizations": [], "uuid": "15ce93a9af32d4f7c625a1734d24d162e367c4d1", "thread": {"social": {"gplus": {"shares": 0}, "pinterest": {"shares": 0}, "vk": {"shares": 0}, "linkedin": {"shares": 0}, "facebook": {"likes": 1, "shares": 1, "comments": 0}, "stumbledupon": {"shares": 0}}, "site_full": "www.jeuxvideo.com", "main_image": "http://image.jeuxvideo.com/medias-md/147550/1475498159-6375-card.png", "site_section": "http://www.jeuxvideo.com/rss/rss-videos-ps3.xml", "section_title": "jeuxvideo.com - Vidéo PlayStation 3", "url": "http://www.jeuxvideo.com/videos/replay/546247/let-s-plaie-s01e38.htm", "country": "FR", "domain_rank": 1551, "title": "Let's Plaie S01E38", "performance_score": 0, "site": "jeuxvideo.com", "participants_count": 0, "title_full": "Let's Plaie S01E38", "spam_score": 0.0, "site_type": "news", "published": "2016-10-03T21:38:00.000+03:00", "replies_count": 0, "uuid": "15ce93a9af32d4f7c625a1734d24d162e367c4d1"}, "author": "", "url": "http://www.jeuxvideo.com/videos/replay/546247/let-s-plaie-s01e38.htm", "ord_in_thread": 0, "title": "Let's Plaie S01E38", "locations": [], "entities": {"persons": [], "locations": [], "organizations": []}, "highlightText": "", "language": "french", "persons": [], "text": "Ken Bogard continue sa Croisade sur The Last Of Us, aujourd'hui : Bienvenue a Jurassik Park. Mis à jour le 03/10/2016 Web TV Ken Bogard Let's Plaie PlayStation 4 PlayStation 3 + Action Survival-Horror Sony Naughty Dog Post-apocalyptique Zombies Contemporain Amérique du Nord Comics Ces articles peuvent aussi vous intéresser", "external_links": [], "published": "2016-10-03T21:38:00.000+03:00", "crawled": "2016-10-03T18:11:40.246+03:00", "highlightTitle": ""}