{"organizations": [], "uuid": "dea9422d1492ea6f4073d1a1b7f115e10cec4a02", "thread": {"social": {"gplus": {"shares": 0}, "pinterest": {"shares": 0}, "vk": {"shares": 0}, "linkedin": {"shares": 0}, "facebook": {"likes": 0, "shares": 0, "comments": 0}, "stumbledupon": {"shares": 0}}, "site_full": "www.anibis.ch", "main_image": "https://can01.anibis.ch/Phares-Anti-brouillards-neuf-bmw-e-30-jaune-phase-2/?1024x728/3/90/anibis/250/761/016/4ctIN0yie02QXgFts4iRBQ_1.jpg", "site_section": "http://anibis.ch//fr/automobiles--4/rssexport.aspx", "section_title": "Petites annonces Automobiles", "url": "http://www.anibis.ch/fr/automobiles--4/anti-brouillards-neuf-bmw-e-30-jaune-phase-2--16761250.aspx", "country": "CH", "domain_rank": 8918, "title": "Anti brouillards neuf bmw e 30 jaune phase 2", "performance_score": 0, "site": "anibis.ch", "participants_count": 0, "title_full": "Anti brouillards neuf bmw e 30 jaune phase 2", "spam_score": 0.0, "site_type": "news", "published": "2016-10-01T22:09:00.000+03:00", "replies_count": 0, "uuid": "dea9422d1492ea6f4073d1a1b7f115e10cec4a02"}, "author": "", "url": "http://www.anibis.ch/fr/automobiles--4/anti-brouillards-neuf-bmw-e-30-jaune-phase-2--16761250.aspx", "ord_in_thread": 0, "title": "Anti brouillards neuf bmw e 30 jaune phase 2", "locations": [], "entities": {"persons": [], "locations": [], "organizations": []}, "highlightText": "", "language": "french", "persons": [], "text": "Anti brouillards neuf bmw e 30 jaune phase 2 Type d'insertion: Description: Bonjour Je vend mes anti-brouillards de bmw e30 (serie 3) phase deux (droite et gauche) car je me suis trompé de model. Ils sont neuf n'ont jamais ete utilisé. Il y a les joins de montage avec. Possibilité d'envoie en plus par la poste (Environs 20 chf) Cet utilisateur a confirmé son compte avec un numéro de mobile valable. grospelierc Membre depuis le 18.12.2015 Êtes-vous intéressé par cette offre? Ecrivez un message à l’annonceur. Mon nom : Transmettre l'annonce par e-mail Vous connaissez quelqu'un qui pourrait s'intéresser à cette annonce ? Envoyez lui un e-mail grâce à ce formulaire. Expéditeur : Veuillez nous indiquer en quelques mots pourquoi cette annonce est une arnaque. e-mail* : Indiquez-nous d'autres annonces concernées (optionel): Multipostage (spam) A votre avis, pourquoi s'agit-il d'une fraude? Fraude Pouvez-vous nous indiquer l'article de loi? Illégal Merci d'indiquer le chapitre de notre CG? Interdit sur anibis.ch Pouvez-vous nous donner une preuve de ces insultes (copie d'email) Insulte Merci de nous donner le site original Contrefaçon Pouvez-vous nous donner l'URL du texte ou l'image original? Copyright Veuillez préciser la raison de votre signalement : Autre raison", "external_links": [], "published": "2016-10-01T22:09:00.000+03:00", "crawled": "2016-10-01T17:33:51.242+03:00", "highlightTitle": ""}