{"organizations": [], "uuid": "eb708b22f7e38ebcb770d67cf06e096c507dc57f", "thread": {"social": {"gplus": {"shares": 15}, "pinterest": {"shares": 7}, "vk": {"shares": 0}, "linkedin": {"shares": 0}, "facebook": {"likes": 102, "shares": 102, "comments": 0}, "stumbledupon": {"shares": 0}}, "site_full": "chefsimon.lemonde.fr", "main_image": "http://s3-eu-west-1.amazonaws.com/images-ca-1-0-1-eu/recipe_photos/original/111005/img_3667.jpg", "site_section": "http://chefsimon.lemonde.fr/rss.xml", "section_title": "Chef Simon - Le plaisir de cuisiner", "url": "http://chefsimon.lemonde.fr/selections/ode-a-l-automne", "country": "FR", "domain_rank": 944, "title": "Ode à l'automne", "performance_score": 1, "site": "lemonde.fr", "participants_count": 0, "title_full": "Ode à l'automne", "spam_score": 0.0, "site_type": "news", "published": "2016-10-01T08:00:00.000+03:00", "replies_count": 0, "uuid": "eb708b22f7e38ebcb770d67cf06e096c507dc57f"}, "author": "", "url": "http://chefsimon.lemonde.fr/selections/ode-a-l-automne", "ord_in_thread": 0, "title": "Ode à l'automne", "locations": [], "entities": {"persons": [], "locations": [], "organizations": []}, "highlightText": "", "language": "french", "persons": [], "text": "By acb 4 you - Une délicieuse association dans cette soupe toute douce au palais, panais et poire, dont les saveurs sont exhalées par la ciboulette et le poivre. A découvrir pour se réchauffer lors de nos soirées automnales. Pintade fermière label rouge et légumes d'automne", "external_links": [], "published": "2016-10-01T08:00:00.000+03:00", "crawled": "2016-10-01T11:51:51.195+03:00", "highlightTitle": ""}