{"organizations": [], "uuid": "c897b03a93a37ecc24db563d6138d398a04f5231", "thread": {"social": {"gplus": {"shares": 0}, "pinterest": {"shares": 0}, "vk": {"shares": 0}, "linkedin": {"shares": 0}, "facebook": {"likes": 130, "shares": 130, "comments": 0}, "stumbledupon": {"shares": 0}}, "site_full": "france3-regions.francetvinfo.fr", "main_image": "http://france3-regions.francetvinfo.fr/nord-pas-de-calais/sites/regions_france3/files/styles/top_big/public/assets/images/2016/10/03/alex_2_octobre_2016.jpg?itok=z5TLdmQK", "site_section": "http://france3-regions.francetvinfo.fr/meteo/rss", "section_title": "France 3 Régions - météo", "url": "http://france3-regions.francetvinfo.fr/nord-pas-de-calais/meteo-france-les-previsions-pour-lundi-3-octobre-et-les-tendances-pour-la-semaine-1099759.html", "country": "FR", "domain_rank": 3566, "title": "Météo France : les prévisions pour lundi 3 octobre et les tendances pour la semaine", "performance_score": 1, "site": "francetvinfo.fr", "participants_count": 1, "title_full": "Météo France : les prévisions pour lundi 3 octobre et les tendances pour la semaine", "spam_score": 0.0, "site_type": "news", "published": "2016-10-03T12:59:00.000+03:00", "replies_count": 0, "uuid": "c897b03a93a37ecc24db563d6138d398a04f5231"}, "author": "Séverine Beaurain", "url": "http://france3-regions.francetvinfo.fr/nord-pas-de-calais/meteo-france-les-previsions-pour-lundi-3-octobre-et-les-tendances-pour-la-semaine-1099759.html", "ord_in_thread": 0, "title": "Météo France : les prévisions pour lundi 3 octobre et les tendances pour la semaine", "locations": [], "entities": {"persons": [], "locations": [], "organizations": []}, "highlightText": "", "language": "french", "persons": [], "text": "Les nuages bas s'étendent vers le sud en se morcelant. © F3Nord Après-midi © F3Nord Mardi \nOn est toujours sous des conditions anticycloniques. celles-ci faiblissent un peu à partir de l'ouest mais notre région est peu impactée. Brumes et bancs de brouillard par rayonnement puis advection de stratus par la Belgique en seconde partie de nuit et jusqu'en matinée. Mercredi \nLa goutte froide d'altitude descent vers le sud laissant notre région tranquille avec encore une bien belle journée. flux d'est sensible avec rafales de 40 à 50 km/h partout, pouvant atteindre 60 km/h au littoral. Jeudi \nCiel variable nuageux au sud sur le nord de la région, on peut avoir quelques averses. Vent de nord modéré ou fort. indice de confiance 3/5 \nles averses gagnent toute la région le vent de nord est modéré ou fort. indice de confiance 3/5 \nLe ciel devient changeant et est accompagne d'averses. Le vent du nord se décale vers l'ouest. indice de confiance 2/5 Dimanche \nLe vent tourne nord-ouest il est fort sur les cotes . Le ciel reste changeant avec des averses. indice de confiance 2/5 © F3Nord Les tendances pour la semaine", "external_links": [], "published": "2016-10-03T12:59:00.000+03:00", "crawled": "2016-10-03T08:09:12.427+03:00", "highlightTitle": ""}