{"organizations": [], "uuid": "1c4bf629128adc1f675a570f2b83a0c1e4b8d6ae", "thread": {"social": {"gplus": {"shares": 0}, "pinterest": {"shares": 0}, "vk": {"shares": 0}, "linkedin": {"shares": 0}, "facebook": {"likes": 8, "shares": 8, "comments": 0}, "stumbledupon": {"shares": 0}}, "site_full": "www.lefigaro.fr", "main_image": "http://i.f1g.fr/media/ext/orig/www.lefigaro.fr/img/logo-figaro-1200x360.jpg", "site_section": "http://www.lefigaro.fr/rss/figaro_flash-actu.xml", "section_title": "LE FIGARO - Le Figaro - Le Flash Actu", "url": "http://www.lefigaro.fr/flash-actu/2016/10/03/97001-20161003FILWWW00161-l-observatoire-de-la-laicite-publie-deux-textes.php", "country": "FR", "domain_rank": 1013, "title": "L'Observatoire de la laïcité publie deux textes", "performance_score": 0, "site": "lefigaro.fr", "participants_count": 0, "title_full": "L'Observatoire de la laïcité publie deux textes", "spam_score": 0.0, "site_type": "news", "published": "2016-10-03T20:59:00.000+03:00", "replies_count": 0, "uuid": "1c4bf629128adc1f675a570f2b83a0c1e4b8d6ae"}, "author": "", "url": "http://www.lefigaro.fr/flash-actu/2016/10/03/97001-20161003FILWWW00161-l-observatoire-de-la-laicite-publie-deux-textes.php", "ord_in_thread": 0, "title": "L'Observatoire de la laïcité publie deux textes", "locations": [], "entities": {"persons": [], "locations": [], "organizations": []}, "highlightText": "", "language": "french", "persons": [], "text": "L'Observatoire de la laïcité publie deux textes Par lefigaro.fr avec AFP   14:59 Une \"déclaration\", une liste des \"libertés et interdits\" : l'Observatoire de la laïcité, instance dépendant de Matignon, très critiquée par une partie du camp laïque, a publié aujourd’hui deux textes visant à \"cadrer\" un \"débat très confus\". A sept mois de l'élection présidentielle, \"nous avons voulu donner des éléments de repérage, de cadrage alors que le débat sur la laïcité part dans toutes les directions\", a déclaré à l'AFP le président de l'observatoire, l'ancien ministre socialiste Jean-Louis Bianco. Ce diptyque comprend une \"déclaration pour la laïcité\" qui rappelle ce qu'est ce principe \"affirmé par la Constitution de la République et organisé par la loi du 9 décembre 1905\", ainsi qu'un \"rappel\" plus long des \"libertés et interdits qui s'inscrivent dans le cadre laïque\". Ces deux textes ont été votés à l'unanimité de la vingtaine de membres de l'Observatoire (experts, hauts fonctionnaires, parlementaires...) moins les abstentions des trois frondeurs ne participant plus à ses travaux : le député PS Jean Glavany, la sénatrice PRG Françoise Laborde et le président du Comité Laïcité République Patrick Kessel. Tous trois jugent la conception de la laïcité défendue par Jean-Louis Bianco et le rapporteur général de l'observatoire, Nicolas Cadène, trop accommodante envers le \"communautarisme\". \"Dans les circonstances d'aujourd'hui, propices aux interrogations et aux surenchères\", la \"déclaration\" fait valoir que \"la laïcité est d'abord une liberté\". \"Des interdictions générales de toute manifestation de signes religieux sur la voie publique ou dans les espaces collectifs privés ne renforceraient pas la laïcité mais la dénatureraient, en transformant une liberté encadrée en prohibition\", estime l'observatoire. La note sur les \"libertés et interdits\" consiste en un rappel détaillé du droit existant, dans l'espace public comme dans la sphère privée, \"face à des phénomènes nouveaux, apparus ces dernières décennies dans un contexte social fragile, de montée de revendications communautaires\", mais aussi de \"détournement de la laïcité à des fins stigmatisantes\", en particulier à l'égard des musulmans. Interrogé par l'AFP sur les critiques visant l'observatoire, à droite comme dans la gauche proche de Manuel Valls, Jean-Louis Bianco assure que \"les accusations\", \"limitées à un débat parisien\", le laissent \"indifférent\". \"Ce qui compte pour nous, c'est la laïcité telle qu'elle est vécue\", relève l'ancien secrétaire général de l'Elysée. Et d'ajouter : malgré un débat public \"très confus\", \"nous constatons que la connaissance de ce qu'est la laïcité progresse\". LIRE AUSSI", "external_links": [], "published": "2016-10-03T20:59:00.000+03:00", "crawled": "2016-10-03T16:10:16.395+03:00", "highlightTitle": ""}