{"organizations": [], "uuid": "34bc2161684f58a17cc60e2123b020eb97fa42d2", "thread": {"social": {"gplus": {"shares": 0}, "pinterest": {"shares": 0}, "vk": {"shares": 0}, "linkedin": {"shares": 0}, "facebook": {"likes": 0, "shares": 0, "comments": 0}, "stumbledupon": {"shares": 0}}, "site_full": "www.anibis.ch", "main_image": "http://www.anibis.ch/img/anibis-logo-share.png", "site_section": "http://anibis.ch//fr/billets-,-bons--6/rssexport.aspx", "section_title": "Petites annonces Billets & bons", "url": "http://www.anibis.ch/fr/billets-~-bons--6/a-vendre-2-billets-horror-night-europa-park--16751218.aspx", "country": "CH", "domain_rank": 8918, "title": "A vendre 2 billets horror night EUROPA PARK", "performance_score": 0, "site": "anibis.ch", "participants_count": 0, "title_full": "A vendre 2 billets horror night EUROPA PARK", "spam_score": 0.0, "site_type": "news", "published": "2016-10-01T02:35:00.000+03:00", "replies_count": 0, "uuid": "34bc2161684f58a17cc60e2123b020eb97fa42d2"}, "author": "", "url": "http://www.anibis.ch/fr/billets-~-bons--6/a-vendre-2-billets-horror-night-europa-park--16751218.aspx", "ord_in_thread": 0, "title": "A vendre 2 billets horror night EUROPA PARK", "locations": [], "entities": {"persons": [], "locations": [], "organizations": []}, "highlightText": "", "language": "french", "persons": [], "text": "A vendre 2 billets horror night EUROPA PARK Type d'insertion: 80.– / Prix à discuter Description: \nÀ vendre : 2 billets pour la horror night à EUROPA PARK Samedi 8 octobre Prix par billet : 72,50€ (à discuter) \nMe contacter au 0786740545 Payer simplement et en toute sécurité? Envoyer et recevoir de l'argent avec Cet utilisateur a confirmé son compte avec un numéro de mobile valable. Celine1024 Membre depuis le 14.12.2015 Êtes-vous intéressé par cette offre? Ecrivez un message à l’annonceur. Mon nom : Transmettre l'annonce par e-mail Vous connaissez quelqu'un qui pourrait s'intéresser à cette annonce ? Envoyez lui un e-mail grâce à ce formulaire. Expéditeur : Veuillez nous indiquer en quelques mots pourquoi cette annonce est une arnaque. e-mail* : Indiquez-nous d'autres annonces concernées (optionel): Multipostage (spam) A votre avis, pourquoi s'agit-il d'une fraude? Fraude  ", "external_links": [], "published": "2016-10-01T02:35:00.000+03:00", "crawled": "2016-10-01T01:37:52.656+03:00", "highlightTitle": ""}