{"organizations": [], "uuid": "36bcfea81777c233d482f61099f0f8f2dc89a819", "thread": {"social": {"gplus": {"shares": 0}, "pinterest": {"shares": 0}, "vk": {"shares": 0}, "linkedin": {"shares": 0}, "facebook": {"likes": 0, "shares": 0, "comments": 0}, "stumbledupon": {"shares": 0}}, "site_full": "www.lefigaro.fr", "main_image": "http://i.f1g.fr/media/ext/orig/www.lefigaro.fr/img/logo-figaro-1200x360.jpg", "site_section": "http://www.lefigaro.fr/rss/figaro_flash-actu.xml", "section_title": "LE FIGARO - Le Figaro - Le Flash Actu", "url": "http://www.lefigaro.fr/flash-actu/2016/09/30/97001-20160930FILWWW00371-megots-a-paris-2000-verbalisations-en-un-an.php", "country": "FR", "domain_rank": 1013, "title": "Mégots à Paris: 2000 verbalisations en un an", "performance_score": 0, "site": "lefigaro.fr", "participants_count": 0, "title_full": "Mégots à Paris: 2000 verbalisations en un an", "spam_score": 0.0, "site_type": "news", "published": "2016-10-01T01:51:00.000+03:00", "replies_count": 0, "uuid": "36bcfea81777c233d482f61099f0f8f2dc89a819"}, "author": "", "url": "http://www.lefigaro.fr/flash-actu/2016/09/30/97001-20160930FILWWW00371-megots-a-paris-2000-verbalisations-en-un-an.php", "ord_in_thread": 0, "title": "Mégots à Paris: 2000 verbalisations en un an", "locations": [], "entities": {"persons": [], "locations": [], "organizations": []}, "highlightText": "", "language": "french", "persons": [], "text": "Mégots à Paris: 2000 verbalisations en un an Par lefigaro.fr avec AFP Publié le 30/09/2016 à 19:51 2000 verbalisations ont été dressées à Paris depuis le 1er octobre 2015 et la mise en place du décret contre les extrémités de cigarette , révèle aujourd'hui LCI . Il y a cinq mois, le journal Les Echos évoquait déjà ce chiffre de 2000 procès verbaux, ne traduisant aucune évolution des verbalisations. Ce décret prévoyait que le fait de jeter son mégot sur la voie publique coûte 68 euros, contre 35 précédemment. Chaque année, 350 tonnes de mégots sont ramassées par les services de la voirie de la capitale. L'application du décret devait être assurée par 500 agents, en civil, du service de la propreté de la capitale. Les fonctionnaires, qui ne peuvent pas passer au peigne fin chacun des 2900 km de trottoir parisien, devaient patrouiller en priorité dans les quartiers les plus pollués par les jets de mégots. Ils se devaient de verbaliser en flagrant délit le fumeur indélicat. Pour aider les adeptes de la nicotine à prendre de bonnes habitudes, la ville de Paris avait aussi installé en 2015 plus de 30.000 nouvelles corbeilles cendriers. Le Synhorcat, syndicat national des hôteliers, restaurateurs, cafetiers et traiteurs, avait distribué, à l'été 2015, 15.000 cendriers de poche à une partie de ses adhérents parisiens situé dans les neuf premiers arrondissements. L'objet se glisse dans la poche ou dans les sacs à main et neutralise complètement les odeurs. LIRE AUSSI :", "external_links": [], "published": "2016-10-01T01:51:00.000+03:00", "crawled": "2016-10-01T01:30:38.652+03:00", "highlightTitle": ""}