{"organizations": [], "uuid": "f97b7d5ef045bdc669a89714f6fe8546bb366856", "thread": {"social": {"gplus": {"shares": 0}, "pinterest": {"shares": 0}, "vk": {"shares": 0}, "linkedin": {"shares": 0}, "facebook": {"likes": 0, "shares": 0, "comments": 0}, "stumbledupon": {"shares": 0}}, "site_full": "www.anibis.ch", "main_image": "https://can01.anibis.ch/Autres-Robe-deguisement-dHalloween/?1024x728/3/90/anibis/352/758/016/YwwBhhtvW0yGfeLIxwpYHA_1.jpg", "site_section": "http://anibis.ch//fr/enfants-,-b%c3%a9b%c3%a9s--27/rssexport.aspx", "section_title": "Petites annonces Enfants & bébés", "url": "http://www.anibis.ch/fr/enfants-~-b%c3%a9b%c3%a9s--27/robe-d%c3%a9guisement-d'halloween--16758352.aspx", "country": "CH", "domain_rank": 8918, "title": "Robe déguisement d'Halloween", "performance_score": 0, "site": "anibis.ch", "participants_count": 0, "title_full": "Robe déguisement d'Halloween", "spam_score": 0.0, "site_type": "news", "published": "2016-10-01T15:44:00.000+03:00", "replies_count": 0, "uuid": "f97b7d5ef045bdc669a89714f6fe8546bb366856"}, "author": "", "url": "http://www.anibis.ch/fr/enfants-~-b%c3%a9b%c3%a9s--27/robe-d%c3%a9guisement-d'halloween--16758352.aspx", "ord_in_thread": 0, "title": "Robe déguisement d'Halloween", "locations": [], "entities": {"persons": [], "locations": [], "organizations": []}, "highlightText": "", "language": "french", "persons": [], "text": "Pouvez-vous nous indiquer l'article de loi? Illégal Merci d'indiquer le chapitre de notre CG? Interdit sur anibis.ch Pouvez-vous nous donner une preuve de ces insultes (copie d'email) Insulte Merci de nous donner le site original Contrefaçon Pouvez-vous nous donner l'URL du texte ou l'image original? Copyright Veuillez préciser la raison de votre signalement : Autre raison", "external_links": [], "published": "2016-10-01T15:44:00.000+03:00", "crawled": "2016-10-01T11:42:40.866+03:00", "highlightTitle": ""}