{"organizations": [], "uuid": "d085eec9ed24f0c44afe44f0578e47bc9e811a4e", "thread": {"social": {"gplus": {"shares": 0}, "pinterest": {"shares": 0}, "vk": {"shares": 0}, "linkedin": {"shares": 0}, "facebook": {"likes": 0, "shares": 0, "comments": 0}, "stumbledupon": {"shares": 0}}, "site_full": "www.anibis.ch", "main_image": "https://can01.anibis.ch/iPhone-5s-IPhone-5s-32gb-blanc-tout-neuf/?1024x728/3/90/anibis/331/784/016/cBmo8GcEgkuocSOZCn8LPQ_1.jpg", "site_section": "http://anibis.ch//fr/t%c3%a9l%c3%a9phonie--31/rssexport.aspx", "section_title": "Petites annonces Téléphonie", "url": "http://www.anibis.ch/fr/t%c3%a9l%c3%a9phonie--31/iphone-5s-32gb-blanc-tout-neuf--16784331.aspx", "country": "CH", "domain_rank": 8918, "title": "IPhone 5s 32gb blanc tout neuf", "performance_score": 0, "site": "anibis.ch", "participants_count": 0, "title_full": "IPhone 5s 32gb blanc tout neuf", "spam_score": 0.0, "site_type": "news", "published": "2016-10-03T23:21:00.000+03:00", "replies_count": 0, "uuid": "d085eec9ed24f0c44afe44f0578e47bc9e811a4e"}, "author": "", "url": "http://www.anibis.ch/fr/t%c3%a9l%c3%a9phonie--31/iphone-5s-32gb-blanc-tout-neuf--16784331.aspx", "ord_in_thread": 0, "title": "IPhone 5s 32gb blanc tout neuf", "locations": [], "entities": {"persons": [], "locations": [], "organizations": []}, "highlightText": "", "language": "french", "persons": [], "text": "IPhone 5s 32gb blanc tout neuf Type d'insertion: \nIPhone 5s 32gb blanc tout neuf. Tempered glass protection gratuit. Payer simplement et en toute sécurité? Envoyer et recevoir de l'argent avec Cet utilisateur a confirmé son compte avec un numéro de mobile valable. rana_imran Membre depuis le 20.04.2007 Téléphone : +41 77 995 35 47 Êtes-vous intéressé par cette offre? Ecrivez un message à l’annonceur. Mon nom : Transmettre l'annonce par e-mail Vous connaissez quelqu'un qui pourrait s'intéresser à cette annonce ? Envoyez lui un e-mail grâce à ce formulaire. Expéditeur : Veuillez nous indiquer en quelques mots pourquoi cette annonce est une arnaque. e-mail* : Indiquez-nous d'autres annonces concernées (optionel): Multipostage (spam) A votre avis, pourquoi s'agit-il d'une fraude? Fraude Pouvez-vous nous indiquer l'article de loi? Illégal Merci d'indiquer le chapitre de notre CG? Interdit sur anibis.ch Pouvez-vous nous donner une preuve de ces insultes (copie d'email) Insulte Merci de nous donner le site original Contrefaçon Pouvez-vous nous donner l'URL du texte ou l'image original? Copyright Veuillez préciser la raison de votre signalement : Autre raison Envoyer \nLes annonces suivantes pourront peut-être aussi vous intéresser", "external_links": [], "published": "2016-10-03T23:21:00.000+03:00", "crawled": "2016-10-03T18:52:11.441+03:00", "highlightTitle": ""}