{"organizations": [], "uuid": "47eb78282bf2900f3e9057098963905183dc7b8b", "thread": {"social": {"gplus": {"shares": 0}, "pinterest": {"shares": 0}, "vk": {"shares": 0}, "linkedin": {"shares": 0}, "facebook": {"likes": 0, "shares": 0, "comments": 0}, "stumbledupon": {"shares": 0}}, "site_full": "fr.news.yahoo.com", "main_image": "https://s.yimg.com/uu/api/res/1.2/Ry5VEV4tr9d4mXw8QB3afw--/aD02ODI7dz0xMDI0O3NtPTE7YXBwaWQ9eXRhY2h5b24-/http://media.zenfs.com/fr_FR/News/20minutes/Comics_Un_dessinateur_de_Wonder-53e947bc4e42b1598946646f76d81fff", "site_section": "http://fr.news.yahoo.com/rss/livres", "section_title": "News Livres | Actualités & informations - Yahoo Actualités FR", "url": "https://fr.news.yahoo.com/comics-dessinateur-wonder-woman-met-fin-interrogations-bisexualit%C3%A9-083150397.html", "country": "US", "domain_rank": 5, "title": "Comics: Un dessinateur de Wonder Woman met fin aux interrogations sur sa bisexualité", "performance_score": 0, "site": "yahoo.com", "participants_count": 0, "title_full": "Comics: Un dessinateur de Wonder Woman met fin aux interrogations sur sa bisexualité", "spam_score": 0.0, "site_type": "news", "published": "2016-10-01T03:00:00.000+03:00", "replies_count": 0, "uuid": "47eb78282bf2900f3e9057098963905183dc7b8b"}, "author": "", "url": "https://fr.news.yahoo.com/comics-dessinateur-wonder-woman-met-fin-interrogations-bisexualit%C3%A9-083150397.html", "ord_in_thread": 0, "title": "Comics: Un dessinateur de Wonder Woman met fin aux interrogations sur sa bisexualité", "locations": [], "entities": {"persons": [], "locations": [], "organizations": []}, "highlightText": "", "language": "french", "persons": [], "text": "BANDE DESSINEE - C’est l'un des dessinateurs de la mythique série de DC Comics qui a officiellement mis fin cette semaine aux débats… Le débat fait rage depuis sa naissance il y a 75 ans, Wonder Woman aime-t-elle aussi les femmes ? Le fait que Wonder Woman soit née sur une île uniquement peuplée d’Amazones aurait pu être un indice pour les lecteurs les moins perspicaces. Le fait qu’elle tombe amoureuse d’un naufragé sur Themyscira a brouillé les pistes.\n« Cela ne fait aucun sens logique autrement »\nMais Greg Rucka, l’un des dessinateurs de la superhéroïne, qui est revenu chez DC Comics cette année pour la série Renaissance célébrant les 75 ans de l’héroïne de bande dessinée, a levé tout doute qui pouvait encore subsister. Il a expliqué\ndans un entretien au site spécialisé Comicosity publié le 28 septembre, que Wonder Woman était bisexuelle.\nYup, Wonder Woman is queer, writer Greg Rucka confirms https://t.co/Ro4mdFnriw\n— Los Angeles Times (@latimes) September 29, 2016\n« Quand vous pensez à ce que le concept de Themyscira implique, la réponse est \"comment pourraient-elles ne pas toutes êtres dans une relation de même sexe\" ? Cela ne fait aucun sens logique autrement », a souligné le dessinateur.\n« L’idée c’est d’avoir une relation amoureuse et sexuelle qui soit satisfaisante. Et la seule option ce sont des femmes. Mais une Amazone ne regarde pas une autre Amazone en disant \"tu es gay\". Pas du tout. Le concept n’existe pas », explique l’auteur.\nUne première bande-annonce équivoque\nLa bisexualité de Wonder Woman alias Diana Prince n’est pas évidente dans la première bande-annonce du film consacré à l’Amazone dévoilée lors du Comic-Con de San Diego en juillet.\nL’héroïne incarnée par l’actrice Gal Gadot y est vue se penchant sur le soldat naufragé Steve Trevor (Chris Pine).\n« Tu es un homme ? » lui demande-t-elle et il répond : « ben oui ça ne se voit pas ? »\n« Wonder Woman » doit sortir aux Etats-Unis en juin 2017. \n\nRetrouvez cet article sur 20minutes.fr \n\n«Kingsglaive »: Enfin un bon film «Final Fantasy»? \nBD: Mort de Ted Benoît, qui avait repris les aventures de Blake et Mortimer \nVIDEO. «La Fille de Brest»: Voici la bande annonce du film sur le scandale du Mediator \nNuit Blanche: Laurent Tixador longe la Seine «à bord» de sa maison mobile \nTéléchargez gratuitement l'application Android 20 Minutes", "external_links": [], "published": "2016-10-01T03:00:00.000+03:00", "crawled": "2016-10-01T13:10:32.308+03:00", "highlightTitle": ""}