{"organizations": [], "uuid": "d27d9954b9b2b45d5254bd64467df0acc6918ac0", "thread": {"social": {"gplus": {"shares": 0}, "pinterest": {"shares": 0}, "vk": {"shares": 0}, "linkedin": {"shares": 0}, "facebook": {"likes": 0, "shares": 0, "comments": 0}, "stumbledupon": {"shares": 0}}, "site_full": "www.anibis.ch", "main_image": "https://can01.anibis.ch/Jogging-Basket-Adidas-CC-Cosmic-Boost-W/?1024x728/3/90/anibis/458/783/016/gWXbaB-J4ka4xZVDp-IHjw_1.jpg", "site_section": "http://anibis.ch//fr/sport-loisirs--30/rssexport.aspx", "section_title": "Petites annonces Sport - Loisirs", "url": "http://www.anibis.ch/fr/sport-loisirs--30/basket-adidas-cc-cosmic-boost-w--16783458.aspx", "country": "CH", "domain_rank": 8918, "title": "Basket Adidas CC Cosmic Boost W", "performance_score": 0, "site": "anibis.ch", "participants_count": 0, "title_full": "Basket Adidas CC Cosmic Boost W", "spam_score": 0.0, "site_type": "news", "published": "2016-10-03T20:56:00.000+03:00", "replies_count": 0, "uuid": "d27d9954b9b2b45d5254bd64467df0acc6918ac0"}, "author": "", "url": "http://www.anibis.ch/fr/sport-loisirs--30/basket-adidas-cc-cosmic-boost-w--16783458.aspx", "ord_in_thread": 0, "title": "Basket Adidas CC Cosmic Boost W", "locations": [], "entities": {"persons": [], "locations": [], "organizations": []}, "highlightText": "", "language": "french", "persons": [], "text": "Basket Adidas CC Cosmic Boost W Type d'insertion: 60.– Description: \n1 paire d'Adidas running CC Cosmic Bost W bleu turquoise taille 39 1/3, jamais portées car taillent petit. \nConviendraient pour personne chaussant du 37-38 \nPas d'envoi, à venir chercher sur Genève Payer simplement et en toute sécurité? Envoyer et recevoir de l'argent avec Cet utilisateur a confirmé son compte avec un numéro de mobile valable. katwoman72 Membre depuis le 11.10.2010 Êtes-vous intéressé par cette offre? Ecrivez un message à l’annonceur. Mon nom : Transmettre l'annonce par e-mail Vous connaissez quelqu'un qui pourrait s'intéresser à cette annonce ? Envoyez lui un e-mail grâce à ce formulaire. Expéditeur : Veuillez nous indiquer en quelques mots pourquoi cette annonce est une arnaque. e-mail* : Indiquez-nous d'autres annonces concernées (optionel): Multipostage (spam) A votre avis, pourquoi s'agit-il d'une fraude? Fraude Pouvez-vous nous indiquer l'article de loi? Illégal Merci d'indiquer le chapitre de notre CG? Interdit sur anibis.ch Pouvez-vous nous donner une preuve de ces insultes (copie d'email) Insulte Merci de nous donner le site original Contrefaçon Pouvez-vous nous donner l'URL du texte ou l'image original? Copyright Veuillez préciser la raison de votre signalement : Autre raison Envoyer \nLes annonces suivantes pourront peut-être aussi vous intéresser", "external_links": [], "published": "2016-10-03T20:56:00.000+03:00", "crawled": "2016-10-03T17:30:01.633+03:00", "highlightTitle": ""}