{"organizations": [], "uuid": "314256192754b9f84f499501912aa004920d9f04", "thread": {"social": {"gplus": {"shares": 0}, "pinterest": {"shares": 0}, "vk": {"shares": 0}, "linkedin": {"shares": 0}, "facebook": {"likes": 0, "shares": 0, "comments": 0}, "stumbledupon": {"shares": 0}}, "site_full": "www.anibis.ch", "main_image": "https://can01.anibis.ch/Bons-dachat-Bon-200.--outfittery/?1024x728/3/90/anibis/357/763/016/XL89PgjmcEmNagHgYnBWng_1.jpg", "site_section": "http://anibis.ch//fr/billets-,-bons--6/rssexport.aspx", "section_title": "Petites annonces Billets & bons", "url": "http://www.anibis.ch/fr/billets-~-bons--6/bon-200-outfittery--16763357.aspx", "country": "CH", "domain_rank": 8918, "title": "Bon 200.- outfittery", "performance_score": 0, "site": "anibis.ch", "participants_count": 0, "title_full": "Bon 200.- outfittery", "spam_score": 0.0, "site_type": "news", "published": "2016-10-02T02:23:00.000+03:00", "replies_count": 0, "uuid": "314256192754b9f84f499501912aa004920d9f04"}, "author": "", "url": "http://www.anibis.ch/fr/billets-~-bons--6/bon-200-outfittery--16763357.aspx", "ord_in_thread": 0, "title": "Bon 200.- outfittery", "locations": [], "entities": {"persons": [], "locations": [], "organizations": []}, "highlightText": "", "language": "french", "persons": [], "text": "Pouvez-vous nous indiquer l'article de loi? Illégal Merci d'indiquer le chapitre de notre CG? Interdit sur anibis.ch Pouvez-vous nous donner une preuve de ces insultes (copie d'email) Insulte Merci de nous donner le site original Contrefaçon Pouvez-vous nous donner l'URL du texte ou l'image original? Copyright Veuillez préciser la raison de votre signalement : Autre raison Envoyer \nLes annonces suivantes pourront peut-être aussi vous intéresser", "external_links": [], "published": "2016-10-02T02:23:00.000+03:00", "crawled": "2016-10-01T21:41:30.373+03:00", "highlightTitle": ""}