{"organizations": [], "uuid": "fb59f3e2867754ffd7cd99861d9a0e00b140c81e", "thread": {"social": {"gplus": {"shares": 2}, "pinterest": {"shares": 0}, "vk": {"shares": 0}, "linkedin": {"shares": 0}, "facebook": {"likes": 12, "shares": 12, "comments": 0}, "stumbledupon": {"shares": 0}}, "site_full": "www.lefigaro.fr", "main_image": "http://i.f1g.fr/media/figaro/orig/2016/10/03/XVM81be564c-8974-11e6-bdfd-da60d80cb221.jpg", "site_section": "http://www.lefigaro.fr/rss/figaro_culture.xml", "section_title": "LE FIGARO - Le Figaro - Culture : Cinéma, théâtre, arts, expositions, musique et télévision", "url": "http://www.lefigaro.fr/bd/2016/10/03/03014-20161003ARTFIG00226--les-mondes-de-thorgal-s-enfuir-le-box-office-bd-de-la-semaine.php", "country": "FR", "domain_rank": 1013, "title": "Les Mondes de Thorgal, S'enfuir... Le box-office BD de la semaine", "performance_score": 0, "site": "lefigaro.fr", "participants_count": 1, "title_full": "Les Mondes de Thorgal, S'enfuir... Le box-office BD de la semaine", "spam_score": 0.0, "site_type": "news", "published": "2016-10-03T23:44:00.000+03:00", "replies_count": 0, "uuid": "fb59f3e2867754ffd7cd99861d9a0e00b140c81e"}, "author": "avertaldi@lefigaro.fr", "url": "http://www.lefigaro.fr/bd/2016/10/03/03014-20161003ARTFIG00226--les-mondes-de-thorgal-s-enfuir-le-box-office-bd-de-la-semaine.php", "ord_in_thread": 0, "title": "Les Mondes de Thorgal, S'enfuir... Le box-office BD de la semaine", "locations": [], "entities": {"persons": [], "locations": [], "organizations": []}, "highlightText": "", "language": "french", "persons": [], "text": "le 03/10/2016 à 17:44 \nDargaud/ Soleil Crédits photo : Dargaud/ Soleil Le sixième volet des aventures parallèles du célèbre Viking créé par Jean Van Hamme et Grzegorz Rosinski, le récit terrible d'un otage en captivité... Classement hebdomadaire des meilleures ventes de bandes dessinées. \nLa série dérivée de Thorgal n'a que six ans et joue dans la cour des grands. Paru le 23 septembre, le sixième volet des Mondes de Thorgal , La Reine des Alfes noirs caracole en tête des ventes en France. L'univers né dans l'édition belge du journal Tintin , en 1977, fruit d'une collaboration inédite entre un scénariste belge promis au plus grand avenir Jean Van Hamme ( XIII, Largo Winch ) et un illustrateur vivant alors derrière le Rideau de fer, Grzegorz Rosinski , fait encore des émules. \nNoir comme le sang , le quinzième tome de la saga Fantasy, Elfes , sorti le 21 septembre, inventée par Jean-Luc Istin et Nicolas Jarry, en 2013, se hisse à la seconde place. Première série concept développée par les Éditions Soleil, les deux auteurs ont imaginé, pour chaque album, des peuples différents évoluant sur une carte morcelée en plusieurs territoires. \nEn troisième position, S'enfuir d e Guy Delisle. L'auteur de Chroniques de Jérusalem réussit la prouesse de traduire en 400 pages l'enfermement de Christophe André, employé d'une ONG kidnappé dans le Caucase en 1997. Il a tiré un ouvrage intense dans lequel on mesure les affres de plusieurs mois d'enfermement d'un homme menotté à un radiateur, dans une pièce vide à la fenêtre condamnée. \nMeilleures ventes du 19 au 25 septembre (classement exclusif GFK/Livres Hebdo): \n1) Les mondes de Thorgal, Louve volume 6, Jigounov et Sente. \n2) Elfes , Noir comme le sang , volume 15, Marc Hadrien, Augustin Popescu, Stéphane Créty. \n3) S'enfuir, Récit d'un otage , Guy Delisle. \n4) Culottées , Pénélope Bagieu. \n5) Amazonie , vol 1, Léo, Rodolphe, Bertrand. \n6) Game over , Fatal attraction volume 14, Midam. \n8) Promethée et la boîte de Pandore , Clotilde Bruneau, Giuseppe Baiguera, Luc Ferry. \n9) Harry Dickson , le vol de l'agneau mystique volume 11, d'après Jean Ray. \n10) Château Bordeaux , Les vendanges volume 7,Corbeyran , Espé. La rédaction vous conseille", "external_links": [], "published": "2016-10-03T23:44:00.000+03:00", "crawled": "2016-10-03T19:11:50.897+03:00", "highlightTitle": ""}