{"organizations": [], "uuid": "66518989a60108314bb7cf8e33591b323755dd3d", "thread": {"social": {"gplus": {"shares": 0}, "pinterest": {"shares": 0}, "vk": {"shares": 0}, "linkedin": {"shares": 0}, "facebook": {"likes": 1, "shares": 1, "comments": 0}, "stumbledupon": {"shares": 0}}, "site_full": "www.leparisien.fr", "main_image": "http://s1.lprs1.fr/images/2016/10/02/6168697_29c29f6a-871d-11e6-9e94-7df8fe484178-1.jpg", "site_section": "http://www.leparisien.fr/actus/michel-audiard", "section_title": "Michel-audiard - Toute l'info sur Michel-audiard - le Parisien", "url": "http://www.leparisien.fr/aulnay-sous-bois-93600/aulnay-le-foyer-romand-s-anime-pour-la-semaine-bleue-02-10-2016-6168697.php", "country": "FR", "domain_rank": 2525, "title": "Aulnay : le foyer Romand s’anime pour la Semaine bleue", "performance_score": 0, "site": "leparisien.fr", "participants_count": 1, "title_full": "Aulnay : le foyer Romand s’anime pour la Semaine bleue - le Parisien", "spam_score": 0.009, "site_type": "news", "published": "2016-10-02T13:18:00.000+03:00", "replies_count": 0, "uuid": "66518989a60108314bb7cf8e33591b323755dd3d"}, "author": "leparisien.fr", "url": "http://www.leparisien.fr/aulnay-sous-bois-93600/aulnay-le-foyer-romand-s-anime-pour-la-semaine-bleue-02-10-2016-6168697.php", "ord_in_thread": 0, "title": "Aulnay : le foyer Romand s’anime pour la Semaine bleue", "locations": [], "entities": {"persons": [], "locations": [], "organizations": []}, "highlightText": "", "language": "french", "persons": [], "text": "U ne foule d’animations sont prévues à Aulnay, à l’occasion de la « Semaine bleue », dédiée aux personnes âgées et des retraités, à partir de ce lundi jusqu’au 8 octobre. L’essentiel des animations va se dérouler au foyer André-Romand, de 9heures à midi puis de 14heures à 17heures. Au programmme notamment : du karaoké live, de la danse country, un parcours-jeu de mémoire, un pique-nique, un rallye pédestre, du scrapbooking (travaux manuels pour embellir des livres), ainsi que de la sensibilisation au tri des déchets. A noter que la radio locale du foyer André-Romand diffusera même des interviews, des chansons et des informations. « Semaine bleue », du jusqu’au 8 octobre, au foyer Romand (13, rue André-Romand).\n leparisien.fr", "external_links": [], "published": "2016-10-02T13:18:00.000+03:00", "crawled": "2016-10-02T13:24:41.402+03:00", "highlightTitle": ""}