{"organizations": [], "uuid": "98065c26ecda48e1897ac13130aa2672499ace56", "thread": {"social": {"gplus": {"shares": 0}, "pinterest": {"shares": 0}, "vk": {"shares": 0}, "linkedin": {"shares": 0}, "facebook": {"likes": 0, "shares": 0, "comments": 0}, "stumbledupon": {"shares": 0}}, "site_full": "actu.orange.fr", "main_image": "http://media2.woopic.com/api/v1/images/661%2Ffrancetv-actu-articles%2Fa89%2F31a%2F52de56394f2bd8e36e5cc1b9b1%2Fdeux-francais-sur-trois-estiment-que-hollande-et-sarkozy-ont-ete-d-aussi-mauvais-presidents-selon-un-sondage-pour-france-2%7C10869403.jpg?format=470x264&amp;facedetect=1&amp;quality=85", "site_section": "", "section_title": "", "url": "http://actu.orange.fr/france/deux-francais-sur-trois-estiment-que-hollande-et-sarkozy-ont-ete-d-aussi-mauvais-presidents-selon-un-sondage-pour-france-2-francetv-CNT000000uzhYF.html", "country": "FR", "domain_rank": 208, "title": "Deux Français sur trois estiment que Hollande et Sarkozy ont été d'\"aussi mauvais\" présidents, selon un sondage pour France 2 sur Orange Actualités", "performance_score": 0, "site": "orange.fr", "participants_count": 0, "title_full": "Deux Français sur trois estiment que Hollande et Sarkozy ont été d'\"aussi mauvais\" présidents, selon un sondage pour France 2 sur Orange Actualités", "spam_score": 0.094, "site_type": "news", "published": "2016-10-03T04:59:00.000+03:00", "replies_count": 0, "uuid": "98065c26ecda48e1897ac13130aa2672499ace56"}, "author": "", "url": "http://actu.orange.fr/france/deux-francais-sur-trois-estiment-que-hollande-et-sarkozy-ont-ete-d-aussi-mauvais-presidents-selon-un-sondage-pour-france-2-francetv-CNT000000uzhYF.html", "ord_in_thread": 0, "title": "Deux Français sur trois estiment que Hollande et Sarkozy ont été d'\"aussi mauvais\" présidents, selon un sondage pour France 2 sur Orange Actualités", "locations": [], "entities": {"persons": [], "locations": [], "organizations": []}, "highlightText": "", "language": "french", "persons": [], "text": "Hollande et Sarkozy \"aussi mauvais\" l'un que l'autre pour 62% des Français franceinfo, publié le dimanche 02 octobre 2016 à 20h59 \nPrès de deux tiers des Français jugent que François Hollande et son prédécesseur Nicolas Sarkozy ont été globalement des présidents de la République \"aussi mauvais\" l'un que l'autre, selon un sondage Odoxa pour France 2 publié dimanche 2 octobre. 62% des sondés renvoient ainsi les deux hommes dos à dos, tandis que 25% pensent que Nicolas Sarkozy a été meilleur président et 12% que c'est le chef de l'Etat sortant qui l'a été. \nLes Français interrogés ne sont d'ailleurs que 33% et 27% à souhaiter que Nicolas Sarkozy et François Hollande jouent à l'avenir un rôle aussi important qu'aujourd'hui, voire plus important. Ils sont très nettement distancés par Alain Juppé (68%) et Marine Le Pen (50%). \n72% des sondés pour la retraite de Hollande \n72% des Français sondés veu... ", "external_links": [], "published": "2016-10-03T04:59:00.000+03:00", "crawled": "2016-10-02T22:41:43.594+03:00", "highlightTitle": ""}