{"organizations": [], "uuid": "992fd5a11884aa7f0352f1fd8d41c512106082d6", "thread": {"social": {"gplus": {"shares": 0}, "pinterest": {"shares": 0}, "vk": {"shares": 0}, "linkedin": {"shares": 0}, "facebook": {"likes": 0, "shares": 0, "comments": 0}, "stumbledupon": {"shares": 0}}, "site_full": "www.anibis.ch", "main_image": "https://can01.anibis.ch/Autres-Vaisselle-ancienne-a-motifs-poissons-8-pieces/?1024x728/3/90/anibis/631/751/016/luhvRw--uUmV7tu8G-mLzQ_1.jpg", "site_section": "http://anibis.ch//fr/art-,-antiquit%c3%a9s--3/rssexport.aspx", "section_title": "Petites annonces Art & Antiquités", "url": "http://www.anibis.ch/fr/art-~-antiquit%c3%a9s--3/vaisselle-ancienne-%c3%a0-motifs-poissons-8-pi%c3%a8ces--16751631.aspx", "country": "CH", "domain_rank": 8918, "title": "Vaisselle ancienne à motifs poissons 8 pièces", "performance_score": 0, "site": "anibis.ch", "participants_count": 0, "title_full": "Vaisselle ancienne à motifs poissons 8 pièces", "spam_score": 0.0, "site_type": "news", "published": "2016-10-01T03:55:00.000+03:00", "replies_count": 0, "uuid": "992fd5a11884aa7f0352f1fd8d41c512106082d6"}, "author": "", "url": "http://www.anibis.ch/fr/art-~-antiquit%c3%a9s--3/vaisselle-ancienne-%c3%a0-motifs-poissons-8-pi%c3%a8ces--16751631.aspx", "ord_in_thread": 0, "title": "Vaisselle ancienne à motifs poissons 8 pièces", "locations": [], "entities": {"persons": [], "locations": [], "organizations": []}, "highlightText": "", "language": "french", "persons": [], "text": "Vaisselle ancienne à motifs poissons 8 pièces Type d'insertion: Payer simplement et en toute sécurité? Envoyer et recevoir de l'argent avec Cet utilisateur a confirmé son compte avec un numéro de mobile valable. chouchanelle Membre depuis le 07.06.2012 Êtes-vous intéressé par cette offre? Ecrivez un message à l’annonceur. Mon nom : Transmettre l'annonce par e-mail Vous connaissez quelqu'un qui pourrait s'intéresser à cette annonce ? Envoyez lui un e-mail grâce à ce formulaire. Expéditeur : Veuillez nous indiquer en quelques mots pourquoi cette annonce est une arnaque. e-mail* : Indiquez-nous d'autres annonces concernées (optionel): Multipostage (spam) A votre avis, pourquoi s'agit-il d'une fraude? Fraude Pouvez-vous nous indiquer l'article de loi? Illégal Merci d'indiquer le chapitre de notre CG? Interdit sur anibis.ch Pouvez-vous nous donner une preuve de ces insultes (copie d'email) Insulte Merci de nous donner le site original Contrefaçon Pouvez-vous nous donner l'URL du texte ou l'image original? Copyright Veuillez préciser la raison de votre signalement : Autre raison", "external_links": [], "published": "2016-10-01T03:55:00.000+03:00", "crawled": "2016-10-01T00:28:54.278+03:00", "highlightTitle": ""}