{"organizations": [], "uuid": "238baabf0dc27eb2f7c598537f801f5ffddeeb52", "thread": {"social": {"gplus": {"shares": 0}, "pinterest": {"shares": 0}, "vk": {"shares": 0}, "linkedin": {"shares": 0}, "facebook": {"likes": 0, "shares": 0, "comments": 0}, "stumbledupon": {"shares": 0}}, "site_full": "www.metronews.fr", "main_image": "http://photos.lci.fr/images/1024/560/preview-la-tour-eiffel-en-bleu-blanc-rouge-en-hommage-aux-victimes-e44317-1@1x.jpeg", "site_section": "http://www.metronews.fr/rss.xml", "section_title": "LCI - Toutes les actualités et infos", "url": "http://www.metronews.fr/people/agression-de-kim-kardashian-quel-impact-sur-le-secteur-du-tourisme-2005777.html", "country": "FR", "domain_rank": 6619, "title": "Agression de Kim Kardashian : une mauvaise affaire pour l'image de Paris", "performance_score": 0, "site": "metronews.fr", "participants_count": 0, "title_full": "Agression de Kim Kardashian : une mauvaise affaire pour l'image de Paris", "spam_score": 0.0, "site_type": "news", "published": "2016-10-03T19:04:00.000+03:00", "replies_count": 0, "uuid": "238baabf0dc27eb2f7c598537f801f5ffddeeb52"}, "author": "", "url": "http://www.metronews.fr/people/agression-de-kim-kardashian-quel-impact-sur-le-secteur-du-tourisme-2005777.html", "ord_in_thread": 0, "title": "Agression de Kim Kardashian : une mauvaise affaire pour l'image de Paris", "locations": [], "entities": {"persons": [], "locations": [], "organizations": []}, "highlightText": "", "language": "french", "persons": [], "text": "Agression de Kim Kardashian : une mauvaise affaire pour l'image de Paris Kim Kardashian braquée à Paris Voir TOURISME - L'agression et le braquage de Kim Kardashian, survenue dans la matinée du lundi 3 octobre au sein d'un prestigieux établissement parisien, ont un retentissement médiatique immense. Les professionnels s'inquiètent déjà des dégâts que la mésaventure de l'influente star de téléréalité va avoir sur le secteur du tourisme. 2016-10-03T11:04:31.958Z \nL'information de l'agression et du braquage de Kim Kardashian en boucle sur les chaînes françaises mais aussi évidemment internationales. L'impact, en terme d'image, pour la capitale et plus globalement pour la France, risque d'être désastreux. \nDidier Rino, directeur du cabinet Protourisme, explique pour LCI : \"Cela vient casser une dynamique de reprise du tourisme hexagonale auprès des clientèles américaines. En sachant que les clientèles américaines sont beaucoup plus sensibles aux risques de sécurité, il faut savoir aussi que lorsque ces incidents s'arrêtent, elles reviennent beaucoup plus rapidement\". 00:00", "external_links": [], "published": "2016-10-03T19:04:00.000+03:00", "crawled": "2016-10-03T14:17:32.805+03:00", "highlightTitle": ""}