{"organizations": [], "uuid": "19b4d90c1b0bed1d2aac4c8e9a81f6d909cd75ba", "thread": {"social": {"gplus": {"shares": 0}, "pinterest": {"shares": 0}, "vk": {"shares": 0}, "linkedin": {"shares": 0}, "facebook": {"likes": 0, "shares": 0, "comments": 0}, "stumbledupon": {"shares": 0}}, "site_full": "www.ladepeche.fr", "main_image": "http://static.ladepeche.fr/content/media/image/zoom/2016/09/28/2129446-presse-papiers-1.jpg", "site_section": "http://www.ladepeche.fr/", "section_title": "ladepeche.fr : Actualités Toulouse, informations emploi économie...", "url": "http://www.ladepeche.fr/article/2016/09/28/2428369-coming-out-force-humiliation-malaise-serie-matthieu-delormeau-tpmp.html", "country": "FR", "domain_rank": 5847, "title": "Coming-out forcé, humiliation : malaises en série pour Matthieu Delormeau dans TPMP - 28/09/2016", "performance_score": 0, "site": "ladepeche.fr", "participants_count": 17, "title_full": "Coming-out forcé, humiliation : malaises en série pour Matthieu Delormeau dans TPMP - 28/09/2016 - ladepeche.fr", "spam_score": 0.002, "site_type": "news", "published": "2016-09-28T16:29:00.000+03:00", "replies_count": 17, "uuid": "19b4d90c1b0bed1d2aac4c8e9a81f6d909cd75ba"}, "author": "ladepeche.fr", "url": "http://www.ladepeche.fr/article/2016/09/28/2428369-coming-out-force-humiliation-malaise-serie-matthieu-delormeau-tpmp.html", "ord_in_thread": 0, "title": "Coming-out forcé, humiliation : malaises en série pour Matthieu Delormeau dans TPMP - 28/09/2016", "locations": [], "entities": {"persons": [], "locations": [], "organizations": []}, "highlightText": "", "language": "french", "persons": [], "text": "Dure semaine pour Matthieu Delormeau dans Touche pas à mon poste : le chroniqueur s’est une nouvelle fois retrouvé au centre de toutes les attentions, mais pas pour le meilleur. Lundi dernier, le transfuge de NRJ12 a été contrait à un outing devant des milliers de téléspectateurs, avant de subir le lendemain les attaques de Cyril Hanouna sur son arrivée dans l’émission l’année dernière.\nEn début de semaine, la romancière et nouvelle recrue de TPMP Géraldine Maillet a ainsi déclaré au sujet de Gad Elmaleh, invité sur le plateau : « Il plaît aux hétéros et aux homos ! », et de poursuivre : « Parce que Matthieu Delor­meau le trouve très beau ! ».\nSurpris par cette déclaration spontanée, Cyril Hanouna explique : « On n’a jamais dit offi­ciel­le­ment que Matthieu était homo », provoquant les rires du public et des chroniqueurs.\nGêné, l’intéressé s’est empressé de préciser qu’il « aimait les jolies personnes, qu’elles soient fémi­nines ou mascu­lines ».\n« Ferme ta gueule » Mais l’hilarité générale a laissé place à un gros malaise dès le lendemain, lorsque l’animateur a humilié en direct Matthieu Delormeau. Cyril Hanouna a ainsi intimé à son interlocuteur de changer de place et s’est emporté lorsque celui-ci a une nouvelle fois évoqué son ancien statut au sein de NRJ12 : « Vous étiez quoi, là-bas ? », s’est ainsi énervé le présentateur. « Excu­sez-moi, je vais quand même reve­nir sur un truc, parce que j’en ai assez (…) NRJ 12 ils vous ont mis dehors comme une merde ! On ne va pas se mentir, c’est vrai. Je vais racon­ter l’his­toire : qui c’est qui est venu en juillet dans mon bureau comme une pleu­reuse ? Mais ferme ta gueule ! Quel bouf­fon, celui-là ! (…) Qui c’est qui est venu ? Qui c’est qui vous a tendu la main ? Et vous n’étiez pas mon premier choix. » Des mots très durs qui ont semble-t-il touché le chroniqueur et choqué certains de ses camarades.\nA partir de 2 minutes 30\nLe jeune homme n’en est pas à sa première humiliation sur le plateau de Touche pas à mon poste . En janvier dernier, Cyril Hanouna avait invité Stéphane Rotenberg à verser un bol de nouilles dans le caleçon de Matthieu Delormeau , malgré les réticences de ce dernier. Un défi qui a scandalisé de nombreux téléspectateurs et fait réagir le Conseil supérieur de l’audiovisuel. Reste à savoir si les dérapages de cette semaine seront à nouveau relevés par le CSA, alors que de nombreux téléspectateurs ont d’ores et déjà réagi sur Twitter :\nLe putain de melon de ce mec, c'est hallucinant. Que fait le CSA ? #TPMP https://t.co/twbaiJkx3t\n— Lucifer ⚡ (@_bloodylucy_) 28 septembre 2016 Un concentré de beauferie crasse et homophobe by Hanouna https://t.co/EXZj7hBFhO\n— Christophe Conte (@christopheconte) 28 septembre 2016 Énième dérapage (homophobie + humiliation + insultes) de Cyril Hanouna dans #TPMP hier https://t.co/1c4egHelS7\n— tony (@tony_limaco) 28 septembre 2016 Ça compte pas comme du harcèlement au travail ce genre d'horreurs ? https://t.co/3Zj7F8s8J0\n— François Arias (@Paco15) 28 septembre 2016", "external_links": ["https://t.co/EXZj7hBFhO", "https://t.co/3Zj7F8s8J0", "https://twitter.com/Paco15/status/781080752716910592", "https://twitter.com/christopheconte/status/781108087612641280", "https://t.co/1c4egHelS7", "https://twitter.com/hashtag/TPMP?src=hash", "https://twitter.com/_bloodylucy_/status/781122984731877377", "https://t.co/twbaiJkx3t", "https://twitter.com/tony_limaco/status/781097683352256512"], "published": "2016-09-28T16:29:00.000+03:00", "crawled": "2016-10-01T06:08:36.842+03:00", "highlightTitle": ""}