{"organizations": [], "uuid": "0293c0f417750d272d2865f32d3351535b6f13c9", "thread": {"social": {"gplus": {"shares": 0}, "pinterest": {"shares": 0}, "vk": {"shares": 0}, "linkedin": {"shares": 0}, "facebook": {"likes": 0, "shares": 0, "comments": 0}, "stumbledupon": {"shares": 0}}, "site_full": "www.dhnet.be", "main_image": "http://r2.ldh.be/image/d2/57efbef8cd70e9985fe846d2.jpg", "site_section": "http://dhnet.be//rss.xml", "section_title": "DH.be - La Une", "url": "http://www.dhnet.be/sports/f1/gp-de-malaisie-le-prono-d-olivier-de-wilde-57efbf00cd70871fc423d96c", "country": "BE", "domain_rank": 5754, "title": "GP de Malaisie: le prono d’Olivier de Wilde", "performance_score": 0, "site": "dhnet.be", "participants_count": 1, "title_full": "GP de Malaisie: le prono d’Olivier de Wilde", "spam_score": 0.0, "site_type": "news", "published": "2016-10-01T20:49:00.000+03:00", "replies_count": 0, "uuid": "0293c0f417750d272d2865f32d3351535b6f13c9"}, "author": "Olivier De Wilde", "url": "http://www.dhnet.be/sports/f1/gp-de-malaisie-le-prono-d-olivier-de-wilde-57efbf00cd70871fc423d96c", "ord_in_thread": 0, "title": "GP de Malaisie: le prono d’Olivier de Wilde", "locations": [], "entities": {"persons": [], "locations": [], "organizations": []}, "highlightText": "", "language": "french", "persons": [], "text": "GP de Malaisie: le prono d’Olivier de Wilde \nOlivier De Wilde   15h49   15h50 ... GP de Malaisie: Rosberg 1er de la 1e séance retardée par un incendie (PHOTOS) Formule 1 \nLe Britannique Lewis Hamilton (Mercedes) a signé la 57e pole de sa carrière (la 8e de la saison) samedi à Sepang. De quoi en faire le favori de la course de dimanche?Notre spécialiste F1 dévoile son prono. \n1er Lewis Hamilton : « En pole pour la 57ème fois après avoir battu un ancien record de Michael Schumacher datant de 2004, Lewis Hamilton s’est montré intraitable. Piqué au vif après trois défaites consécutives, le Britannique sait qu’il doit réagir maintenant pour ne pas laisser s’envoler ses chances de coiffer une quatrième couronne. La clé du succès sera le départ. S’il le réussit, Nico Rosberg, battu de quatre dixièmes ce samedi, ne pourrait revoir son équipier que sur le podium. » \n2ème Nico Rosberg : « Battu lors des trois phases de la séance qualificative, cinquième même seulement après son premier run en Q3, Nico, un peu moins à l’aise que lors des derniers GP, risque d’avoir du mal à suivre ici le rythme de LH et signer dimanche sa première victoire en Malaisie. Une deuxième place suffirait toutefois à l’Allemand pour garder la tête du Mondial et offrir à Mercedes un nouveau titre constructeur. \n3ème Daniel Ricciardo : « Devancé de 47 millièmes par Max Verstappen (3ème) en qualifications, Daniel Ricciardo aura à cœur de prendre sa revanche en course. Souffrant un peu de la chaleur extrême (il a fait un léger malaise vendredi), le Belgo-néerlandais pourrait craquer physiquement ou nerveusement. On verrait plus ici l’Australien rejoindre les « Flèches d’Argent » sur le podium. » Sur le même sujet :", "external_links": [], "published": "2016-10-01T20:49:00.000+03:00", "crawled": "2016-10-01T17:09:49.766+03:00", "highlightTitle": ""}