{"organizations": [], "uuid": "793ba9ad83ad3333d3761a96f3bbcb8b033af5d0", "thread": {"social": {"gplus": {"shares": 0}, "pinterest": {"shares": 0}, "vk": {"shares": 0}, "linkedin": {"shares": 0}, "facebook": {"likes": 0, "shares": 0, "comments": 0}, "stumbledupon": {"shares": 0}}, "site_full": "www.20minutes.fr", "main_image": "http://img.20mn.fr/p2rrkqAMQ8OrFs0uQ8A_1g/648x360_moussa-niakhate-gauche-vafc-imposes-starsbourg.jpg", "site_section": "http://www.20minutes.fr/rss/une.xml", "section_title": "20Minutes - Une", "url": "http://www.20minutes.fr/lille/1934359-20161001-ligue-2-valenciennes-rassure-apres-match-fou-strasbourg", "country": "FR", "domain_rank": 2116, "title": "Ligue 2: Valenciennes se rassure après un match fou à Strasbourg", "performance_score": 0, "site": "20minutes.fr", "participants_count": 1, "title_full": "Ligue 2: Valenciennes se rassure après un match fou à Strasbourg", "spam_score": 0.0, "site_type": "news", "published": "2016-10-01T23:15:00.000+03:00", "replies_count": 0, "uuid": "793ba9ad83ad3333d3761a96f3bbcb8b033af5d0"}, "author": "no-reply@20minutes.fr", "url": "http://www.20minutes.fr/lille/1934359-20161001-ligue-2-valenciennes-rassure-apres-match-fou-strasbourg", "ord_in_thread": 0, "title": "Ligue 2: Valenciennes se rassure après un match fou à Strasbourg", "locations": [], "entities": {"persons": [], "locations": [], "organizations": []}, "highlightText": "", "language": "french", "persons": [], "text": "Lille Ligue 2: Valenciennes se rassure après un match fou à Strasbourg FOOTBALL Le club du Hainaut, à onze contre neuf en deuxième mi-temps, s'est imposé (2-4) en Alsace... Moussa Niakhaté (à gauche) et le VAFC se sont imposés à Starsbourg - FRANCOIS LO PRESTI / AFP Francois Launay Mis à jour le 01.10.2016 à 17:15 \nLa mauvaise série est terminée. Après quatre matchs d’affilée sans victoire en ligue 2, le VAFC s’est parfaitement relancé en allant s’imposer samedi après-midi sur la pelouse de Strasbourg (2-4). Un match fou durant lequel les Alsaciens se sont retrouvés à neuf contre onze à la mi-temps après deux expulsions. Pourtant, malgré cette supériorité numérique, VA aura trouvé le moyen de se faire peur en deuxième période avant de finalement se libérer en fin de match. Valenciennes remonte à la septième place \n« Strasbourg nous a fait peur en deuxième mi-temps mais on a mérité de s’imposer. On a beaucoup de satisfaction et on remonte au classement », savoure Nuno Da Costa, l’attaquant valenciennois. Après dix journées, Valenciennes occupe désormais la septième place de Ligue 2. Candidat déclaré au maintien en début de saison, les Rouge et Blanc font pour l’instant bien mieux que prévu. De quoi passer bien au chaud la trêve internationale avant, peut-être, de rêver plus haut. Mots-clés :", "external_links": [], "published": "2016-10-01T23:15:00.000+03:00", "crawled": "2016-10-01T19:29:50.816+03:00", "highlightTitle": ""}