{"organizations": [], "uuid": "569707ed7b31a06bd700b658e2083a45db8d5d23", "thread": {"social": {"gplus": {"shares": 0}, "pinterest": {"shares": 0}, "vk": {"shares": 0}, "linkedin": {"shares": 0}, "facebook": {"likes": 0, "shares": 0, "comments": 0}, "stumbledupon": {"shares": 0}}, "site_full": "www.anibis.ch", "main_image": "https://can01.anibis.ch/Table-de-jardin-Table-+2-chaises-pliables/?1024x728/3/90/anibis/913/768/016/B-NRLtBo0EGhenn8lnE0uQ_1.jpg", "site_section": "http://anibis.ch//fr/bricolage-,-jardinage--7/rssexport.aspx", "section_title": "Petites annonces Bricolage & Jardinage", "url": "http://www.anibis.ch/fr/bricolage-~-jardinage--7/table-2-chaises-pliables--16768913.aspx", "country": "CH", "domain_rank": 8918, "title": "Table +2 chaises pliables", "performance_score": 0, "site": "anibis.ch", "participants_count": 0, "title_full": "Table +2 chaises pliables", "spam_score": 0.0, "site_type": "news", "published": "2016-10-02T15:21:00.000+03:00", "replies_count": 0, "uuid": "569707ed7b31a06bd700b658e2083a45db8d5d23"}, "author": "", "url": "http://www.anibis.ch/fr/bricolage-~-jardinage--7/table-2-chaises-pliables--16768913.aspx", "ord_in_thread": 0, "title": "Table +2 chaises pliables", "locations": [], "entities": {"persons": [], "locations": [], "organizations": []}, "highlightText": "", "language": "french", "persons": [], "text": " ", "external_links": [], "published": "2016-10-02T15:21:00.000+03:00", "crawled": "2016-10-02T10:28:36.999+03:00", "highlightTitle": ""}