{"organizations": [], "uuid": "872c419efb1796bab07529fb84c20a145c89106b", "thread": {"social": {"gplus": {"shares": 0}, "pinterest": {"shares": 0}, "vk": {"shares": 0}, "linkedin": {"shares": 0}, "facebook": {"likes": 0, "shares": 0, "comments": 0}, "stumbledupon": {"shares": 0}}, "site_full": "sports.orange.fr", "main_image": "http://media2.woopic.com/504/f/470x264/q/85/fd/p/media365-sport-news|6e9|1f1|df6652ae8fc9cf5d852b9c9120/espagne-real-madrid-zidane-vit-un-moment-complique|2656351_zidane-1-1024x425_ext.jpg", "site_section": "", "section_title": "", "url": "http://sports.orange.fr/football/espagne/real-madrid/article/espagne-real-madrid-zidane-vit-un-moment-complique-CNT000000uATQF.html", "country": "FR", "domain_rank": 208, "title": "Espagne - Real Madrid : Zidane vit un moment \" compliqué \" - Orange Sport", "performance_score": 0, "site": "orange.fr", "participants_count": 0, "title_full": "Espagne - Real Madrid : Zidane vit un moment \" compliqué \" - Orange Sport", "spam_score": 0.215, "site_type": "news", "published": "2016-10-03T17:23:00.000+03:00", "replies_count": 0, "uuid": "872c419efb1796bab07529fb84c20a145c89106b"}, "author": "", "url": "http://sports.orange.fr/football/espagne/real-madrid/article/espagne-real-madrid-zidane-vit-un-moment-complique-CNT000000uATQF.html", "ord_in_thread": 0, "title": "Espagne - Real Madrid : Zidane vit un moment \" compliqué \" - Orange Sport", "locations": [], "entities": {"persons": [], "locations": [], "organizations": []}, "highlightText": "", "language": "french", "persons": [], "text": "publié le 3 octobre \nAprès le match nul face à Eibar (1-1), Zinédine Zidane a reconnu qu'il vivait une période difficile. \nFace à Eibar, ce dimanche, le Real Madrid a concédé un nouveau match nul (1-1), son troisième d'affilée en Liga. Des résultats qui ne correspondent pas aux objectifs affichés par le club, qui souhaite remporter le championnat espagnol. Pour le moment, la situation du Real n'est pas si mauvaise - loin de là - puisque les hommes de Zinédine Zidane pointent à la deuxième place du classement, derrière le rival madrilène, l'Atlético. Cependant, ces résultats « moyens », engendrent des doutes. « Je ne suis pas content car c'est un troisième résultat moyen. Pas mauvais, car mauvais c'est quand tu perds un match », a expliqué le coach du Real Madrid en conférence de presse. Zidane : « Cela ne va pas me déconcentrer » Avant de poursuivre : « C'est un moment compliqué, mais cela ne va pas me déconcentrer. On a un groupe pour passer au-dessus de tout ça. Et c'est ce que l'on va faire. Il n'y a pas d'autre remède. Quand les joueurs vont revenir (après la trêve internationale), il va falloir se remettre au travail », a précisé Zinédine Zidane. Jusqu'à présent, le Real Madrid n'a pas perdu un match en Liga depuis le début de la saison. Pour rappel, l'an dernier, Zinédine Zidane, qui avait remporté la Ligue des Champions, avait amené les Madrilènes à la deuxième place, à un point derrière le FC Barcelone. Publicité ", "external_links": [], "published": "2016-10-03T17:23:00.000+03:00", "crawled": "2016-10-03T14:00:28.608+03:00", "highlightTitle": ""}