{"organizations": [], "uuid": "56c5e1784836a94e15ababbb5fe34635906c0df0", "thread": {"social": {"gplus": {"shares": 0}, "pinterest": {"shares": 0}, "vk": {"shares": 0}, "linkedin": {"shares": 0}, "facebook": {"likes": 0, "shares": 0, "comments": 0}, "stumbledupon": {"shares": 0}}, "site_full": "fr.news.yahoo.com", "main_image": "https://s.yimg.com/uu/api/res/1.2/OnZLuxNXJo7V2RsAHLSfxg--/aD0xMDI0O3c9Njg1O3NtPTE7YXBwaWQ9eXRhY2h5b24-/http://media.zenfs.com/fr_FR/News/20minutes/BD_Mort_de_Ted_Benot-316894da3c567d4d874b40b5ef1a2dc3", "site_section": "http://fr.news.yahoo.com/rss/livres", "section_title": "News Livres | Actualités & informations - Yahoo Actualités FR", "url": "https://fr.news.yahoo.com/bd-mort-ted-beno%C3%AEt-repris-aventures-blake-mortimer-163413651.html", "country": "US", "domain_rank": 5, "title": "BD: Mort de Ted Benoît, qui avait repris les aventures de Blake et Mortimer", "performance_score": 0, "site": "yahoo.com", "participants_count": 0, "title_full": "BD: Mort de Ted Benoît, qui avait repris les aventures de Blake et Mortimer", "spam_score": 0.0, "site_type": "news", "published": "2016-10-01T03:00:00.000+03:00", "replies_count": 0, "uuid": "56c5e1784836a94e15ababbb5fe34635906c0df0"}, "author": "", "url": "https://fr.news.yahoo.com/bd-mort-ted-beno%C3%AEt-repris-aventures-blake-mortimer-163413651.html", "ord_in_thread": 0, "title": "BD: Mort de Ted Benoît, qui avait repris les aventures de Blake et Mortimer", "locations": [], "entities": {"persons": [], "locations": [], "organizations": []}, "highlightText": "", "language": "french", "persons": [], "text": "BANDE DESSINEE - Ted Benoît avait signé deux albums des héros mythiques d'Edgar P. Jacobs : L’affaire Francis Blake (1996) et L’étrange rendez-vous (2001)... Il avait pris la relève d’Edgar P. Jacobs pour deux aventures de Blake et Mortimer. Le dessinateur et scénariste français de\nbande dessinée Ted Benoît est mort à l’âge de 69 ans, a annoncé ce vendredi son éditeur Dargaud.\nC'est avec une profonde tristesse que nous apprenons le décès de Ted Benoît L'affaire Francis Blake, L'étrange rendez-vous #BlakeMortimer\n— Editions Dargaud (@EditionsDargaud) September 30, 2016\nPrix du meilleur scénario à Angoulême en 1979 pour son premier album Hôpital, il avait notamment collaboré aux magazines Métal hurlant, L’Echo des savanes et A suivre.\nConverti à la « ligne claire »\nLongtemps sous l’influence des dessinateurs de l’Underground américain et notamment de Robert Crumb, il était devenu adepte de la « ligne claire » d’Hergé après avoir rencontré l’artiste néerlandais Joost Swarte. Il était devenu un des principaux dessinateurs de ce style graphique avec notamment le personnage Ray Banana.\n>> A lire aussi : Au Grand Palais, Hergé dévoile d'autres facettes de son art \nAssocié au scénariste belge Jean Van Hamme, Ted Benoît avait repris à la fin des années 1990 les aventures de Blake et Mortimer. Il a signé deux albums de ces héros mythiques : L’affaire Francis Blake (1996) et L’étrange rendez-vous (2001).\n« Méticuleux et perfectionniste »\nEn 2004, pour François Ayroles, il signera le scénario de Playback, un polar hitchcockien.\nC’était un « dessinateur méticuleux et perfectionniste », a souligné son éditeur, Dargaud, dans un communiqué.\nOutre son travail pour la BD, Ted Benoît se consacrait régulièrement à l’illustration pour la publicité ou la presse. « Ted Benoît fut un acteur discret mais essentiel de la bande dessinée », a rappelé son éditeur. \n\nRetrouvez cet article sur 20minutes.fr \n\n«Kingsglaive »: Enfin un bon film «Final Fantasy»? \nVIDEO. «La Fille de Brest»: Voici la bande annonce du film sur le scandale du Mediator \nNuit Blanche: Laurent Tixador longe la Seine «à bord» de sa maison mobile \nAdam Naas, forte voix à demi-mot", "external_links": [], "published": "2016-10-01T03:00:00.000+03:00", "crawled": "2016-10-01T02:55:59.263+03:00", "highlightTitle": ""}