{"organizations": [], "uuid": "807653b6bca44b71d820a814a1e6438ae876394f", "thread": {"social": {"gplus": {"shares": 0}, "pinterest": {"shares": 0}, "vk": {"shares": 0}, "linkedin": {"shares": 0}, "facebook": {"likes": 0, "shares": 0, "comments": 0}, "stumbledupon": {"shares": 0}}, "site_full": "tempsreel.nouvelobs.com", "main_image": "http://referentiel.nouvelobs.com/file/15515354-alain-mabanckou-on-ne-peut-legiferer-sur-l-identite.jpg", "site_section": "http://tempsreel.nouvelobs.com/", "section_title": "L'Obs - Actualités du jour en direct", "url": "http://tempsreel.nouvelobs.com/idees/20160929.OBS9037/alain-mabanckou-on-ne-peut-legiferer-sur-l-identite.html", "country": "FR", "domain_rank": 2061, "title": "Alain Mabanckou : “On ne peut légiférer sur l'identité” - Bibliobs", "performance_score": 0, "site": "nouvelobs.com", "participants_count": 4, "title_full": "Alain Mabanckou : “On ne peut légiférer sur l'identité” - Bibliobs - L'Obs", "spam_score": 0.006, "site_type": "news", "published": "2016-10-01T11:09:00.000+03:00", "replies_count": 3, "uuid": "807653b6bca44b71d820a814a1e6438ae876394f"}, "author": "nouvelobs.com", "url": "http://tempsreel.nouvelobs.com/idees/20160929.OBS9037/alain-mabanckou-on-ne-peut-legiferer-sur-l-identite.html", "ord_in_thread": 0, "title": "Alain Mabanckou : “On ne peut légiférer sur l'identité” - Bibliobs", "locations": [], "entities": {"persons": [], "locations": [], "organizations": []}, "highlightText": "", "language": "french", "persons": [], "text": ">Alain Mabanckou : “On ne peut légiférer sur l'identité” Alain Mabanckou, vu par Jeanne Detallante pour L'OBS. (©Jeanne Detallante pour L'OBS) Dans “le Monde est mon langage”, l'écrivain rend hommage aux auteurs qu'il aime. Et plaide pour l'ouverture face au repli identitaire. Entretien. L'Obs Publié le 01 octobre 2016 à 10h09", "external_links": [], "published": "2016-10-01T11:09:00.000+03:00", "crawled": "2016-10-01T12:24:08.357+03:00", "highlightTitle": ""}