{"organizations": [], "uuid": "6500738db2e939e7553f43c72ae9e04e1fba8017", "thread": {"social": {"gplus": {"shares": 0}, "pinterest": {"shares": 0}, "vk": {"shares": 0}, "linkedin": {"shares": 0}, "facebook": {"likes": 0, "shares": 0, "comments": 0}, "stumbledupon": {"shares": 0}}, "site_full": "www.dealabs.com", "main_image": "https://static.dealabs.com/deal_image_orig/57eedb5b0c1625.86486638.jpg", "site_section": "http://www.dealabs.com/rss/new-1.xml", "section_title": "Dealabs.com : BONS PLANS - Tous les nouveaux deals", "url": "https://www.dealabs.com/bons-plans/msi-pc-portable-gamer---ge62vr-6rf-037xfr---156-full-hd---8go-ram---sans-os---intel-core-i5---gtx-1060---disque-dur-1to/265047", "country": "US", "domain_rank": 8128, "title": "PC Portable Gamer 15.6\" GE62VR 6RF-037xfr - Full HD, 8Go RAM, GTX 1060, Disque Dur 1To, Sans OS à 1199.99€ @ Cdiscount", "performance_score": 0, "site": "dealabs.com", "participants_count": 4, "title_full": "PC Portable Gamer 15.6\" GE62VR 6RF-037xfr - Full HD, 8Go RAM, GTX 1060, Disque Dur 1To, Sans OS à 1199.99€ @ Cdiscount", "spam_score": 0.0, "site_type": "news", "published": "2016-10-01T07:36:00.000+03:00", "replies_count": 3, "uuid": "6500738db2e939e7553f43c72ae9e04e1fba8017"}, "author": "wiwilol", "url": "https://www.dealabs.com/bons-plans/msi-pc-portable-gamer---ge62vr-6rf-037xfr---156-full-hd---8go-ram---sans-os---intel-core-i5---gtx-1060---disque-dur-1to/265047", "ord_in_thread": 0, "title": "PC Portable Gamer 15.6\" GE62VR 6RF-037xfr - Full HD, 8Go RAM, GTX 1060, Disque Dur 1To, Sans OS à 1199.99€ @ Cdiscount", "locations": [], "entities": {"persons": [], "locations": [], "organizations": []}, "highlightText": "", "language": "french", "persons": [], "text": "Voir le deal PC Portable Gamer 15.6\" GE62VR 6RF-037xfr - Full HD, 8Go RAM, GTX 1060, Disque Dur 1To, Sans OS à 1199.99€ @ Cdiscount Posté le 30/09/2016 à 23h36    Modifié il y a 4 min 45 s \nnew\n1199.99€\nLivraison gratuite\nBonsoir,\n\nJe vous propose ce soir un pc portable avec la gtx 1060.\nLe prix me semble bon pour un pc portable avec cette config. \n\nVoici les specs :\n\nCPU : Intel® Core™ i5-6300HQ 2,3GHz\n15.6\" - Full HD (1920x1080)\nRAM : 8Go\nDD : 1 To\nNvidia GeForce® GTX 1060 GDDR5 6 Go\nInterfaces : HDMI (4K @ 30Hz) , Mini-DisplayPort, 1x USB 3.1 Type-C, 2 x USB 3.0, 1 x USB 2.0, 1 x entrée audio, 1 x sortie audio\nSans fil : Killer Gigabit Ethernet avec Killer Shield + 802.11ac, Bluetooth v4.0\nSystème d'exploitation : Sans OS\nCouleur : Noir\nDétails des services et de la maintenance : Garantie du fabricant 2 ans\n\nBon achat a tous", "external_links": [], "published": "2016-10-01T07:36:00.000+03:00", "crawled": "2016-10-01T00:49:29.990+03:00", "highlightTitle": ""}