{"organizations": [], "uuid": "1636e816eea5837d55f7a1f3343ee7af1fc5942f", "thread": {"social": {"gplus": {"shares": 0}, "pinterest": {"shares": 0}, "vk": {"shares": 0}, "linkedin": {"shares": 0}, "facebook": {"likes": 0, "shares": 0, "comments": 0}, "stumbledupon": {"shares": 0}}, "site_full": "www.anibis.ch", "main_image": "https://can01.anibis.ch/Souris-Souris-Logitech-V470-Bluetooth-Laser/?1024x728/3/90/anibis/118/771/016/WM0Q-Sp-mEWsnxln8bwbWg_1.jpg", "site_section": "http://anibis.ch//fr/ordinateurs-,-bureau--17/rssexport.aspx", "section_title": "Petites annonces Ordinateurs & Bureau", "url": "http://www.anibis.ch/fr/ordinateurs-~-bureau--17/souris-logitech-v470-bluetooth-laser--16771118.aspx", "country": "CH", "domain_rank": 8918, "title": "Souris Logitech V470 Bluetooth Laser", "performance_score": 0, "site": "anibis.ch", "participants_count": 0, "title_full": "Souris Logitech V470 Bluetooth Laser", "spam_score": 0.0, "site_type": "news", "published": "2016-10-02T19:16:00.000+03:00", "replies_count": 0, "uuid": "1636e816eea5837d55f7a1f3343ee7af1fc5942f"}, "author": "", "url": "http://www.anibis.ch/fr/ordinateurs-~-bureau--17/souris-logitech-v470-bluetooth-laser--16771118.aspx", "ord_in_thread": 0, "title": "Souris Logitech V470 Bluetooth Laser", "locations": [], "entities": {"persons": [], "locations": [], "organizations": []}, "highlightText": "", "language": "french", "persons": [], "text": "Souris Logitech V470 Bluetooth Laser \n(sans batterie) Payer simplement et en toute sécurité? Envoyer et recevoir de l'argent avec Cet utilisateur a confirmé son compte avec un numéro de mobile valable. Michel192 Membre depuis le 31.05.2014 Êtes-vous intéressé par cette offre? Ecrivez un message à l’annonceur. Mon nom : Transmettre l'annonce par e-mail Vous connaissez quelqu'un qui pourrait s'intéresser à cette annonce ? Envoyez lui un e-mail grâce à ce formulaire. Expéditeur : Veuillez nous indiquer en quelques mots pourquoi cette annonce est une arnaque. e-mail* : Indiquez-nous d'autres annonces concernées (optionel): Multipostage (spam) A votre avis, pourquoi s'agit-il d'une fraude? Fraude   Envoyer \nLes annonces suivantes pourront peut-être aussi vous intéresser", "external_links": [], "published": "2016-10-02T19:16:00.000+03:00", "crawled": "2016-10-02T14:56:21.881+03:00", "highlightTitle": ""}