{"organizations": [], "uuid": "21bffed96b02816df5ca321ee2ae38e35a5c96c8", "thread": {"social": {"gplus": {"shares": 0}, "pinterest": {"shares": 0}, "vk": {"shares": 0}, "linkedin": {"shares": 0}, "facebook": {"likes": 0, "shares": 0, "comments": 0}, "stumbledupon": {"shares": 0}}, "site_full": "actu.orange.fr", "main_image": "http://media2.woopic.com/api/v1/images/661%2Ffrancetv-actu-articles%2F892%2F971%2Ffc1e579a8b64139d96a2549283%2Fles-vieilles-charrues-a-new-york-avec-des-gens-heureux-comme-a-carhaix%7C10866875.jpg?format=470x264&amp;facedetect=1&amp;quality=85", "site_section": "", "section_title": "", "url": "http://actu.orange.fr/monde/les-vieilles-charrues-a-new-york-avec-des-gens-heureux-comme-a-carhaix-francetv-CNT000000uyYT1.html", "country": "FR", "domain_rank": 208, "title": "Les Vieilles Charrues à New York avec \"des gens heureux comme à Carhaix\" sur Orange Actualités", "performance_score": 0, "site": "orange.fr", "participants_count": 0, "title_full": "Les Vieilles Charrues à New York avec \"des gens heureux comme à Carhaix\" sur Orange Actualités", "spam_score": 0.216, "site_type": "news", "published": "2016-10-02T21:23:00.000+03:00", "replies_count": 0, "uuid": "21bffed96b02816df5ca321ee2ae38e35a5c96c8"}, "author": "", "url": "http://actu.orange.fr/monde/les-vieilles-charrues-a-new-york-avec-des-gens-heureux-comme-a-carhaix-francetv-CNT000000uyYT1.html", "ord_in_thread": 0, "title": "Les Vieilles Charrues à New York avec \"des gens heureux comme à Carhaix\" sur Orange Actualités", "locations": [], "entities": {"persons": [], "locations": [], "organizations": []}, "highlightText": "", "language": "french", "persons": [], "text": "Les Vieilles Charrues croquent la Grosse Pomme franceinfo, publié le dimanche 02 octobre 2016 à 13h23 \nCentral Park a pris pendant quelques heures samedi 1er octobre des allures de Bretagne avec des drapeaux blancs et noirs, une odeur de crêpe et même quelques bigoudens dans le public. Le festival Vieilles Charrues avait choisi les Etats-Unis pour fêter ses 25 ans, répondant ainsi au voeu des Bretons de New York. \nLoin de Carhaix, mais comme à Carhaix \nAu moins 4.000 personnes ont assisté à l'anniversaire américain du festival des Vieilles Charrues ancré en Bretagne depuis 1991, sur les terres de Carhaix dans le Finistère. \"J'ai vu tous les Bretons de New York avec leurs drapeaux, ça fait vraiment plaisir. On a vraiment l'impression d'être en France et à la maison, si on oublie tous les buildings aux alentours\", dit un participant. Des artistes passés par la scène de Carhaix o... ", "external_links": [], "published": "2016-10-02T21:23:00.000+03:00", "crawled": "2016-10-02T14:41:56.644+03:00", "highlightTitle": ""}