{"organizations": [], "uuid": "d4c7741b7567a470e2191f1f5e62a1d17427fa51", "thread": {"social": {"gplus": {"shares": 0}, "pinterest": {"shares": 0}, "vk": {"shares": 0}, "linkedin": {"shares": 0}, "facebook": {"likes": 0, "shares": 0, "comments": 0}, "stumbledupon": {"shares": 0}}, "site_full": "www.anibis.ch", "main_image": "https://can01.anibis.ch/Sports-de-combat-Vends-Gants-de-boxe/?1024x728/3/90/anibis/904/751/016/iQk7Up89m0CmAISu-TmhtQ_1.jpg", "site_section": "http://anibis.ch//fr/sport-loisirs--30/rssexport.aspx", "section_title": "Petites annonces Sport - Loisirs", "url": "http://www.anibis.ch/fr/sport-loisirs--30/vends-gants-de-boxe--16751904.aspx", "country": "CH", "domain_rank": 8918, "title": "Vends Gants de boxe", "performance_score": 0, "site": "anibis.ch", "participants_count": 0, "title_full": "Vends Gants de boxe", "spam_score": 0.0, "site_type": "news", "published": "2016-10-01T04:39:00.000+03:00", "replies_count": 0, "uuid": "d4c7741b7567a470e2191f1f5e62a1d17427fa51"}, "author": "", "url": "http://www.anibis.ch/fr/sport-loisirs--30/vends-gants-de-boxe--16751904.aspx", "ord_in_thread": 0, "title": "Vends Gants de boxe", "locations": [], "entities": {"persons": [], "locations": [], "organizations": []}, "highlightText": "", "language": "french", "persons": [], "text": "Pouvez-vous nous indiquer l'article de loi? Illégal Merci d'indiquer le chapitre de notre CG? Interdit sur anibis.ch Pouvez-vous nous donner une preuve de ces insultes (copie d'email) Insulte Merci de nous donner le site original Contrefaçon Pouvez-vous nous donner l'URL du texte ou l'image original? Copyright Veuillez préciser la raison de votre signalement : Autre raison", "external_links": [], "published": "2016-10-01T04:39:00.000+03:00", "crawled": "2016-10-01T00:06:14.339+03:00", "highlightTitle": ""}