{"organizations": [], "uuid": "0661b26b8fca904191a78a1b1f3564f84b84e6cc", "thread": {"social": {"gplus": {"shares": 0}, "pinterest": {"shares": 0}, "vk": {"shares": 0}, "linkedin": {"shares": 0}, "facebook": {"likes": 0, "shares": 0, "comments": 0}, "stumbledupon": {"shares": 0}}, "site_full": "m6info.yahoo.com", "main_image": "https://s.yimg.com/uu/api/res/1.2/V6QE6jmggJEpZWRxyVnQxw--/aD04ODg7dz0xMjgwO3NtPTE7YXBwaWQ9eXRhY2h5b24-/https://67.media.tumblr.com/26017ede9c0b8471237f50f1511b1474/tumblr_inline_oegqmm5xCW1the7sl_1280.jpg", "site_section": "", "section_title": "", "url": "https://m6info.yahoo.com/drame-de-la-route-en-1529028103364662.html", "country": "US", "domain_rank": 5, "title": "Drame de la route en Moselle : une mère et ses trois enfants tués", "performance_score": 0, "site": "yahoo.com", "participants_count": 0, "title_full": "Drame de la route en Moselle : une mère et ses trois enfants tués", "spam_score": 0.031, "site_type": "news", "published": "2016-10-03T16:38:00.000+03:00", "replies_count": 0, "uuid": "0661b26b8fca904191a78a1b1f3564f84b84e6cc"}, "author": "", "url": "https://m6info.yahoo.com/drame-de-la-route-en-1529028103364662.html", "ord_in_thread": 0, "title": "Drame de la route en Moselle : une mère et ses trois enfants tués", "locations": [], "entities": {"persons": [], "locations": [], "organizations": []}, "highlightText": "", "language": "french", "persons": [], "text": "Épingler Partager C'est un accident abominable qui s'est déroulé hier soir en Moselle. Une mère et ses trois enfants sont morts, tandis que le père a été hospitalisé dans un état grave. Le drame est survenu vers 22 heures, sur une route départementale entre Philippsbourg et Éguelshardt, à la lisière de l'Alsace et de la Lorraine. La famille, qui rentrait d'un mariage, se rendait chez elle à Bitche, à une dizaine de kilomètres de là. Selon les premiers éléments de l'enquête, le père de 38 ans a perdu le contrôle de son véhicule, et celui-ci s'est placé en travers de la route. Il a alors été percuté par une autre voiture qui arrivait en sens inverse. La mère de 34 ans et les trois enfants de 5, 11 et 15 ans sont morts sur le coup. Le père, grièvement blessé, a été évacué en “urgence absolue”, selon les pompiers. Quant au conducteur de l'autre véhicule, un homme de 73 ans qui rentrait chez lui à Strasbourg et était seul au volant, il a été plus légèrement blessé. Rebloguer ", "external_links": [], "published": "2016-10-03T16:38:00.000+03:00", "crawled": "2016-10-03T15:12:45.004+03:00", "highlightTitle": ""}