{"organizations": [], "uuid": "08e2f3b5785f122d64c1e864550531a785455401", "thread": {"social": {"gplus": {"shares": 0}, "pinterest": {"shares": 0}, "vk": {"shares": 0}, "linkedin": {"shares": 0}, "facebook": {"likes": 0, "shares": 0, "comments": 0}, "stumbledupon": {"shares": 0}}, "site_full": "www.anibis.ch", "main_image": "https://can01.anibis.ch/Xiaomi-Xiaomi-Redmi-note-3/?1024x728/3/90/anibis/833/769/016/h19T-Ygv70uViJ_lhcFC8A_1.jpg", "site_section": "http://anibis.ch//fr/t%c3%a9l%c3%a9phonie--31/rssexport.aspx", "section_title": "Petites annonces Téléphonie", "url": "http://www.anibis.ch/fr/t%c3%a9l%c3%a9phonie--31/xiaomi-redmi-note-3--16769833.aspx", "country": "CH", "domain_rank": 8918, "title": "Xiaomi Redmi note 3", "performance_score": 0, "site": "anibis.ch", "participants_count": 0, "title_full": "Xiaomi Redmi note 3", "spam_score": 0.0, "site_type": "news", "published": "2016-10-02T18:20:00.000+03:00", "replies_count": 0, "uuid": "08e2f3b5785f122d64c1e864550531a785455401"}, "author": "", "url": "http://www.anibis.ch/fr/t%c3%a9l%c3%a9phonie--31/xiaomi-redmi-note-3--16769833.aspx", "ord_in_thread": 0, "title": "Xiaomi Redmi note 3", "locations": [], "entities": {"persons": [], "locations": [], "organizations": []}, "highlightText": "", "language": "french", "persons": [], "text": "Pouvez-vous nous indiquer l'article de loi? Illégal Merci d'indiquer le chapitre de notre CG? Interdit sur anibis.ch Pouvez-vous nous donner une preuve de ces insultes (copie d'email) Insulte Merci de nous donner le site original Contrefaçon Pouvez-vous nous donner l'URL du texte ou l'image original? Copyright Veuillez préciser la raison de votre signalement : Autre raison", "external_links": [], "published": "2016-10-02T18:20:00.000+03:00", "crawled": "2016-10-02T13:30:29.599+03:00", "highlightTitle": ""}