{"organizations": [], "uuid": "ef6bee8a899eadff0a5e9e75b55fc75417ca52c9", "thread": {"social": {"gplus": {"shares": 0}, "pinterest": {"shares": 0}, "vk": {"shares": 0}, "linkedin": {"shares": 0}, "facebook": {"likes": 0, "shares": 0, "comments": 0}, "stumbledupon": {"shares": 0}}, "site_full": "tempsreel.nouvelobs.com", "main_image": "http://referentiel.nouvelobs.com/logos/og/logo-nobstr.jpg", "site_section": "http://news.google.fr/news?cf=all&ned=fr&hl=fr&topic=b&output=rss", "section_title": "Économie - Google Actualités", "url": "http://tempsreel.nouvelobs.com/monde/20161003.REU7598/hammond-s-efforce-de-rassurer-sur-l-impact-economique-du-brexit.html", "country": "FR", "domain_rank": 2061, "title": "Hammond s'efforce de rassurer sur l'impact économique du Brexit - L'Obs", "performance_score": 0, "site": "nouvelobs.com", "participants_count": 0, "title_full": "Hammond s'efforce de rassurer sur l'impact économique du Brexit - L'Obs", "spam_score": 0.0, "site_type": "news", "published": "2016-10-03T22:50:00.000+03:00", "replies_count": 0, "uuid": "ef6bee8a899eadff0a5e9e75b55fc75417ca52c9"}, "author": "", "url": "http://tempsreel.nouvelobs.com/monde/20161003.REU7598/hammond-s-efforce-de-rassurer-sur-l-impact-economique-du-brexit.html", "ord_in_thread": 0, "title": "Hammond s'efforce de rassurer sur l'impact économique du Brexit - L'Obs", "locations": [], "entities": {"persons": [], "locations": [], "organizations": []}, "highlightText": "", "language": "french", "persons": [], "text": "Actualités > Monde > Hammond s'efforce de rassurer sur l'impact économique du Brexit Hammond s'efforce de rassurer sur l'impact économique du Brexit Partager ce contenu \npar William James et Kylie MacLellan \nBIRMINGHAM, Angleterre (Reuters) - Le gouvernement britannique fera tout son possible pour éviter des turbulences économiques liées à la sortie du pays de l'Union européenne, a déclaré lundi le ministre des Finances Philip Hammond alors que les craintes d'une rupture \"dure\" avec le principal partenaire économique de Londres faisaient chuter la livre sterling. \nLa Première ministre Theresa May a annoncé dimanche qu'elle invoquerait avant la fin mars 2017 l'article 50 du Traité de Lisbonne , point de départ d'une période de deux années pour parvenir au Brexit. \nLe processus pourrait ainsi débuter à quelques semaines des élections législatives françaises et quelques mois des législatives allemandes, pour s'achever peu avant les élections européennes de 2019. \nMême si l'économie britannique semble avoir pour l'instant peu souffert du résultat du référendum du 23 juin, Hammond s'est employé à rassurer les entreprises et les consommateurs sur le soutien que le gouvernement était près à leur apporter. \n\"Tout au long du processus de négociation, nous serons prêts à prendre toutes les mesures nécessaires pour protéger cette économie des turbulences\", a-t-il dit lors du congrès annuel du Parti conservateur qui se tient à Birmingham. \n\"Et nous sommes prêts, lorsque le processus sera achevé, à apporter un soutien aux entreprises britanniques pendant la phase d'adaptation à la vie hors de l'UE\", a-t-il ajouté, en promettant notamment de garantir tous les financements européens existant avant le Brexit. \nSon discours avait visiblement pour objectif de tempérer l'inquiétude suscitée la veille par celui de Theresa May: celui-ci a en effet conduit certains observateurs à conclure que le gouvernement pourrait faire le choix d'un Brexit \"dur\", qui verrait Londres renoncer aux avantages du marché unique européen en contrepartie d'une souveraineté retrouvée en matière de politique migratoire. \nSur le marché des changes, la livre sterling cédait lundi près de 1% face à l'euro et plus de 1% face au dollar, contre lequel elle se rapprochait de son plus bas niveau depuis 31 ans, touché début juillet. \nINCOMPRÉHENSION À BERLIN, IMPATIENCE À PARIS \nSi Theresa May réfute l'idée selon laquelle il lui faudrait choisir entre un Brexit \"soft\" et \"hard\", JPMorgan estime que ses propos suggèrent qu'elle prend la voie \"dure\", celle de l'abandon de l'union douanière avec les pays restant dans l'UE. \n\"Même si May n'aime pas la distinction 'hard/soft', cela nous semble assez 'hard'\", résument les analystes de la banque américaine dans une note aux clients de celle-ci. \nLe président du Conseil européen, Donald Tusk, a salué les propos de la Première ministre, parlant d'une \"clarification bienvenue\", mais la Commission a réaffirmé qu'elle n'entendait entamer les négociations qu'une fois la volonté de Londres de quitter l'Union formellement notifiée. \nLes réactions étaient plus sèches encore en Allemagne , où certains regrettent l'absence de calendrier détaillé. \n\"C'est totalement incompréhensible: des responsables politiques qui ont fait campagne pour le Brexit pendant des mois n'ont aucune idée de ce qu'ils veulent, ils n'ont pas le moindre projet\", a dit un haut responsable à Berlin . \nLa tonalité était la même côté français. \"Depuis le Brexit , et alors que l' Europe , confrontée à de nombreuses crises, n'a d'autre choix que le sursaut, il ne se passe rien\", a dit à Reuters le député européen socialiste Emmanuel Maurel. \n\"Les Anglais retardent sans arrêt leur départ, et, à Bruxelles , c'est 'business as usual'. Il est temps que les Européens durcissent le ton\". \n\"PAS DE 'SI', PAS DE 'MAIS', PAS DE DEUXIÈME RÉFÉRENDUM\" \nPhilip Hammond a expliqué que le gouvernement ferait en sorte d'assurer aux entreprises le meilleur accès possible aux marchés de l'UE. \nCelui qui avait fait campagne pour le maintien de son pays dans l' UE a dans le même temps donné des garanties à ceux qui le soupçonnent de vouloir remettre en cause, même partiellement, le choix des électeurs. \n\"Pas de 'si', pas de 'mais', pas de deuxième référendum. Nous sortons de l'Union européenne\", a-t-il dit. \"Mais il est tout aussi clair à mes yeux que le peuple britannique n'a pas voté le 23 juin pour être plus pauvre ou moins en sécurité.\" \nIl a redit vouloir repousser le retour à l'équilibre des finances publiques, initialement promis pour 2020, sans pour autant donner une nouvelle échéance, et il a évoqué des investissements dans les infrastructures et des gains de productivité pour compenser les efforts de rigueur. \n\"Les Britanniques nous ont élus sur la promesse d'un rétablissement de la discipline budgétaire et c'est exactement ce que nous allons faire\", a-t-il dit. \"Mais nous ferons cela d'une manière pragmatique qui reflète les nouvelles circonstances auxquelles nous devons faire face.\" \nLe prochain projet de budget doit être présenté le 23 novembre. Le budget accusait sur l'exercice 2015-2016 un déficit équivalent à 4% du produit intérieur brut ( PIB ), l'un des plus élevés des grands pays avancés. \nUne porte-parole du ministre s'est refusée à commenter la baisse de la livre et les spéculations sur une sortie du marché unique. Elle a déclaré que Philip Hammond s'était attaché à souligner son attention aux préoccupations des entreprises. \nMais pour certaines de ces dernières, la réticence du gouvernement à détailler sa stratégie ne fait qu'accroître les craintes d'une augmentation de leurs coûts d'exploitation sur le sol britannique. \n(avec Elizabeth Pineau à Paris ; Pierre Sérisier et Marc Angrand pour le service français, édité par Tangi Salaün) Dernières vidéos", "external_links": [], "published": "2016-10-03T22:50:00.000+03:00", "crawled": "2016-10-03T18:40:09.750+03:00", "highlightTitle": ""}