{"organizations": [], "uuid": "56ec1656b3a49f97f4d509f560b046aaba531942", "thread": {"social": {"gplus": {"shares": 0}, "pinterest": {"shares": 0}, "vk": {"shares": 0}, "linkedin": {"shares": 0}, "facebook": {"likes": 0, "shares": 0, "comments": 0}, "stumbledupon": {"shares": 0}}, "site_full": "sports.orange.fr", "main_image": "http://media1.woopic.com/504/f/470x264/q/85/fd/p/media365-sport-news|c8b|06b|9c9216dc27d7587843c9e89ac8/pinturault-les-aut-c-est-proche-du-dopage|2427669_308264_ext.jpg", "site_section": "", "section_title": "", "url": "http://sports.orange.fr/divers/article/pinturault-les-aut-c-est-proche-du-dopage-CNT000000uB80B.html", "country": "FR", "domain_rank": 208, "title": "Pinturault : \" Les AUT, c'est proche du dopage \" - Orange Sport", "performance_score": 0, "site": "orange.fr", "participants_count": 0, "title_full": "Pinturault : \" Les AUT, c'est proche du dopage \" - Orange Sport", "spam_score": 0.008, "site_type": "news", "published": "2016-10-03T23:04:00.000+03:00", "replies_count": 0, "uuid": "56ec1656b3a49f97f4d509f560b046aaba531942"}, "author": "", "url": "http://sports.orange.fr/divers/article/pinturault-les-aut-c-est-proche-du-dopage-CNT000000uB80B.html", "ord_in_thread": 0, "title": "Pinturault : \" Les AUT, c'est proche du dopage \" - Orange Sport", "locations": [], "entities": {"persons": [], "locations": [], "organizations": []}, "highlightText": "", "language": "french", "persons": [], "text": "Triathlon : Sudrie champion du monde publié le 3 octobre \nAlexis Pinturault s'est exprimé sur les autorisations d'usage à des fins thérapeutiques (AUT). Le skieur français estime que la frontière entre cette pratique et le dopage est très mince. \nLe scandale des autorisations à des fins thérapeutiques n'en finit plus de faire réagir. C'est cette fois Alexis Pinturault qui s'est exprimé sur la pratique, à l'occasion de la journée de la presse de la Fédération française de ski ce lundi : « Je suis catégorique. Pour moi, les AUT, c'est proche du dopage, a avoué le skieur alpin. Quand on entend certaines histoires, je trouve cela scandaleux. Je le dénonce clairement. On cherche quand même à prendre un produit qui est dopant. Si c'est une fois, je peux comprendre. Si ça devient récurrent, avec l'aval des autorités sportives, non. »Le Français (24 ans) a d'ailleurs reconnu avoir eu recours à cette pratique, une seule fois dans sa carrière, hors-saison : « J'avais 17 ans. Je faisais des crises d'allergie au pollen, avec de l'asthme. J'avais pris des corticoïdes. »Dans les listes révélées par le groupe russe de hackers, Fancy Bears, les noms de deux français avaient été cités. Ceux de Dimitri Bascou et de Gauthier Grumier. Ce lundi, une nouvelle liste a été dévoilée, dans laquelle figure le nom du nageur tricolore, Fabien Gillot. Publicité ", "external_links": [], "published": "2016-10-03T23:04:00.000+03:00", "crawled": "2016-10-03T23:13:36.027+03:00", "highlightTitle": ""}