{"organizations": [], "uuid": "5c882b303b277580dc0bfcf18adaaa91424cd893", "thread": {"social": {"gplus": {"shares": 0}, "pinterest": {"shares": 0}, "vk": {"shares": 0}, "linkedin": {"shares": 0}, "facebook": {"likes": 0, "shares": 0, "comments": 0}, "stumbledupon": {"shares": 0}}, "site_full": "www.anibis.ch", "main_image": "https://can01.anibis.ch/Playstation-4-Playstation-TV-Neuve---jamais-utilisee/?1024x728/3/90/anibis/978/782/016/rBJPzwK2rUGTyrch5CZN_Q_1.jpg", "site_section": "http://anibis.ch//fr/jeux-vid%c3%a9o--19/rssexport.aspx", "section_title": "Petites annonces Jeux vidéo", "url": "http://www.anibis.ch/fr/jeux-vid%c3%a9o--19/playstation-tv-neuve-jamais-utilis%c3%a9e--16782978.aspx", "country": "CH", "domain_rank": 8918, "title": "Playstation TV Neuve - jamais utilisée", "performance_score": 0, "site": "anibis.ch", "participants_count": 0, "title_full": "Playstation TV Neuve - jamais utilisée", "spam_score": 0.0, "site_type": "news", "published": "2016-10-03T19:57:00.000+03:00", "replies_count": 0, "uuid": "5c882b303b277580dc0bfcf18adaaa91424cd893"}, "author": "", "url": "http://www.anibis.ch/fr/jeux-vid%c3%a9o--19/playstation-tv-neuve-jamais-utilis%c3%a9e--16782978.aspx", "ord_in_thread": 0, "title": "Playstation TV Neuve - jamais utilisée", "locations": [], "entities": {"persons": [], "locations": [], "organizations": []}, "highlightText": "", "language": "french", "persons": [], "text": "Envoi possible : CHF 10.- \nDescription : \n\"SONY Playstation TV - ne manquez pas une seconde de vos jeux PS4 - une micro-console au design soigné et proposée \nN'arrêtez jamais de jouer Grâce à la lecture à distance, plus rien ne vous oblige à jouer sur le même téléviseur. Si quelqu'un d'autre utilise déjà la télé principale, vous pouvez facilement diffuser vos jeux PS4 en streaming, chez vous, sur une autre télé HD. Connectez-vous au téléviseur HD que vous souhaitez utiliser, saisissez votre manette sans fil DUALSHOCK 4 et reprenez votre partie. Profitez au maximum de la Lecture à distance Pour une expérience optimale de la Lecture à distance, connectez-vous à votre réseau domestique à l'aide d'un câble. Si vous préférez jouer sans fil, assurez-vous de la puissance du signal de votre réseau domestique. Donnez une autre dimension à vos jeux PS Vita Profitez d'un superbe catalogue de grosses productions et de grands classiques, avec notamment des jeux PlayStation Vita et PSP® ainsi que des Classiques PS one. Des films et des séries sur n'importe quelle télé Achetez, louez des films et des séries sur le PlayStation Store ou diffusez-les en streaming et regardez-les sur une autre télé HD.\" Payer simplement et en toute sécurité? Envoyer et recevoir de l'argent avec", "external_links": [], "published": "2016-10-03T19:57:00.000+03:00", "crawled": "2016-10-03T16:58:50.796+03:00", "highlightTitle": ""}