{"organizations": [], "uuid": "8444097bc8657fb036789fdcc9c519000226f1fd", "thread": {"social": {"gplus": {"shares": 0}, "pinterest": {"shares": 0}, "vk": {"shares": 0}, "linkedin": {"shares": 0}, "facebook": {"likes": 0, "shares": 0, "comments": 0}, "stumbledupon": {"shares": 0}}, "site_full": "fr.news.yahoo.com", "main_image": "https://s.yimg.com/uu/api/res/1.2/J3mns_lXcPir_Usrn5Cgzw--/aD01NzY7dz0xMDI0O3NtPTE7YXBwaWQ9eXRhY2h5b24-/http://d.yimg.com/hd/francetvinfo/9/3/16899705-25cb-412e-9ade-056111e08cf7_b1_brFAmXJXMiptODd9P3-QTVIpe2IvkxGuW5Sr3M98AZG0vRJEy4TmfBpz7MsZybFr2XWWhRnE-_2_0.jpg?s=345aee86cc2612251783aa0bdaf2c601&amp;c=6cb8f037f1de4296a150b7c64c84c0e3&amp;a=francetvinfo&amp;mr=0", "site_section": "https://fr.news.yahoo.com/france/?format=rss", "section_title": "News France | Actualités & informations - Yahoo Actualités FR", "url": "https://fr.news.yahoo.com/saint-etienne-rouvray-forte-%C3%A9motion-r%C3%A9ouverture-l%C3%A9glise-093144035.html", "country": "US", "domain_rank": 5, "title": "Saint-Etienne-du-Rouvray : forte émotion pour la réouverture de l'église", "performance_score": 0, "site": "yahoo.com", "participants_count": 0, "title_full": "Saint-Etienne-du-Rouvray : forte émotion pour la réouverture de l'église", "spam_score": 0.0, "site_type": "news", "published": "2016-10-03T03:00:00.000+03:00", "replies_count": 0, "uuid": "8444097bc8657fb036789fdcc9c519000226f1fd"}, "author": "", "url": "https://fr.news.yahoo.com/saint-etienne-rouvray-forte-%C3%A9motion-r%C3%A9ouverture-l%C3%A9glise-093144035.html", "ord_in_thread": 0, "title": "Saint-Etienne-du-Rouvray : forte émotion pour la réouverture de l'église", "locations": [], "entities": {"persons": [], "locations": [], "organizations": []}, "highlightText": "", "language": "french", "persons": [], "text": "L'archevêque de Rouen est en tête de la procession destinée à purifier l'église profanée à Saint-Étienne-du-Rouvray (Seine-Maritime) ce dimanche après-midi. Il porte la croix qui va remplacer celle arrachée et détruite par les terroristes le 26 juillet dernier. Avant la messe, les fidèles sont fouillés un à un par un important dispositif de sécurité. Les imams de la ville, mais aussi de nombreux musulmans, ont tenu à assister à cette cérémonie.\nUne survivante souriante Soeur Danielle est souriante, elle qui était l'objet de tous les regards. La religieuse a vu mourir le père Hamel avant de s'échapper pour donner l'alerte. Dans l'église, l'émotion est très forte face à l'autel au pied duquel est mort le père Hamel. Un prêtre que tous connaissaient et qui durant des décennies a partagé les périodes les plus intimes de leur vie. La messe a duré plus de deux heures dans une église bondée, tous unis contre la prière. \n\nRetrouvez cet article sur Francetv info \n\nL'ancien footballeur du RC Lens Rigobert Song est dans le coma \nCe que l'on sait de l'agression de Kim Kardashian à Paris \nSi j'étais... le père Jacques Hamel \n\"13h15 le samedi\". Être fort reste la seule option \nKim Kardashian victime d'un vol à main armée à Paris, plusieurs millions d'euros de bijoux dérobés", "external_links": [], "published": "2016-10-03T03:00:00.000+03:00", "crawled": "2016-10-03T13:49:42.815+03:00", "highlightTitle": ""}