{"organizations": [], "uuid": "19a3f135b03c5ded1aed6778aecd3ee63591a5fa", "thread": {"social": {"gplus": {"shares": 0}, "pinterest": {"shares": 0}, "vk": {"shares": 0}, "linkedin": {"shares": 0}, "facebook": {"likes": 0, "shares": 0, "comments": 0}, "stumbledupon": {"shares": 0}}, "site_full": "www.anibis.ch", "main_image": "https://can01.anibis.ch/Jura-Beau-2--pieces-lumineux/?1024x728/3/90/anibis/530/761/016/PAU-6R5jsU6bXKaFSTdIhg_1.jpg", "site_section": "http://anibis.ch//fr/immobilier--16/rssexport.aspx", "section_title": "Petites annonces Immobilier", "url": "http://www.anibis.ch/fr/immobilier--16/beau-2-pi%c3%a8ces-lumineux--16761530.aspx", "country": "CH", "domain_rank": 8918, "title": "Beau 2 pièces lumineux", "performance_score": 0, "site": "anibis.ch", "participants_count": 0, "title_full": "Beau 2 pièces lumineux", "spam_score": 0.0, "site_type": "news", "published": "2016-10-01T22:50:00.000+03:00", "replies_count": 0, "uuid": "19a3f135b03c5ded1aed6778aecd3ee63591a5fa"}, "author": "", "url": "http://www.anibis.ch/fr/immobilier--16/beau-2-pi%c3%a8ces-lumineux--16761530.aspx", "ord_in_thread": 0, "title": "Beau 2 pièces lumineux", "locations": [], "entities": {"persons": [], "locations": [], "organizations": []}, "highlightText": "", "language": "french", "persons": [], "text": "01.10.2016 Description: \nJe cherche à remettre au plus vite mon 2 pièces rue Paul-Montavon 3 à Courgenay. Lumineux avec beaucoup de charme, il comporte un balcon une cuisine toute équipé ouverte sur le séjour, une belle chambre et une salle de bain. 745.- charges comprises et possibilité d'avoir une place de parc pour 30.-  ", "external_links": [], "published": "2016-10-01T22:50:00.000+03:00", "crawled": "2016-10-01T18:27:14.623+03:00", "highlightTitle": ""}