{"organizations": [], "uuid": "dfe93fd479cef02456879fd7bd90f788798af424", "thread": {"social": {"gplus": {"shares": 0}, "pinterest": {"shares": 0}, "vk": {"shares": 0}, "linkedin": {"shares": 0}, "facebook": {"likes": 0, "shares": 0, "comments": 0}, "stumbledupon": {"shares": 0}}, "site_full": "www.anibis.ch", "main_image": "https://can01.anibis.ch/Chaussures-femmes-Chaussure-ElevenParis-pour-femme/?1024x728/3/90/anibis/842/751/016/lnmWE38CUUKRfeNoZ9Lz8A_1.jpg", "site_section": "http://anibis.ch//fr/v%c3%aatements-,-accessoires--34/rssexport.aspx", "section_title": "Petites annonces Vêtements & accessoires", "url": "http://www.anibis.ch/fr/v%c3%aatements-~-accessoires--34/chaussure-elevenparis-pour-femme--16751842.aspx", "country": "CH", "domain_rank": 8918, "title": "Chaussure ElevenParis pour femme", "performance_score": 0, "site": "anibis.ch", "participants_count": 0, "title_full": "Chaussure ElevenParis pour femme", "spam_score": 0.0, "site_type": "news", "published": "2016-10-01T04:24:00.000+03:00", "replies_count": 0, "uuid": "dfe93fd479cef02456879fd7bd90f788798af424"}, "author": "", "url": "http://www.anibis.ch/fr/v%c3%aatements-~-accessoires--34/chaussure-elevenparis-pour-femme--16751842.aspx", "ord_in_thread": 0, "title": "Chaussure ElevenParis pour femme", "locations": [], "entities": {"persons": [], "locations": [], "organizations": []}, "highlightText": "", "language": "french", "persons": [], "text": " ", "external_links": [], "published": "2016-10-01T04:24:00.000+03:00", "crawled": "2016-10-01T01:23:20.877+03:00", "highlightTitle": ""}