{"organizations": [], "uuid": "91531e20fe3289b2fc5b6bde32f1a99992d1abf1", "thread": {"social": {"gplus": {"shares": 0}, "pinterest": {"shares": 0}, "vk": {"shares": 0}, "linkedin": {"shares": 0}, "facebook": {"likes": 0, "shares": 0, "comments": 0}, "stumbledupon": {"shares": 0}}, "site_full": "www.anibis.ch", "main_image": "https://can01.anibis.ch/Sous-vetements-Body-Loud-+-Proud-Cotton-bio-62--68/?1024x728/3/90/anibis/291/771/016/XCN5PF-O60CRYC9BmnOBHQ_1.jpg", "site_section": "http://anibis.ch//fr/enfants-,-b%c3%a9b%c3%a9s--27/rssexport.aspx", "section_title": "Petites annonces Enfants & bébés", "url": "http://www.anibis.ch/fr/enfants-~-b%c3%a9b%c3%a9s--27/body-loud-proud-cotton-bio-62-68--16771291.aspx", "country": "CH", "domain_rank": 8918, "title": "Body Loud + Proud Cotton bio 62 /68", "performance_score": 0, "site": "anibis.ch", "participants_count": 0, "title_full": "Body Loud + Proud Cotton bio 62 /68", "spam_score": 0.0, "site_type": "news", "published": "2016-10-02T19:31:00.000+03:00", "replies_count": 0, "uuid": "91531e20fe3289b2fc5b6bde32f1a99992d1abf1"}, "author": "", "url": "http://www.anibis.ch/fr/enfants-~-b%c3%a9b%c3%a9s--27/body-loud-proud-cotton-bio-62-68--16771291.aspx", "ord_in_thread": 0, "title": "Body Loud + Proud Cotton bio 62 /68", "locations": [], "entities": {"persons": [], "locations": [], "organizations": []}, "highlightText": "", "language": "french", "persons": [], "text": "Body Loud + Proud Cotton bio 62 /68 Type d'insertion: Payer simplement et en toute sécurité? Envoyer et recevoir de l'argent avec Cet utilisateur a confirmé son compte avec un numéro de mobile valable. semonet Membre depuis le 27.07.2015 Êtes-vous intéressé par cette offre? Ecrivez un message à l’annonceur. Mon nom : Transmettre l'annonce par e-mail Vous connaissez quelqu'un qui pourrait s'intéresser à cette annonce ? Envoyez lui un e-mail grâce à ce formulaire. Expéditeur : Veuillez nous indiquer en quelques mots pourquoi cette annonce est une arnaque. e-mail* : Indiquez-nous d'autres annonces concernées (optionel): Multipostage (spam) A votre avis, pourquoi s'agit-il d'une fraude? Fraude  ", "external_links": [], "published": "2016-10-02T19:31:00.000+03:00", "crawled": "2016-10-02T14:36:14.295+03:00", "highlightTitle": ""}