{"organizations": [], "uuid": "fb74fd79a66a2def7f0944597c12afbf19eec036", "thread": {"social": {"gplus": {"shares": 0}, "pinterest": {"shares": 0}, "vk": {"shares": 0}, "linkedin": {"shares": 0}, "facebook": {"likes": 1, "shares": 1, "comments": 0}, "stumbledupon": {"shares": 0}}, "site_full": "www.lexpress.fr", "main_image": "http://static.lexpress.fr/medias_11167/w_605,h_350,c_fill,g_north/v1475416281/l-allemande-viktoria-rebensburg-a-saint-moritz-le-20-mars-2016_5717695.jpg", "site_section": "http://www.lexpress.fr/rss/les-plus-des-internautes.xml", "section_title": "LEXPRESS.fr - Rss A la Une", "url": "http://www.lexpress.fr/actualites/1/sport/coupe-du-monde-rebensburg-absente-six-semaines-va-rater-l-ouverture-a-solden_1836679.html", "country": "FR", "domain_rank": 3353, "title": "Coupe du monde: Rebensburg, absente six semaines, va rater l'ouverture à Sölden - L'Express", "performance_score": 0, "site": "lexpress.fr", "participants_count": 1, "title_full": "Coupe du monde: Rebensburg, absente six semaines, va rater l'ouverture à Sölden - L'Express", "spam_score": 0.0, "site_type": "news", "published": "2016-10-02T23:42:00.000+03:00", "replies_count": 0, "uuid": "fb74fd79a66a2def7f0944597c12afbf19eec036"}, "author": "lexpress.fr", "url": "http://www.lexpress.fr/actualites/1/sport/coupe-du-monde-rebensburg-absente-six-semaines-va-rater-l-ouverture-a-solden_1836679.html", "ord_in_thread": 0, "title": "Coupe du monde: Rebensburg, absente six semaines, va rater l'ouverture à Sölden - L'Express", "locations": [], "entities": {"persons": [], "locations": [], "organizations": []}, "highlightText": "", "language": "french", "persons": [], "text": "Berlin - L'Allemande Viktoria Rebensburg, vice-championne du monde de slalom géant, va rater l'ouverture de la saison de Coupe du monde de ski alpin, en raison d'une fracture au genou droit contractée à l'entraînement, a annoncé la Fédération allemande de ski (DSV), dimanche. Rebensburg, deuxième l'an passé de la Coupe du monde de slalom géant, s'est blessée samedi sur le glacier du Pitztal en Autriche, a précisé la DSV. \nLes examens ont révélé une fracture à la tête du tibia droit qui ne nécessite pas d'opération, mais qui va éloigner l'Allemande des pistes pour six semaines, d'après une première estimation du médecin de la fédération allemande Manuel Köhne. \nLa Coupe du monde dames s'ouvre le 22 octobre avec le traditionnel slalom géant de Sölden (Autriche). Rebensburg pourrait être remise pour la tournée nord-américaine, qui débutera avec le slalom géant de Killington (Vermont) le 26 novembre. \n+ Plus d'actualité :\nVirus Zika: les Etats-Unis recommandent aux hommes une abstinence de 6 mois Pour Manuel Valls, \"ça suffit d'être honteux\" car \"la gauche peut gagner\" Affaire de la sextape: Benzema serait \"heureux de revenir chez les Bleus\" L'Iran dévoile un drone copié sur un modèle américain capturé en 2011", "external_links": [], "published": "2016-10-02T23:42:00.000+03:00", "crawled": "2016-10-02T17:02:47.827+03:00", "highlightTitle": ""}