{"organizations": [], "uuid": "57c5a69e9e7f01dc25641cbb3654d06bdb5c86df", "thread": {"social": {"gplus": {"shares": 0}, "pinterest": {"shares": 0}, "vk": {"shares": 0}, "linkedin": {"shares": 0}, "facebook": {"likes": 0, "shares": 0, "comments": 0}, "stumbledupon": {"shares": 0}}, "site_full": "fr.news.yahoo.com", "main_image": "", "site_section": "https://fr.news.yahoo.com/monde/?format=rss", "section_title": "News Monde | Actualités & informations - Yahoo Actualités FR", "url": "https://fr.news.yahoo.com/moselle-salari%C3%A9s-l-usine-smart-travailleront-39-heures-124348371.html", "country": "US", "domain_rank": 5, "title": "En Moselle, les salariés de l’usine Smart travailleront 39 heures payées 37", "performance_score": 0, "site": "yahoo.com", "participants_count": 0, "title_full": "En Moselle, les salariés de l’usine Smart travailleront 39 heures payées 37", "spam_score": 0.0, "site_type": "news", "published": "2016-10-01T03:00:00.000+03:00", "replies_count": 0, "uuid": "57c5a69e9e7f01dc25641cbb3654d06bdb5c86df"}, "author": "", "url": "https://fr.news.yahoo.com/moselle-salari%C3%A9s-l-usine-smart-travailleront-39-heures-124348371.html", "ord_in_thread": 0, "title": "En Moselle, les salariés de l’usine Smart travailleront 39 heures payées 37", "locations": [], "entities": {"persons": [], "locations": [], "organizations": []}, "highlightText": "", "language": "french", "persons": [], "text": "Les employés de l’usine Smart, à Hambach (Moselle), sont officiellement passés samedi 1 er  octobre, aux 39 heures payés 37. Ce changement, auquel s’opposent toujours les syndicats majoritaires, est la conséquence du référendum consultatif qui, un an auparavant, avait divisé au sein de l’entreprise. Les dispositifs concernant les cadres – dont une réduction des jours de RTT –, seront mis en place au début de 2017. Ces mesures ont été décidées à la suite d’une longue confrontation entre la direction de l’usine et les organisations syndicales, sur fond de menace de délocalisation. Ce « pacte 2020 » prévoit ainsi un passage aux 39 heures hebdomadaires de travail, avant un retour aux 37 heures en 2019, puis aux 35 heures en 2020. En échange, la direction assure qu’elle ne procédera à aucun licenciement économique d’ici là.\nDes salariés « apeurés » En septembre 2015, les 800 salariés avaient approuvé à 56 % ce plan. Mais le scrutin avait révélé les divisions du personnel, entre d’un côté des cadres, employés qui avaient dit oui à 74 %, et de l’autre les ouvriers qui n’étaient que 39 % à approuver ce plan. Après le référendum, la CGT et la CFDT, qui représentent 53 % des salariés, avaient cependant mis leur veto au projet.\nPour contourner cette opposition, la direction a alors proposé aux employés de signer des avenants individuels à leurs contrats de travail. En décembre, plus de 95 % les avaient signés, annonce l’entreprise. Mais pour Didier Getrey, de la CFDT Métallurgie Moselle, ces signatures ont été obtenues « sous la pression » , de la part de salariés « apeurés » . \n\nRetrouvez cet article sur lemonde.fr \n\nJean-Philippe Acensi veut donner leur chance aux « gamins en bord de route » \nInscrivez-vous aux newsletters du Monde.fr", "external_links": [], "published": "2016-10-01T03:00:00.000+03:00", "crawled": "2016-10-01T16:17:21.886+03:00", "highlightTitle": ""}