{"organizations": [], "uuid": "86f7ccbd5d8742b361083771158064778b4a1df5", "thread": {"social": {"gplus": {"shares": 0}, "pinterest": {"shares": 0}, "vk": {"shares": 0}, "linkedin": {"shares": 0}, "facebook": {"likes": 0, "shares": 0, "comments": 0}, "stumbledupon": {"shares": 0}}, "site_full": "www.anibis.ch", "main_image": "https://can01.anibis.ch/Pneus-4-pneux-hiver-sur-jantes-pour-Ford-Fiesta/?1024x728/3/90/anibis/435/770/016/T-3lF6P81EGgDv_QQ44Lcw_1.jpg", "site_section": "http://anibis.ch//fr/automobiles--4/rssexport.aspx", "section_title": "Petites annonces Automobiles", "url": "http://www.anibis.ch/fr/automobiles--4/4-pneux-hiver-sur-jantes-pour-ford-fiesta--16770435.aspx", "country": "CH", "domain_rank": 8918, "title": "4 pneux hiver sur jantes pour Ford Fiesta", "performance_score": 0, "site": "anibis.ch", "participants_count": 0, "title_full": "4 pneux hiver sur jantes pour Ford Fiesta", "spam_score": 0.0, "site_type": "news", "published": "2016-10-02T18:13:00.000+03:00", "replies_count": 0, "uuid": "86f7ccbd5d8742b361083771158064778b4a1df5"}, "author": "", "url": "http://www.anibis.ch/fr/automobiles--4/4-pneux-hiver-sur-jantes-pour-ford-fiesta--16770435.aspx", "ord_in_thread": 0, "title": "4 pneux hiver sur jantes pour Ford Fiesta", "locations": [], "entities": {"persons": [], "locations": [], "organizations": []}, "highlightText": "", "language": "french", "persons": [], "text": "4 pneux hiver sur jantes pour Ford Fiesta Type d'insertion: 13 Description: Cet utilisateur a confirmé son compte avec un numéro de mobile valable. zakzouk Membre depuis le 08.04.2007 Téléphone : +41 783148495 Êtes-vous intéressé par cette offre? Ecrivez un message à l’annonceur. Mon nom : Transmettre l'annonce par e-mail Vous connaissez quelqu'un qui pourrait s'intéresser à cette annonce ? Envoyez lui un e-mail grâce à ce formulaire. Expéditeur : Veuillez nous indiquer en quelques mots pourquoi cette annonce est une arnaque. e-mail* : Indiquez-nous d'autres annonces concernées (optionel): Multipostage (spam) A votre avis, pourquoi s'agit-il d'une fraude? Fraude Pouvez-vous nous indiquer l'article de loi? Illégal Merci d'indiquer le chapitre de notre CG? Interdit sur anibis.ch Pouvez-vous nous donner une preuve de ces insultes (copie d'email) Insulte Merci de nous donner le site original Contrefaçon Pouvez-vous nous donner l'URL du texte ou l'image original? Copyright Veuillez préciser la raison de votre signalement : Autre raison Envoyer \nLes annonces suivantes pourront peut-être aussi vous intéresser", "external_links": [], "published": "2016-10-02T18:13:00.000+03:00", "crawled": "2016-10-02T13:23:25.368+03:00", "highlightTitle": ""}