{"organizations": [], "uuid": "3e02bf18d298c58cf032419895a5fa02119656b0", "thread": {"social": {"gplus": {"shares": 0}, "pinterest": {"shares": 0}, "vk": {"shares": 0}, "linkedin": {"shares": 0}, "facebook": {"likes": 0, "shares": 0, "comments": 0}, "stumbledupon": {"shares": 0}}, "site_full": "www.anibis.ch", "main_image": "https://can01.anibis.ch/Vestes-Doudoune-noire-pour-4-ans-(environ-104)/?1024x728/3/90/anibis/736/772/016/bbQ4L0cTiE2NGrDMkZnb3A_1.jpg", "site_section": "http://anibis.ch//fr/enfants-,-b%c3%a9b%c3%a9s--27/rssexport.aspx", "section_title": "Petites annonces Enfants & bébés", "url": "http://www.anibis.ch/fr/enfants-~-b%c3%a9b%c3%a9s--27/doudoune-noire-pour-4-ans-environ-104--16772736.aspx", "country": "CH", "domain_rank": 8918, "title": "Doudoune noire pour 4 ans (environ 104)", "performance_score": 0, "site": "anibis.ch", "participants_count": 0, "title_full": "Doudoune noire pour 4 ans (environ 104)", "spam_score": 0.0, "site_type": "news", "published": "2016-10-02T21:22:00.000+03:00", "replies_count": 0, "uuid": "3e02bf18d298c58cf032419895a5fa02119656b0"}, "author": "", "url": "http://www.anibis.ch/fr/enfants-~-b%c3%a9b%c3%a9s--27/doudoune-noire-pour-4-ans-environ-104--16772736.aspx", "ord_in_thread": 0, "title": "Doudoune noire pour 4 ans (environ 104)", "locations": [], "entities": {"persons": [], "locations": [], "organizations": []}, "highlightText": "", "language": "french", "persons": [], "text": " ", "external_links": [], "published": "2016-10-02T21:22:00.000+03:00", "crawled": "2016-10-02T16:27:30.493+03:00", "highlightTitle": ""}