{"organizations": [], "uuid": "b8680e53999ce7fa6eb6dbf07fca02fbb876dfb1", "thread": {"social": {"gplus": {"shares": 0}, "pinterest": {"shares": 0}, "vk": {"shares": 0}, "linkedin": {"shares": 0}, "facebook": {"likes": 0, "shares": 0, "comments": 0}, "stumbledupon": {"shares": 0}}, "site_full": "fr.news.yahoo.com", "main_image": "", "site_section": "https://fr.news.yahoo.com/france/?format=rss", "section_title": "News France | Actualités & informations - Yahoo Actualités FR", "url": "https://fr.news.yahoo.com/syrie-karam-al-masri-raconte-guerre-lint%C3%A9rieur-093003871.html", "country": "US", "domain_rank": 5, "title": "Syrie : Karam-Al-Masri raconte la guerre de l'intérieur", "performance_score": 0, "site": "yahoo.com", "participants_count": 0, "title_full": "Syrie : Karam-Al-Masri raconte la guerre de l'intérieur", "spam_score": 0.0, "site_type": "news", "published": "2016-10-01T03:00:00.000+03:00", "replies_count": 0, "uuid": "b8680e53999ce7fa6eb6dbf07fca02fbb876dfb1"}, "author": "", "url": "https://fr.news.yahoo.com/syrie-karam-al-masri-raconte-guerre-lint%C3%A9rieur-093003871.html", "ord_in_thread": 0, "title": "Syrie : Karam-Al-Masri raconte la guerre de l'intérieur", "locations": [], "entities": {"persons": [], "locations": [], "organizations": []}, "highlightText": "", "language": "french", "persons": [], "text": "Rien ne le fait lâcher son appareil, pas même la torture ou la mort de ses parents dans un raid aérien. Karam-Al-Masri tient bon et relate dans ses photos le quotidien d' Alep : \"les bombardements, les massacres devenus habituels\", écrit-il. Le journaliste photographe a pris en photo un enfant mort sous les décombres.\n\"Rester en vie\" Il raconte la peur omniprésente. \"Mon existence se résume à essayer de rester en vie. C'est comme si j'étais dans une jungle où je tente de survivre jusqu'au lendemain\". Dans cette ville qui meurt de soif, l'odeur de la faim s'ajoute à celle de la mort. \"Avec le siège, j'ai très faim, je suis affaibli\". Prisonnier d'Alep, le photographe voit sa ville brûlée depuis maintenant plus de deux ans. \n\nRetrouvez cet article sur Francetv info \n\nDeux enfants retrouvés noyés dans l'Adour à Bayonne \nIrak : Objectif Mossoul pour la coalition internationale \nLe théâtre Mogador restera fermé jusqu'à la fin de l'année \nUn collégien de 15 ans soupçonné de préparer une attaque terroriste a été mis en examen et écroué \nA la maison d'arrêt de Fresnes, \"l'état d'urgence s'arrête à la porte de la prison\"", "external_links": [], "published": "2016-10-01T03:00:00.000+03:00", "crawled": "2016-10-01T12:35:53.408+03:00", "highlightTitle": ""}