{"organizations": [], "uuid": "9212fb05007ebb3f569fe7a1b9743721cbb76ae3", "thread": {"social": {"gplus": {"shares": 0}, "pinterest": {"shares": 0}, "vk": {"shares": 0}, "linkedin": {"shares": 0}, "facebook": {"likes": 0, "shares": 0, "comments": 0}, "stumbledupon": {"shares": 0}}, "site_full": "www.anibis.ch", "main_image": "https://can01.anibis.ch/Travestis---Transsexuels-Adorable-Trans-21ans,-passive-adore-se-faire-baise/?1024x728/3/90/anibis/929/783/016/wpIIMhVfTk6Pyip-vm7JUQ_1.jpg", "site_section": "http://anibis.ch//fr/erotique--15/rssexport.aspx", "section_title": "Petites annonces Erotique", "url": "http://www.anibis.ch/fr/erotique--15/adorable-trans-21ans,-passive-adore-se-faire-baiserembrasse--16783929.aspx", "country": "CH", "domain_rank": 8918, "title": "Adorable Trans 21ans, passive adore se faire baiser.Embrasse", "performance_score": 0, "site": "anibis.ch", "participants_count": 0, "title_full": "Adorable Trans 21ans, passive adore se faire baiser.Embrasse", "spam_score": 0.0, "site_type": "news", "published": "2016-10-03T21:49:00.000+03:00", "replies_count": 0, "uuid": "9212fb05007ebb3f569fe7a1b9743721cbb76ae3"}, "author": "", "url": "http://www.anibis.ch/fr/erotique--15/adorable-trans-21ans,-passive-adore-se-faire-baiserembrasse--16783929.aspx", "ord_in_thread": 0, "title": "Adorable Trans 21ans, passive adore se faire baiser.Embrasse", "locations": [], "entities": {"persons": [], "locations": [], "organizations": []}, "highlightText": "", "language": "french", "persons": [], "text": "Adorable Trans 21ans, passive adore se faire baiser.Embrasse Type d'insertion: Description: \nA PULLY PHOTOS REELLES ET RECENTES ... BELLE TS corps de gazelle. Je vous propose une palette explosive des jeux coquins après des sensuels et longs préliminaires. J'adore pratiquer des FELLATIONS EXTRÊMES avant de m'offrir à vos désirs les plus chauds!!!! Fellations naturelles très gourmande, GORGE PROFONDE éjaculation faciale ou Corporelle, Sodomie toutes les positions surtout en levrettes, 69, Lécher mon cul et rouler une bonne pêle... Je suis passive, donc j adore me la faire mettre!!! Disponible sur rendez vous.", "external_links": [], "published": "2016-10-03T21:49:00.000+03:00", "crawled": "2016-10-03T17:10:51.240+03:00", "highlightTitle": ""}