{"organizations": [], "uuid": "d9fc5d05788528043c1649ea216675e0dc2d33ca", "thread": {"social": {"gplus": {"shares": 2}, "pinterest": {"shares": 0}, "vk": {"shares": 0}, "linkedin": {"shares": 0}, "facebook": {"likes": 639, "shares": 639, "comments": 11}, "stumbledupon": {"shares": 0}}, "site_full": "www.huffingtonpost.fr", "main_image": "http://i.huffpost.com/gen/4739198/images/o-KIM-KARDASHIAN-PARIS-facebook.jpg", "site_section": "http://www.huffingtonpost.fr/feeds/verticals/france/news.xml", "section_title": "L'actu  sur Le HuffPost", "url": "http://www.huffingtonpost.fr/2016/10/03/kim-kardashian-paris-braquee-paris-kanye-west-annule-concert_n_12303542.html", "country": "FR", "domain_rank": 4984, "title": "Kim Kardashian braquée dans son hôtel à Paris, Kanye West quitte précipitamment son concert en apprenant la nouvelle", "performance_score": 6, "site": "huffingtonpost.fr", "participants_count": 1, "title_full": "Kim Kardashian braquée dans son hôtel à Paris, Kanye West quitte précipitamment son concert en apprenant la nouvelle", "spam_score": 0.0, "site_type": "news", "published": "2016-10-03T11:43:00.000+03:00", "replies_count": 0, "uuid": "d9fc5d05788528043c1649ea216675e0dc2d33ca"}, "author": "Maxime Bourdeau", "url": "http://www.huffingtonpost.fr/2016/10/03/kim-kardashian-paris-braquee-paris-kanye-west-annule-concert_n_12303542.html", "ord_in_thread": 0, "title": "Kim Kardashian braquée dans son hôtel à Paris, Kanye West quitte précipitamment son concert en apprenant la nouvelle", "locations": [], "entities": {"persons": [], "locations": [], "organizations": []}, "highlightText": "", "language": "french", "persons": [], "text": "  Kim Kardashian braquée dans son hôtel à Paris, Kanye West quitte précipitamment son concert en apprenant la nouvelle Rédaction du HuffPost Il y a 1 heure Kim Kardashian braquée à Paris, Kanye quitte précipitamment son concert | Reuters E-mail Commenter \nPEOPLE - Kanye West a quitté précipitamment le festival du Meadows à New York alors qu'il était en train de se produire sur scène à cause d'une \"urgence familiale\", a-t-il été annoncé au public dimanche soir, puis confirmé sur Twitter par les organisateurs. \nSi aucune précision n'a été apportée sur le moment, CNN a rapporté quelques instants plus tard que sa femme Kim Kardashian, actuellement à Paris pour assister à la Fashion Week , avait été braquée à bout portant à l'intérieur de l'hôtel où elle était installée. \nUn porte-parole de la vedette de télé-réalité américaine assuré que Kim Kardashian n'avait pas été blessée, toujours selon CNN. Kanye West immediately ends his set at #TheMeadowsNYC , due to a family emergency. What could it be? pic.twitter.com/VoTh3VwsPa \n— Hardys Closet® (@HardysCloset) 3 octobre 2016 Due to an emergency, Kanye West had to end his performance early. Please get home safely. \n— The Meadows NYC (@themeadowsnyc) 3 octobre 2016 BREAKING: @KimKardashian was held at gunpoint inside her Paris hotel room Sunday by armed men; she was not harmed her rep tells me. #CNN \nSelon les premières informations de CNN, trois hommes masqué et déguisés en policiers, équipés d'armes, auraient réussi à s'introduire dans la chambre de Kim Kardashian. \nLire aussi :", "external_links": [], "published": "2016-10-03T11:43:00.000+03:00", "crawled": "2016-10-03T07:53:12.607+03:00", "highlightTitle": ""}