{"organizations": [], "uuid": "975d8562d419568c7f1fc5134a8b548fb92a5e5c", "thread": {"social": {"gplus": {"shares": 0}, "pinterest": {"shares": 0}, "vk": {"shares": 0}, "linkedin": {"shares": 0}, "facebook": {"likes": 0, "shares": 0, "comments": 0}, "stumbledupon": {"shares": 0}}, "site_full": "www.anibis.ch", "main_image": "https://can01.anibis.ch/Autres-Boucles-Dior-dore/?1024x728/3/90/anibis/912/785/016/7zPt9pouBEWq_uzLe08iRQ_1.jpg", "site_section": "http://anibis.ch//fr/bijouterie-,-horlogerie--5/rssexport.aspx", "section_title": "Petites annonces Bijouterie & Horlogerie", "url": "http://www.anibis.ch/fr/bijouterie-~-horlogerie--5/boucles-dior-dor%c3%a9--16785912.aspx", "country": "CH", "domain_rank": 8918, "title": "Boucles Dior doré", "performance_score": 0, "site": "anibis.ch", "participants_count": 0, "title_full": "Boucles Dior doré", "spam_score": 0.0, "site_type": "news", "published": "2016-10-04T01:38:00.000+03:00", "replies_count": 0, "uuid": "975d8562d419568c7f1fc5134a8b548fb92a5e5c"}, "author": "", "url": "http://www.anibis.ch/fr/bijouterie-~-horlogerie--5/boucles-dior-dor%c3%a9--16785912.aspx", "ord_in_thread": 0, "title": "Boucles Dior doré", "locations": [], "entities": {"persons": [], "locations": [], "organizations": []}, "highlightText": "", "language": "french", "persons": [], "text": " ", "external_links": [], "published": "2016-10-04T01:38:00.000+03:00", "crawled": "2016-10-03T21:27:35.151+03:00", "highlightTitle": ""}