{"organizations": [], "uuid": "91b3e75d0324332116428dc94a800f183897f18d", "thread": {"social": {"gplus": {"shares": 1}, "pinterest": {"shares": 0}, "vk": {"shares": 0}, "linkedin": {"shares": 0}, "facebook": {"likes": 85, "shares": 85, "comments": 0}, "stumbledupon": {"shares": 0}}, "site_full": "www.europe1.fr", "main_image": "http://cdn1-europe1.new2.ladmedia.fr/var/europe1/storage/images/europe1/insolite/les-photos-insolites-de-la-semaine-2861560/29151457-2-fre-FR/Les-photos-insolites-de-la-semaine.jpg", "site_section": "http://www.europe1.fr/var/export/rss/europe1/actus.xml", "section_title": "Europe 1: Actus", "url": "http://www.europe1.fr/insolite/les-photos-insolites-de-la-semaine-2861560", "country": "FR", "domain_rank": 9784, "title": "Les photos insolites de la semaine", "performance_score": 0, "site": "europe1.fr", "participants_count": 1, "title_full": "Les photos insolites de la semaine", "spam_score": 0.0, "site_type": "news", "published": "2016-10-01T20:09:00.000+03:00", "replies_count": 0, "uuid": "91b3e75d0324332116428dc94a800f183897f18d"}, "author": "C.L. avec AFP", "url": "http://www.europe1.fr/insolite/les-photos-insolites-de-la-semaine-2861560", "ord_in_thread": 0, "title": "Les photos insolites de la semaine", "locations": [], "entities": {"persons": [], "locations": [], "organizations": []}, "highlightText": "", "language": "french", "persons": [], "text": "Les photos insolites de la semaine 14h09, le 01 octobre 2016 9 Punks Not Dead Un militant à la coupe particulièrement originale lors du congrès annuel du parti travailliste qui s'est tenu à Liverpool. Plein Ecran A Paris, une femme marche sur un plan de la capitale. Pratique pour s'orienter. Plein Ecran 9 Touche pas à mon mouton Pip Simpson est un fermier britannique en colère car on lui vole ses moutons. Pour alerter sur cette plaie, il a donc décider de peindre (temporairement) en orange son troupeau. Plein Ecran 9 Un peu d'intimité s'il vous plaît En Chine, des toilettes en verre ont été installées sur le site du lac Shiyan. Sympathique pour regarder le paysage, à condition de ne pas être gêné. Plein Ecran 9 Les aigles attaquent La Ryder Cup est une compétition qui oppose les meilleurs golfeurs américains aux européens. Dans le Minnesota, où se tient l'édition 2016, les fans américains font preuve d'inventivité. Plein Ecran DAVID MCNEW / GETTY IMAGES NORTH AMERICA / AFP 9 Au croc de la vague Lors de la très sérieuse \"Surf Dog Competition\", en Californie, chien et maître surfent ensemble. Étonnamment, c'est parfois le chien le plus doué. Plein Ecran THEO WARGO / GETTY IMAGES NORTH AMERICA / AFP 9 Samuel L. Catson L'acteur américain Samuel L. Jackson invité du \"Tonight Show Starring Jimmy Fallon\" a dû, lors d'un jeu... crier au visage d'un chaton pendant 20 secondes. Plein Ecran 9 Tout schuss Au Nicaragua, un fan de sensations fortes descend les pentes cendrées du volcan Cerro Negro sur une sorte de luge. Plein Ecran 9 Jolie vue L'artiste français Abraham Poincheval est assis sur une plateforme située à 18 mètres du sol, lors d'une performance réalisée devant la gare de Lyon (Paris) Plein Ecran Choquantes, émouvantes, hilarantes... ce sont les images les plus folles de cette semaine ! EN IMAGES", "external_links": [], "published": "2016-10-01T20:09:00.000+03:00", "crawled": "2016-10-01T18:30:23.397+03:00", "highlightTitle": ""}