{"organizations": [], "uuid": "30b0d0380b1ba1422feff6943a2dcbd51480a0ad", "thread": {"social": {"gplus": {"shares": 0}, "pinterest": {"shares": 0}, "vk": {"shares": 0}, "linkedin": {"shares": 0}, "facebook": {"likes": 1, "shares": 1, "comments": 0}, "stumbledupon": {"shares": 0}}, "site_full": "fr.news.yahoo.com", "main_image": "https://s.yimg.com/uu/api/res/1.2/_yqoAC.KwQozjdgYQsOVrA--/aD01NjA7dz0xMDAwO3NtPTE7YXBwaWQ9eXRhY2h5b24-/http://media.zenfs.com/fr-FR/homerun/lexpress.fr/7673dca94b9925dc1abd11793f965d92", "site_section": "https://fr.news.yahoo.com/monde/?format=rss", "section_title": "News Monde | Actualités & informations - Yahoo Actualités FR", "url": "https://fr.news.yahoo.com/hongrie-vicktor-orban-tente-mobiliser-170952419.html", "country": "US", "domain_rank": 5, "title": "Hongrie: Vicktor Orban tente de mobiliser pour son référendum antiréfugiés", "performance_score": 0, "site": "yahoo.com", "participants_count": 0, "title_full": "Hongrie: Vicktor Orban tente de mobiliser pour son référendum antiréfugiés", "spam_score": 0.0, "site_type": "news", "published": "2016-10-01T03:00:00.000+03:00", "replies_count": 0, "uuid": "30b0d0380b1ba1422feff6943a2dcbd51480a0ad"}, "author": "", "url": "https://fr.news.yahoo.com/hongrie-vicktor-orban-tente-mobiliser-170952419.html", "ord_in_thread": 0, "title": "Hongrie: Vicktor Orban tente de mobiliser pour son référendum antiréfugiés", "locations": [], "entities": {"persons": [], "locations": [], "organizations": []}, "highlightText": "", "language": "french", "persons": [], "text": "C'est un appel qui sonne comme un aveu d'impuissance. Viktor Orban a lancé ce samedi un appel à la mobilisation des électeurs à la veille du référendum qu'il a organisé contre le plan de répartition de réfugiés au sein de l'UE. La raison? Les derniers sondages montrent un risque de participation insuffisante.  Les Hongrois ont \"le devoir\" d'aider le gouvernement à combattre les décisions de \"l'élite à Bruxelles\", a sermonné le Premier ministre dans sa tribune. \"Une migration de masse sans contrôle signifie une réelle menace\", écrit Viktor Orban, ajoutant que celle-ci \"met en danger le mode de vie européen pacifique et dans la sécurité\". \"Avec le référendum, nous pouvons envoyer un message à chaque Européen: leur dire que cela dépend de nous, les citoyens européens, de ramener l'UE à la raison, avec un effort commun, ou de la laisser de désintégrer\", a-t-il ajouté. \nUne participation en berne Si le non au plan européen est quasiment assuré de l'emporter, cette consultation pourrait devenir embarrassante pour Viktor Orban, en quête d'un plébiscite sur sa politique antiréfugiés, si la participation était inférieure au seuil obligatoire de 50% des inscrits. Selon un dernier sondage publié ce samedi par le Publicus Institute, seuls 46% des inscrits disent qu'ils iront voter, contre 54% le mois précédent.  \nLa manifestation de l'opposition L'opposition, ainsi que certaines associations de défense des droits de l'Homme, ont organisé des manifestations à l'approche de la consultation. \"Ce référendum fait appel à la peur et à la haine\", a déploré l'économiste Tamas Bauer lors de l'un de ces petits rassemblements vendredi. \nLe gouvernement hongrois, qui n'a accepté aucun réfugié sur son sol, a lancé une vaste offensive médiatique visant à mobiliser l'électorat de 8,3 millions d'inscrits contre le plan de répartition au sein de l'UE des réfugiés fuyant la guerre en Syrie. Ce plan a été adopté par l'UE en septembre 2015 pour ne pas laisser la Grèce et l'Italie gérer seules un afflux sans... Lire la suite sur L'Express.fr \nHongrie: Vicktor Orban tente de mobiliser pour son référendum antiréfugiés \nBrexit: Michel Barnier boutera-t-il les Anglais hors d'Europe? \n\"La Deutsche Bank peut-elle nous entraîner dans une nouvelle crise de l'euro?\" \nCe que cache le pantouflage de Barroso chez Goldman Sachs", "external_links": [], "published": "2016-10-01T03:00:00.000+03:00", "crawled": "2016-10-01T20:36:06.925+03:00", "highlightTitle": ""}