{"organizations": [], "uuid": "3556fcfef2f19e8efaa8e4cd074fa649a415b018", "thread": {"social": {"gplus": {"shares": 0}, "pinterest": {"shares": 0}, "vk": {"shares": 0}, "linkedin": {"shares": 0}, "facebook": {"likes": 0, "shares": 0, "comments": 0}, "stumbledupon": {"shares": 0}}, "site_full": "www.anibis.ch", "main_image": "https://can01.anibis.ch/Robes-Belle-robe-BCBG-blanche-collection-2015/?1024x728/3/90/anibis/653/760/016/ybTKToG7C0SBEvFM3wWpRw_1.jpg", "site_section": "http://anibis.ch//fr/v%c3%aatements-,-accessoires--34/rssexport.aspx", "section_title": "Petites annonces Vêtements & accessoires", "url": "http://www.anibis.ch/fr/v%c3%aatements-~-accessoires--34/belle-robe-bcbg-blanche-collection-2015--16760653.aspx", "country": "CH", "domain_rank": 8918, "title": "Belle robe BCBG blanche collection 2015", "performance_score": 0, "site": "anibis.ch", "participants_count": 0, "title_full": "Belle robe BCBG blanche collection 2015", "spam_score": 0.0, "site_type": "news", "published": "2016-10-01T21:00:00.000+03:00", "replies_count": 0, "uuid": "3556fcfef2f19e8efaa8e4cd074fa649a415b018"}, "author": "", "url": "http://www.anibis.ch/fr/v%c3%aatements-~-accessoires--34/belle-robe-bcbg-blanche-collection-2015--16760653.aspx", "ord_in_thread": 0, "title": "Belle robe BCBG blanche collection 2015", "locations": [], "entities": {"persons": [], "locations": [], "organizations": []}, "highlightText": "", "language": "french", "persons": [], "text": "Belle robe BCBG blanche collection 2015 Type d'insertion: Description: belle robe BCBG blanche collection 2015 achetée CHF 500 en boutique BCBG à Genève. Idéale pour l'été. Peut être portée de manière élégante avec chaussures compensée ou talons ou decontractée à la plage. Cette robe fait un magnifique dos. Je l'ai peu portée. Taille M.  ", "external_links": [], "published": "2016-10-01T21:00:00.000+03:00", "crawled": "2016-10-01T16:07:28.298+03:00", "highlightTitle": ""}