{"organizations": [], "uuid": "c7e160970ab40b161a827b9a796dccd263c8b7fa", "thread": {"social": {"gplus": {"shares": 0}, "pinterest": {"shares": 0}, "vk": {"shares": 0}, "linkedin": {"shares": 0}, "facebook": {"likes": 31, "shares": 31, "comments": 0}, "stumbledupon": {"shares": 0}}, "site_full": "www.7sur7.be", "main_image": "http://static2.7sur7.be/static/photo/2016/5/9/4/20161002180843/media_xll_9122209.jpg", "site_section": "http://www.7s7.be/rss.xml", "section_title": "7SUR7.be Info, sport et showbiz, 24/24, 7/7, plus de 350 mises à jour quotidiennes", "url": "http://www.7sur7.be/7s7/fr/1510/Football-Etranger/article/detail/2893472/2016/10/02/Axel-Witsel-buteur-avec-le-Zenith-face-au-Spartak-Moscou.dhtml", "country": "BE", "domain_rank": 8663, "title": "Axel Witsel buteur avec le Zénith face au Spartak Moscou", "performance_score": 0, "site": "7sur7.be", "participants_count": 1, "title_full": "Axel Witsel buteur avec le Zénith face au Spartak Moscou", "spam_score": 0.0, "site_type": "news", "published": "2016-10-03T00:10:00.000+03:00", "replies_count": 0, "uuid": "c7e160970ab40b161a827b9a796dccd263c8b7fa"}, "author": "rédaction", "url": "http://www.7sur7.be/7s7/fr/1510/Football-Etranger/article/detail/2893472/2016/10/02/Axel-Witsel-buteur-avec-le-Zenith-face-au-Spartak-Moscou.dhtml", "ord_in_thread": 0, "title": "Axel Witsel buteur avec le Zénith face au Spartak Moscou", "locations": [], "entities": {"persons": [], "locations": [], "organizations": []}, "highlightText": "", "language": "french", "persons": [], "text": "Par: rédaction 2/10/16 - 18h10 Source: Belga Le Zénith Saint-Pétersbourg est sorti vainqueur de son match au sommet contre le Spartak Moscou (4-2), dimanche au Stade Petrovsky pour le compte de la 9e journée de Premier League russe. Axel Witsel, buteur, a disputé toute la rencontre alors que Nicolas Lombaerts est monté à la 88e. \nLe duel tant attendu entre le Zénith et le Spartak aura tenu toutes ses promesses. Domenico Criscito (s.p. 20e), Dzyuba (34e), Witsel et Giuliano (87e s.p.) ont marqué pour le Zénith. Bocchetti (28e) et Ze Luis (38e) ont alimenté le marquoir pour les Moscovites.Grâce à ce succès, l'équipe de Mircea Lucescu revient à égalité avec son adversaire du jour en tête du championnat (19 pts). Cependant, le CSKA Moscou (18) peut prendre la tête en cas de victoire au FK Rostov. Casteels maintient le zéro Koen Casteels a gardé son but inviolé lors de la rencontre entre son club de Wolfsburg et Mayence (0-0). Le gardien belge de 24 ans est le titulaire indiscutable des 'Loups' cette saison, lui qui n'a pas encore raté une minute en championnat. L'équipe de Dieter Hecking est 13e en Bundesliga avec 5 points. Lire aussi", "external_links": [], "published": "2016-10-03T00:10:00.000+03:00", "crawled": "2016-10-02T20:03:18.709+03:00", "highlightTitle": ""}