{"organizations": [], "uuid": "95001e046742763b06eac8b5f2b2e70e318d2e08", "thread": {"social": {"gplus": {"shares": 0}, "pinterest": {"shares": 0}, "vk": {"shares": 0}, "linkedin": {"shares": 0}, "facebook": {"likes": 2, "shares": 2, "comments": 0}, "stumbledupon": {"shares": 0}}, "site_full": "www.7sur7.be", "main_image": "http://static3.7sur7.be/static/photo/2016/1/16/11/20161002195901/media_xll_9122471.jpg", "site_section": "http://www.7sur7.be/rss.xml", "section_title": "7SUR7.be Info, sport et showbiz, 24/24, 7/7, plus de 350 mises à jour quotidiennes", "url": "http://www.7sur7.be/7s7/fr/1502/Belgique/article/detail/2893508/2016/10/02/La-circulation-des-trains-interrompue-entre-Gand-et-Bruxelles.dhtml", "country": "BE", "domain_rank": 8663, "title": "La circulation des trains interrompue entre Gand et Bruxelles", "performance_score": 0, "site": "7sur7.be", "participants_count": 1, "title_full": "La circulation des trains interrompue entre Gand et Bruxelles", "spam_score": 0.0, "site_type": "news", "published": "2016-10-03T02:00:00.000+03:00", "replies_count": 0, "uuid": "95001e046742763b06eac8b5f2b2e70e318d2e08"}, "author": "rédaction", "url": "http://www.7sur7.be/7s7/fr/1502/Belgique/article/detail/2893508/2016/10/02/La-circulation-des-trains-interrompue-entre-Gand-et-Bruxelles.dhtml", "ord_in_thread": 0, "title": "La circulation des trains interrompue entre Gand et Bruxelles", "locations": [], "entities": {"persons": [], "locations": [], "organizations": []}, "highlightText": "", "language": "french", "persons": [], "text": "— SNCB (@SNCB) Sun Oct 02 00:00:00 MEST 2016 \nUn \"accident de personne\" s'est produit à Bodeghem-Saint-Martin (Dilbeek, Brabant flamand). Cet accident s'est produit sur la ligne 50, mais à cause de travaux sur la ligne plus rapide 50a, plus aucun train ne roule entre Gand et Bruxelles dans les deux sens. Un service de bus de remplacement sera prochainement mis en place entre Denderleeuw et Bruxelles-Midi. Les voyageurs de Gand-Saint-Pierre à destination de Bruxelles-Midi peuvent voyager via Termonde et Malines, conseille la SNCB.", "external_links": [], "published": "2016-10-03T02:00:00.000+03:00", "crawled": "2016-10-02T22:17:23.357+03:00", "highlightTitle": ""}