{"organizations": [], "uuid": "2af31a7552eebd9f42c1119d307bc96e8e698468", "thread": {"social": {"gplus": {"shares": 0}, "pinterest": {"shares": 0}, "vk": {"shares": 0}, "linkedin": {"shares": 0}, "facebook": {"likes": 0, "shares": 0, "comments": 0}, "stumbledupon": {"shares": 0}}, "site_full": "www.anibis.ch", "main_image": "https://can01.anibis.ch/Autres-Apple-iPhone-6s-Plus---64-Go---Or---debloque/?1024x728/3/90/anibis/479/786/016/HBaFdL4QSU6-kbpfhGnGIQ_1.jpg", "site_section": "http://anibis.ch//fr/t%c3%a9l%c3%a9phonie--31/rssexport.aspx", "section_title": "Petites annonces Téléphonie", "url": "http://www.anibis.ch/fr/t%c3%a9l%c3%a9phonie--31/apple-iphone-6s-plus-64-go-or-d%c3%a9bloqu%c3%a9--16786479.aspx", "country": "CH", "domain_rank": 8918, "title": "Apple iPhone 6s Plus - 64 Go - Or - débloqué", "performance_score": 0, "site": "anibis.ch", "participants_count": 0, "title_full": "Apple iPhone 6s Plus - 64 Go - Or - débloqué", "spam_score": 0.0, "site_type": "news", "published": "2016-10-04T02:49:00.000+03:00", "replies_count": 0, "uuid": "2af31a7552eebd9f42c1119d307bc96e8e698468"}, "author": "", "url": "http://www.anibis.ch/fr/t%c3%a9l%c3%a9phonie--31/apple-iphone-6s-plus-64-go-or-d%c3%a9bloqu%c3%a9--16786479.aspx", "ord_in_thread": 0, "title": "Apple iPhone 6s Plus - 64 Go - Or - débloqué", "locations": [], "entities": {"persons": [], "locations": [], "organizations": []}, "highlightText": "", "language": "french", "persons": [], "text": "Pouvez-vous nous indiquer l'article de loi? Illégal Merci d'indiquer le chapitre de notre CG? Interdit sur anibis.ch Pouvez-vous nous donner une preuve de ces insultes (copie d'email) Insulte Merci de nous donner le site original Contrefaçon Pouvez-vous nous donner l'URL du texte ou l'image original? Copyright Veuillez préciser la raison de votre signalement : Autre raison", "external_links": [], "published": "2016-10-04T02:49:00.000+03:00", "crawled": "2016-10-03T21:53:09.359+03:00", "highlightTitle": ""}