{"organizations": [], "uuid": "b2962d518ff4fb237070119721825afe161fae55", "thread": {"social": {"gplus": {"shares": 0}, "pinterest": {"shares": 0}, "vk": {"shares": 0}, "linkedin": {"shares": 0}, "facebook": {"likes": 0, "shares": 0, "comments": 0}, "stumbledupon": {"shares": 0}}, "site_full": "www.anibis.ch", "main_image": "https://can01.anibis.ch/Autres-Realisez-tous-vos-projets-grace-au-credit-assure,r/?1024x728/3/90/anibis/970/763/016/BkHrSu4wcEqWTVwCCWrXMw_1.jpg", "site_section": "http://anibis.ch//fr/art-,-antiquit%c3%a9s--3/rssexport.aspx", "section_title": "Petites annonces Art & Antiquités", "url": "http://www.anibis.ch/fr/art-~-antiquit%c3%a9s--3/r%c3%a9alisez-tous-vos-projets-gr%c3%a2ce-au-cr%c3%a9dit-assur%c3%a9,rapide--16763970.aspx", "country": "CH", "domain_rank": 8918, "title": "Réalisez tous vos projets grâce au crédit assuré,rapide", "performance_score": 0, "site": "anibis.ch", "participants_count": 0, "title_full": "Réalisez tous vos projets grâce au crédit assuré,rapide", "spam_score": 0.0, "site_type": "news", "published": "2016-10-02T04:12:00.000+03:00", "replies_count": 0, "uuid": "b2962d518ff4fb237070119721825afe161fae55"}, "author": "", "url": "http://www.anibis.ch/fr/art-~-antiquit%c3%a9s--3/r%c3%a9alisez-tous-vos-projets-gr%c3%a2ce-au-cr%c3%a9dit-assur%c3%a9,rapide--16763970.aspx", "ord_in_thread": 0, "title": "Réalisez tous vos projets grâce au crédit assuré,rapide", "locations": [], "entities": {"persons": [], "locations": [], "organizations": []}, "highlightText": "", "language": "french", "persons": [], "text": "Réalisez tous vos projets grâce au crédit assuré,rapide Type d'insertion: Gratuit Description: \nAider est la meilleure matière de partager son amour éternel, c est ce qui ma poussé à mets à votre disposition un prêt à partir de 2000 a 900.000 frs à un taux de 3% et à des conditions très simple à toutes personnes pouvant rembourser sans distinction de race. Je fais aussi des investissements et des prêts entre particulier de toutes sortes . J'offre des crédits à court, moyen et long terme en collaboration avec le ministère des finances et de l économie et à une durée de remboursement abordable. Payer simplement et en toute sécurité? Envoyer et recevoir de l'argent avec", "external_links": [], "published": "2016-10-02T04:12:00.000+03:00", "crawled": "2016-10-01T23:58:27.446+03:00", "highlightTitle": ""}