{"organizations": [], "uuid": "f73d53229a13ea07907a245675a3e65d314fd712", "thread": {"social": {"gplus": {"shares": 0}, "pinterest": {"shares": 0}, "vk": {"shares": 0}, "linkedin": {"shares": 0}, "facebook": {"likes": 6, "shares": 6, "comments": 0}, "stumbledupon": {"shares": 0}}, "site_full": "fr.news.yahoo.com", "main_image": "https://s.yimg.com/uu/api/res/1.2/UIgLqgYFOB7OhkD6DocDtg--/aD03MjA7dz0xMjgwO3NtPTE7YXBwaWQ9eXRhY2h5b24-/http://media.zenfs.com/fr-FR/homerun/closermag.fr/82ee18beeb570cfef2e36f62a832d935", "site_section": "", "section_title": "", "url": "https://fr.news.yahoo.com/quotidien-danse-ultra-sexy-charlotte-161442938.html", "country": "GB", "domain_rank": 5, "title": "Quotidien : la danse ultra-sexy de Charlotte Le Bon qui embarrasse Yann Barthès ! (Vidéo)", "performance_score": 0, "site": "yahoo.com", "participants_count": 0, "title_full": "Quotidien : la danse ultra-sexy de Charlotte Le Bon qui embarrasse Yann Barthès ! (Vidéo)", "spam_score": 0.009, "site_type": "news", "published": "2016-10-01T00:14:00.000+03:00", "replies_count": 0, "uuid": "f73d53229a13ea07907a245675a3e65d314fd712"}, "author": "", "url": "https://fr.news.yahoo.com/quotidien-danse-ultra-sexy-charlotte-161442938.html", "ord_in_thread": 0, "title": "Quotidien : la danse ultra-sexy de Charlotte Le Bon qui embarrasse Yann Barthès ! (Vidéo)", "locations": [], "entities": {"persons": [], "locations": [], "organizations": []}, "highlightText": "", "language": "french", "persons": [], "text": "Partager Voir les photos Charlotte Le Bon a improvisé hier soir sur le plateau de \"Quotidien\" une danse ultra-lascive... ce qui a visiblement embarrassé Yann Barthès, qui ne savait plus où se mettre. Plus Hier soir, sur le plateau de \"Quotidien\" sur TMC , l'ex mannequin Charlotte Le Bon a enflammé le plateau de Yann Barthès avec une danse très sexy. Alors qu'elle était interviewée par l'ancien journaliste du \"Petit Journal\", l'actrice a soudainement demandé à ce que la production lance de la musique, et a commencé à se déhancher sur un titre de Beyoncé \"Run the word\". Visiblement mal à l'aise, Yann Barthès rigolait pour tenter de dissimuler sa gêne , devant un public déchaîné par la prestation très lascive de la jeune femme. Charlotte Le Bon est une habituée des plateaux de télévision. En effet, elle était devenue la nouvelle \"miss météo\" du \"Grand Journal\" sur Canal Plus en remplacement de Pauline Lefèvre, dès la rentrée 2010, avant de quitter l'émission en juin 2011, au terme d'une seule saison. En janvier 2012, elle avait refait quelques apparitions en tant que chroniqueuse, dans le \"Petit Journal\", chaque mercredi. ", "external_links": [], "published": "2016-10-01T00:14:00.000+03:00", "crawled": "2016-10-01T14:41:41.266+03:00", "highlightTitle": ""}