{"organizations": [], "uuid": "801de177563b1a788aa8cbeb82a73793c4652814", "thread": {"social": {"gplus": {"shares": 0}, "pinterest": {"shares": 0}, "vk": {"shares": 0}, "linkedin": {"shares": 0}, "facebook": {"likes": 0, "shares": 0, "comments": 0}, "stumbledupon": {"shares": 0}}, "site_full": "www.lesoir.be", "main_image": "http://ls.rosselcdn.net/sites/default/files/imagecache/1200x627/2016/10/03/1407373498_b31679d26d6de5e1e8e164c66ebd1959_porcs_2_2.jpg", "site_section": "http://www.lesoir.be/feed/Economie/Agriculture/destination_principale_block/", "section_title": "Agriculture - www.lesoir.be", "url": "http://www.lesoir.be/1332771/article/economie/agriculture/2016-10-03/embargo-sanitaire-sur-porc-l-ue%E2%80%89-russie-fait-appel-du-jugement-l-omc", "country": "BE", "domain_rank": 5318, "title": "Embargo sanitaire sur le porc de l’UE : la Russie fait appel du jugement de l’OMC", "performance_score": 0, "site": "lesoir.be", "participants_count": 1, "title_full": "Embargo sanitaire sur le porc de l’UE : la Russie fait appel du jugement de l’OMC | Agriculture - lesoir.be", "spam_score": 0.0, "site_type": "news", "published": "2016-10-03T03:00:00.000+03:00", "replies_count": 0, "uuid": "801de177563b1a788aa8cbeb82a73793c4652814"}, "author": "lesoir.com", "url": "http://www.lesoir.be/1332771/article/economie/agriculture/2016-10-03/embargo-sanitaire-sur-porc-l-ue%E2%80%89-russie-fait-appel-du-jugement-l-omc", "ord_in_thread": 0, "title": "Embargo sanitaire sur le porc de l’UE : la Russie fait appel du jugement de l’OMC", "locations": [], "entities": {"persons": [], "locations": [], "organizations": []}, "highlightText": "", "language": "french", "persons": [], "text": "La Russie a interjeté appel le 23 septembre à l’OMC contre le jugement du 19 août de l’organe de règlement des différends selon lequel l’embargo sanitaire qu’elle a instauré en janvier 2014 sur le porc en provenance de l’UE en liaison avec des cas de peste porcine africaine n’est pas conforme aux règles du commerce international.", "external_links": [], "published": "2016-10-03T03:00:00.000+03:00", "crawled": "2016-10-03T17:37:03.682+03:00", "highlightTitle": ""}