{"organizations": [], "uuid": "9ded3313070f7ac75b4c1678cdef58f1a8097786", "thread": {"social": {"gplus": {"shares": 0}, "pinterest": {"shares": 0}, "vk": {"shares": 0}, "linkedin": {"shares": 0}, "facebook": {"likes": 0, "shares": 0, "comments": 0}, "stumbledupon": {"shares": 0}}, "site_full": "www.anibis.ch", "main_image": "https://can01.anibis.ch/Chaussures-hommes-Timberland-Presson-Boots/?1024x728/3/90/anibis/768/751/016/IDwmoRZdqEiLZ4f0taYxUg_1.jpg", "site_section": "http://anibis.ch//fr/v%c3%aatements-,-accessoires--34/rssexport.aspx", "section_title": "Petites annonces Vêtements & accessoires", "url": "http://www.anibis.ch/fr/v%c3%aatements-~-accessoires--34/timberland-presson-boots--16751768.aspx", "country": "CH", "domain_rank": 8918, "title": "Timberland Presson Boots", "performance_score": 0, "site": "anibis.ch", "participants_count": 0, "title_full": "Timberland Presson Boots", "spam_score": 0.0, "site_type": "news", "published": "2016-10-01T04:12:00.000+03:00", "replies_count": 0, "uuid": "9ded3313070f7ac75b4c1678cdef58f1a8097786"}, "author": "", "url": "http://www.anibis.ch/fr/v%c3%aatements-~-accessoires--34/timberland-presson-boots--16751768.aspx", "ord_in_thread": 0, "title": "Timberland Presson Boots", "locations": [], "entities": {"persons": [], "locations": [], "organizations": []}, "highlightText": "", "language": "french", "persons": [], "text": "  Envoyer \nLes annonces suivantes pourront peut-être aussi vous intéresser", "external_links": [], "published": "2016-10-01T04:12:00.000+03:00", "crawled": "2016-10-01T01:23:27.790+03:00", "highlightTitle": ""}