{"organizations": [], "uuid": "098b1373772f2619878ff403394c968ce1601a33", "thread": {"social": {"gplus": {"shares": 0}, "pinterest": {"shares": 0}, "vk": {"shares": 0}, "linkedin": {"shares": 0}, "facebook": {"likes": 0, "shares": 0, "comments": 0}, "stumbledupon": {"shares": 0}}, "site_full": "www.anibis.ch", "main_image": "https://can01.anibis.ch/iPhone-6s-Plus-IPhone-6S-Plus,-Silver,-64Gb/?1024x728/3/90/anibis/303/736/016/DDjgviYUvEuiWnyp4vRA7A_1.jpg", "site_section": "http://anibis.ch//fr/t%c3%a9l%c3%a9phonie--31/rssexport.aspx", "section_title": "Petites annonces Téléphonie", "url": "http://www.anibis.ch/fr/t%c3%a9l%c3%a9phonie--31/iphone-6s-plus,-silver,-64gb--16736303.aspx", "country": "CH", "domain_rank": 8918, "title": "IPhone 6S Plus, Silver, 64Gb", "performance_score": 0, "site": "anibis.ch", "participants_count": 0, "title_full": "IPhone 6S Plus, Silver, 64Gb", "spam_score": 0.0, "site_type": "news", "published": "2016-10-03T17:16:00.000+03:00", "replies_count": 0, "uuid": "098b1373772f2619878ff403394c968ce1601a33"}, "author": "", "url": "http://www.anibis.ch/fr/t%c3%a9l%c3%a9phonie--31/iphone-6s-plus,-silver,-64gb--16736303.aspx", "ord_in_thread": 0, "title": "IPhone 6S Plus, Silver, 64Gb", "locations": [], "entities": {"persons": [], "locations": [], "organizations": []}, "highlightText": "", "language": "french", "persons": [], "text": "IPhone 6S Plus, Silver, 64Gb Type d'insertion: \nJe vends mon iPhone 6S Plus en très bon état. \nLivré avec sa boite d'origine contenant : Chargeur Neuf Payer simplement et en toute sécurité? Envoyer et recevoir de l'argent avec Cet utilisateur a confirmé son compte avec un numéro de mobile valable. xander3690 Membre depuis le 28.10.2013 Êtes-vous intéressé par cette offre? Ecrivez un message à l’annonceur. Mon nom : Transmettre l'annonce par e-mail Vous connaissez quelqu'un qui pourrait s'intéresser à cette annonce ? Envoyez lui un e-mail grâce à ce formulaire. Expéditeur : Veuillez nous indiquer en quelques mots pourquoi cette annonce est une arnaque. e-mail* : Indiquez-nous d'autres annonces concernées (optionel): Multipostage (spam) A votre avis, pourquoi s'agit-il d'une fraude? Fraude Pouvez-vous nous indiquer l'article de loi? Illégal Merci d'indiquer le chapitre de notre CG? Interdit sur anibis.ch Pouvez-vous nous donner une preuve de ces insultes (copie d'email) Insulte Merci de nous donner le site original Contrefaçon Pouvez-vous nous donner l'URL du texte ou l'image original? Copyright Veuillez préciser la raison de votre signalement : Autre raison Envoyer \nLes annonces suivantes pourront peut-être aussi vous intéresser", "external_links": [], "published": "2016-10-03T17:16:00.000+03:00", "crawled": "2016-10-03T12:48:06.845+03:00", "highlightTitle": ""}