{"organizations": [], "uuid": "90580778e71686078026f56cf5ea11f4206c43b0", "thread": {"social": {"gplus": {"shares": 0}, "pinterest": {"shares": 0}, "vk": {"shares": 0}, "linkedin": {"shares": 0}, "facebook": {"likes": 0, "shares": 0, "comments": 0}, "stumbledupon": {"shares": 0}}, "site_full": "www.anibis.ch", "main_image": "https://can01.anibis.ch/Autres-Fourchettes-a-fondue-Stelton./?1024x728/3/90/anibis/282/752/016/nwpDTsVCqEGOGyGX00-Jfg_1.jpg", "site_section": "http://anibis.ch//fr/m%c3%a9nage-,-maison--21/rssexport.aspx", "section_title": "Petites annonces Ménage & Maison", "url": "http://www.anibis.ch/fr/m%c3%a9nage-~-maison--21/fourchettes-%c3%a0-fondue-stelton--16752282.aspx", "country": "CH", "domain_rank": 8918, "title": "Fourchettes à fondue Stelton.", "performance_score": 0, "site": "anibis.ch", "participants_count": 0, "title_full": "Fourchettes à fondue Stelton.", "spam_score": 0.0, "site_type": "news", "published": "2016-10-01T08:01:00.000+03:00", "replies_count": 0, "uuid": "90580778e71686078026f56cf5ea11f4206c43b0"}, "author": "", "url": "http://www.anibis.ch/fr/m%c3%a9nage-~-maison--21/fourchettes-%c3%a0-fondue-stelton--16752282.aspx", "ord_in_thread": 0, "title": "Fourchettes à fondue Stelton.", "locations": [], "entities": {"persons": [], "locations": [], "organizations": []}, "highlightText": "", "language": "french", "persons": [], "text": "Pouvez-vous nous indiquer l'article de loi? Illégal Merci d'indiquer le chapitre de notre CG? Interdit sur anibis.ch Pouvez-vous nous donner une preuve de ces insultes (copie d'email) Insulte Merci de nous donner le site original Contrefaçon Pouvez-vous nous donner l'URL du texte ou l'image original? Copyright Veuillez préciser la raison de votre signalement : Autre raison", "external_links": [], "published": "2016-10-01T08:01:00.000+03:00", "crawled": "2016-10-01T05:14:53.434+03:00", "highlightTitle": ""}