{"organizations": [], "uuid": "b5e4359e1d43c15b5bf1b26cca19380c8b08ffda", "thread": {"social": {"gplus": {"shares": 0}, "pinterest": {"shares": 0}, "vk": {"shares": 0}, "linkedin": {"shares": 7}, "facebook": {"likes": 1, "shares": 1, "comments": 0}, "stumbledupon": {"shares": 0}}, "site_full": "www.lexpress.fr", "main_image": "http://static.lexpress.fr/medias_11167/w_605,h_350,c_fill,g_north/v1475427487/les-toulonnais-fetent-leur-1er-essai-inscrit-par-flanker-mamuka-gorgodze-contre-montpellier-au-velodrome-le-2-octobre-2016_5717783.jpg", "site_section": "http://www.lexpress.fr/rss/lexpresspointfr.xml", "section_title": "LEXPRESS.fr - Rss A la Une", "url": "http://www.lexpress.fr/actualites/1/sport/top-14-toulon-confirme-son-redressement-face-a-montpellier_1836701.html", "country": "FR", "domain_rank": 3353, "title": "Top 14: Toulon confirme son redressement face à Montpellier", "performance_score": 0, "site": "lexpress.fr", "participants_count": 1, "title_full": "Top 14: Toulon confirme son redressement face à Montpellier - L'Express", "spam_score": 0.0, "site_type": "news", "published": "2016-10-03T02:53:00.000+03:00", "replies_count": 0, "uuid": "b5e4359e1d43c15b5bf1b26cca19380c8b08ffda"}, "author": "lexpress.fr", "url": "http://www.lexpress.fr/actualites/1/sport/top-14-toulon-confirme-son-redressement-face-a-montpellier_1836701.html", "ord_in_thread": 0, "title": "Top 14: Toulon confirme son redressement face à Montpellier", "locations": [], "entities": {"persons": [], "locations": [], "organizations": []}, "highlightText": "", "language": "french", "persons": [], "text": "Marseille - Toulon a poursuivi son redressement en stoppant l'élan de Montpellier (28-6), lui chipant en prime la troisième place du Top 14 dimanche, lors du choc de la 7e journée, au stade Vélodrome de Marseille. Après deux défaites lors des trois premières journées, le RCT va mieux: il a gagné trois de ses quatre matches contre des \" gros \", ne s'inclinant que sur le terrain du Racing 92 il y a deux semaines (41-30). Il était aussi allé battre Toulouse (32-15) chez lui et Clermont (23-21) dimanche dernier. Un succès qu'il a donc confirmé au Vélodrome, avec en prime le point de bonus offensif. \nLe manager toulonnais Diego Dominguez sort conforté de cette série redoutable. Grâce à des essais de Mamuka Gorgodze, Josua Tuisova et Liam Gill, son équipe, toujours privée de nombreux joueurs (Giteau, Nonu, Habana...), retrouve les hauteurs du classement. \nEn revanche, Montpellier (4e), qui restait sur quatre victoires de rang, n'y arrive décidément pas contre les cadors, après avoir perdu contre Toulouse et Clermont en début de saison. \nLe RCT a aussi vaincu le signe indien des matches délocalisés, après trois défaites sur quatre à Nice et Marseille les saisons dernières. Mais l'enceinte n'était pas très remplie, pour l'inauguration officielle du stade Orange Vélodrome, selon le contrat de \" naming \" signé avec l'opérateur. \nLe club de Mourad Boudjellal a mérité sa victoire, dans un match où le colosse géorgien Gorgodze, qui a passé dix ans sous le maillot montpelliérain (2005-2014), a été, comme contre Clermont où il avait inscrit l'essai de l'égalisation, l'un des plus en vue de son équipe. \n- Trinh-Duc plutôt transparent - \nLe très attendu François Trinh-Duc, pour son premier match contre son club formateur, a lui été plutôt transparent, et même maladroit, comme sur ce coup de pied mal dosé (32). \nAprès des débuts un peu feutrés, sa formation a pris la mesure physiquement du MHR sur un premier essai de Gorgodze, à la conclusion d'un groupé pénétrant (33).  \nDevant à la pause (13-3), le MHR a de nouveau cédé au retour des vestiaire, réduit à quatorze: Tuisova s'est échappé pour conclure à droite un beau mouvement entamé à gauche par les avants rouges et noirs (45, 18-6). \nUn écart venu récompenser la défense de fer et le réalisme des Toulonnais. Car si, en seconde période, Montpellier a dominé, s'approchant souvent de l'en-but adverse, il n'est pas parvenu à concrétiser, à l'image de l'ouvreur néo-zélandais Ben Botica, qui a manqué la pénalité (59) qui aurait pu rapprocher son équipe.  \nEt c'est au contraire Toulon qui a mieux fini, arrachant donc un précieux point de bonus offensif par Gill (79), pour la première de Mike Ford, son nouvel entraîneur des arrières. Le RCT est de retour. \n+ Plus d'actualité :\nJO-2024: l'Etat déroule le tapis rouge pour le patron du CIO qui le lui rend bien Deliveroo, Foodora... La promesse d'un livreur écolo à vélo, bientôt du pipeau? VIDEO. Le vilain geste de Paul Pogba contre Stoke City Le pape accélère la procédure en vue d'une béatification du père Hamel", "external_links": [], "published": "2016-10-03T02:53:00.000+03:00", "crawled": "2016-10-02T20:03:34.083+03:00", "highlightTitle": ""}