{"organizations": [], "uuid": "5976dd4aa13c270ff31a11774117ff29e439f486", "thread": {"social": {"gplus": {"shares": 0}, "pinterest": {"shares": 0}, "vk": {"shares": 0}, "linkedin": {"shares": 0}, "facebook": {"likes": 0, "shares": 0, "comments": 0}, "stumbledupon": {"shares": 0}}, "site_full": "www.anibis.ch", "main_image": "https://can01.anibis.ch/Divers-Table-basse-et-meuble-en-bois/?1024x728/3/90/anibis/255/752/016/rGgXSS-AdUCwD0IW9uxEGA_1.jpg", "site_section": "http://anibis.ch//fr/divers--12/rssexport.aspx", "section_title": "Petites annonces Divers", "url": "http://www.anibis.ch/fr/divers--12/table-basse-et-meuble-en-bois--16752255.aspx", "country": "CH", "domain_rank": 8918, "title": "Table basse et meuble en bois", "performance_score": 0, "site": "anibis.ch", "participants_count": 0, "title_full": "Table basse et meuble en bois", "spam_score": 0.0, "site_type": "news", "published": "2016-10-01T17:28:00.000+03:00", "replies_count": 0, "uuid": "5976dd4aa13c270ff31a11774117ff29e439f486"}, "author": "", "url": "http://www.anibis.ch/fr/divers--12/table-basse-et-meuble-en-bois--16752255.aspx", "ord_in_thread": 0, "title": "Table basse et meuble en bois", "locations": [], "entities": {"persons": [], "locations": [], "organizations": []}, "highlightText": "", "language": "french", "persons": [], "text": "Table basse et meuble en bois Type d'insertion: A vendre pour cause déménagement, Une jolie Table basse en bon état avec plateau en carreaux céramiques bleues, Un meuble en bois paroi murale, couleur marron avec deux boxes encastrables en pailles, En cas d'interet pour les deux articles j'arrondi le prix a 60 frs. Payer simplement et en toute sécurité? Envoyer et recevoir de l'argent avec", "external_links": [], "published": "2016-10-01T17:28:00.000+03:00", "crawled": "2016-10-01T13:57:52.914+03:00", "highlightTitle": ""}