{"organizations": [], "uuid": "e2945e582a65b3d3ad9bc9b8779dd3d3ccc67c1a", "thread": {"social": {"gplus": {"shares": 0}, "pinterest": {"shares": 0}, "vk": {"shares": 0}, "linkedin": {"shares": 4}, "facebook": {"likes": 6, "shares": 6, "comments": 0}, "stumbledupon": {"shares": 0}}, "site_full": "sport.sfr.fr", "main_image": "", "site_section": "", "section_title": "", "url": "https://sport.sfr.fr/football/premier-league/zlatan-avait-une-bonne-raison-de-refuser-la-chine.html", "country": "FR", "domain_rank": 831, "title": "Zlatan avait une bonne raison de refuser la Chine - SFR Sport", "performance_score": 0, "site": "sfr.fr", "participants_count": 0, "title_full": "Zlatan avait une bonne raison de refuser la Chine - SFR Sport", "spam_score": 0.008, "site_type": "news", "published": "2016-10-02T03:35:00.000+03:00", "replies_count": 0, "uuid": "e2945e582a65b3d3ad9bc9b8779dd3d3ccc67c1a"}, "author": "", "url": "https://sport.sfr.fr/football/premier-league/zlatan-avait-une-bonne-raison-de-refuser-la-chine.html", "ord_in_thread": 0, "title": "Zlatan avait une bonne raison de refuser la Chine - SFR Sport", "locations": [], "entities": {"persons": [], "locations": [], "organizations": []}, "highlightText": "", "language": "french", "persons": [], "text": "Zlatan avait une bonne raison de refuser la Chine Posté le 2 octobre 2016 12:29 Modifié le 2 octobre 2016 12:29 Man. United Premier League CSL Zlatan Ibrahimovic AFP \nZlatan Ibrahimovic a expliqué pourquoi il avait refusé une énorme offre venant de Chinese Super League l’été dernier. Un choix évident pour le Suédois qui s’est finalement engagé pour Manchester United. \nLa communication autour de Zlatan Ibrahimovic a quelque chose de fascinant. Son agent, Mino Raiola, allume les mèches et l’attaquant y répond par le biais de son application. Raiola avait ainsi affirmé à une radio italienne que l’attaquant suédois avait refusé une offre astronomique venue de Chine l’été dernier. « Ibrahimovic est le meilleur, a-t-il déclaré. Il a refusé une offre de 100 millions d’euros des Chinois. Il ne veut pas plus d’argent, il veut gagner. » Une photo publiée par Zlatan_z10 (@zlatan_z10) le 1 Oct. 2016 à 12h35 PDT \nDans une interview accordée à sa propre application, l’ancien joueur du PSG a expliqué pourquoi il avait préféré rejoindre les Red Devils plutôt que la Chinese Super League : « Facile. Qui ne choisirait pas Manchester United s’il frappait à la porte ? » Pas lui. La chaine 100% foot \nProfitez de la chaîne 100% Foot dont la « Premier League » en exclusivité française dès le mois d’août. ", "external_links": [], "published": "2016-10-02T03:35:00.000+03:00", "crawled": "2016-10-02T15:35:52.936+03:00", "highlightTitle": ""}