{"organizations": [], "uuid": "72b9f5740b1af4b64777af765eb94a0a6d5d366c", "thread": {"social": {"gplus": {"shares": 1}, "pinterest": {"shares": 0}, "vk": {"shares": 0}, "linkedin": {"shares": 12}, "facebook": {"likes": 143, "shares": 143, "comments": 0}, "stumbledupon": {"shares": 0}}, "site_full": "actu.orange.fr", "main_image": "http://media3.woopic.com/api/v1/images/156%2Fcl77T%2Fet-voici-a-quoi-ressemble-la-plus-grande-tour-humaine-du-monde%7Cx240-Ocz.jpg?format=470x264&amp;facedetect=1&amp;quality=85", "site_section": "", "section_title": "", "url": "http://actu.orange.fr/societe/videos/et-voici-a-quoi-ressemble-la-plus-grande-tour-humaine-du-monde-VID0000002ddzV.html", "country": "FR", "domain_rank": 208, "title": "Et voici à quoi ressemble la plus grande tour humaine du monde - en vidéos sur actu.orange.fr", "performance_score": 1, "site": "orange.fr", "participants_count": 0, "title_full": "Et voici à quoi ressemble la plus grande tour humaine du monde - en vidéos sur actu.orange.fr", "spam_score": 0.199, "site_type": "news", "published": "2016-10-03T21:09:00.000+03:00", "replies_count": 0, "uuid": "72b9f5740b1af4b64777af765eb94a0a6d5d366c"}, "author": "", "url": "http://actu.orange.fr/societe/videos/et-voici-a-quoi-ressemble-la-plus-grande-tour-humaine-du-monde-VID0000002ddzV.html", "ord_in_thread": 0, "title": "Et voici à quoi ressemble la plus grande tour humaine du monde - en vidéos sur actu.orange.fr", "locations": [], "entities": {"persons": [], "locations": [], "organizations": []}, "highlightText": "", "language": "french", "persons": [], "text": "Et voici à quoi ressemble la plus grande tour humaine du monde par LeHuffPost \nEt voici à quoi ressemble la plus grande tour humaine Vidéo suivante dans 5 secondes vidéos similaires 0 commentaire - Et voici à quoi ressemble la plus grande tour humaine du monde [=pseudo.pseudo] - annuaire gratuit applications mobile Family Place logiciels gratuits Orange Money sortir acheter malin accueil mail et cloud agenda boîtes vocales le Cloud mail mes contacts pages perso SMS/MMS Orange et moi ", "external_links": [], "published": "2016-10-03T21:09:00.000+03:00", "crawled": "2016-10-03T14:22:15.896+03:00", "highlightTitle": ""}