{"organizations": [], "uuid": "60572e0000fa9e40d4e32e01bd096076628b2f86", "thread": {"social": {"gplus": {"shares": 0}, "pinterest": {"shares": 0}, "vk": {"shares": 0}, "linkedin": {"shares": 0}, "facebook": {"likes": 0, "shares": 0, "comments": 0}, "stumbledupon": {"shares": 0}}, "site_full": "www.tf1.fr", "main_image": "http://photos2.tf1.fr/1200/630/secret-story-soir-quotidienne-3-octobre-2016-0a5e1b-0@1x.jpg", "site_section": "", "section_title": "", "url": "http://www.tf1.fr/tf1/secret-story/videos/secret-story-10-soir-quotidienne-3-octobre-2016.html", "country": "FR", "domain_rank": 1721, "title": "Secret Story : Secret Story 10 - Ce soir dans la Quotidienne du 3 octobre 2016 - TF1", "performance_score": 0, "site": "tf1.fr", "participants_count": 0, "title_full": "Secret Story : Secret Story 10 - Ce soir dans la Quotidienne du 3 octobre 2016 - TF1", "spam_score": 0.258, "site_type": "news", "published": "2016-10-03T19:04:00.000+03:00", "replies_count": 0, "uuid": "60572e0000fa9e40d4e32e01bd096076628b2f86"}, "author": "", "url": "http://www.tf1.fr/tf1/secret-story/videos/secret-story-10-soir-quotidienne-3-octobre-2016.html", "ord_in_thread": 0, "title": "Secret Story : Secret Story 10 - Ce soir dans la Quotidienne du 3 octobre 2016 - TF1", "locations": [], "entities": {"persons": [], "locations": [], "organizations": []}, "highlightText": "", "language": "french", "persons": [], "text": "Secret Story : Secret Story 10 - Ce soir dans la Quotidienne du 3 octobre 2016 \nRetrouvez la Quotidienne ce soir à 18h40 sur NT1. en savoir plus : Darko \nSecret Story 10 - Ce soir dans la Quotidienne du 3 octobre 2016 Partager sur Facebook ", "external_links": [], "published": "2016-10-03T19:04:00.000+03:00", "crawled": "2016-10-03T14:34:24.141+03:00", "highlightTitle": ""}