{"organizations": [], "uuid": "5fa8aeab8e4d3f5d42804ed94098bc64227f9b72", "thread": {"social": {"gplus": {"shares": 0}, "pinterest": {"shares": 0}, "vk": {"shares": 0}, "linkedin": {"shares": 0}, "facebook": {"likes": 0, "shares": 0, "comments": 0}, "stumbledupon": {"shares": 0}}, "site_full": "www.anibis.ch", "main_image": "https://can01.anibis.ch/Skis-de-fond-Skis-de-fond-+-Chaussures-+-Batons-+-Housse-+-Lot/?1024x728/3/90/anibis/209/787/016/4bMrHmU77UWdl5zckrdLyg_1.jpg", "site_section": "http://anibis.ch//fr/sport-loisirs--30/rssexport.aspx", "section_title": "Petites annonces Sport - Loisirs", "url": "http://www.anibis.ch/fr/sport-loisirs--30/skis-de-fond-chaussures-batons-housse-lot--16787209.aspx", "country": "CH", "domain_rank": 8918, "title": "Skis de fond + Chaussures + Batons + Housse + Lot", "performance_score": 0, "site": "anibis.ch", "participants_count": 0, "title_full": "Skis de fond + Chaussures + Batons + Housse + Lot", "spam_score": 0.0, "site_type": "news", "published": "2016-10-04T03:55:00.000+03:00", "replies_count": 0, "uuid": "5fa8aeab8e4d3f5d42804ed94098bc64227f9b72"}, "author": "", "url": "http://www.anibis.ch/fr/sport-loisirs--30/skis-de-fond-chaussures-batons-housse-lot--16787209.aspx", "ord_in_thread": 0, "title": "Skis de fond + Chaussures + Batons + Housse + Lot", "locations": [], "entities": {"persons": [], "locations": [], "organizations": []}, "highlightText": "", "language": "french", "persons": [], "text": "Skis de fond + Chaussures + Batons + Housse + Lot Type d'insertion: \nSki de fond skating : chaussures + batons + ski + housse \n187cm Table de nuit (quasiment totalement monté) Etui Macbook 12 Payer simplement et en toute sécurité? Envoyer et recevoir de l'argent avec Cet utilisateur a confirmé son compte avec un numéro de mobile valable. cedric34370 Membre depuis le 21.02.2016 Êtes-vous intéressé par cette offre? Ecrivez un message à l’annonceur. Mon nom : Transmettre l'annonce par e-mail Vous connaissez quelqu'un qui pourrait s'intéresser à cette annonce ? Envoyez lui un e-mail grâce à ce formulaire. Expéditeur : Veuillez nous indiquer en quelques mots pourquoi cette annonce est une arnaque. e-mail* : Indiquez-nous d'autres annonces concernées (optionel): Multipostage (spam) A votre avis, pourquoi s'agit-il d'une fraude? Fraude Pouvez-vous nous indiquer l'article de loi? Illégal Merci d'indiquer le chapitre de notre CG? Interdit sur anibis.ch Pouvez-vous nous donner une preuve de ces insultes (copie d'email) Insulte Merci de nous donner le site original Contrefaçon Pouvez-vous nous donner l'URL du texte ou l'image original? Copyright Veuillez préciser la raison de votre signalement : Autre raison", "external_links": [], "published": "2016-10-04T03:55:00.000+03:00", "crawled": "2016-10-03T23:17:39.669+03:00", "highlightTitle": ""}