{"organizations": [], "uuid": "cfa46baa081a35b5ea89bf3ac00842cbe6e39abc", "thread": {"social": {"gplus": {"shares": 0}, "pinterest": {"shares": 0}, "vk": {"shares": 0}, "linkedin": {"shares": 0}, "facebook": {"likes": 0, "shares": 0, "comments": 0}, "stumbledupon": {"shares": 0}}, "site_full": "www.melty.fr", "main_image": "http://media.melty.fr/article-3341692-fb-f6562125/game-of-thrones-saison-7-trailer-bande-annonce.jpg", "site_section": "http://www.melty.fr/actu.rss", "section_title": "melty | News, tendances & youth culture", "url": "http://www.melty.fr/game-of-thrones-saison-7-le-tournage-accueille-une-nouvelle-actrice-a562374.html", "country": "FR", "domain_rank": 7007, "title": "Game of Thrones saison 7 : Le tournage accueille une nouvelle actrice !", "performance_score": 0, "site": "melty.fr", "participants_count": 0, "title_full": "Game of Thrones saison 7 : Le tournage accueille une nouvelle actrice !", "spam_score": 0.0, "site_type": "news", "published": "2016-10-04T00:47:00.000+03:00", "replies_count": 0, "uuid": "cfa46baa081a35b5ea89bf3ac00842cbe6e39abc"}, "author": "", "url": "http://www.melty.fr/game-of-thrones-saison-7-le-tournage-accueille-une-nouvelle-actrice-a562374.html", "ord_in_thread": 0, "title": "Game of Thrones saison 7 : Le tournage accueille une nouvelle actrice !", "locations": [], "entities": {"persons": [], "locations": [], "organizations": []}, "highlightText": "", "language": "french", "persons": [], "text": "Game of Thrones saison 7 : Le tournage accueille une nouvelle actrice ! Publié il y a 35 minutes   18:47:32 Ecrit par Yannick M. 2 Le tournage de la saison 7 de Game of Thrones se poursuit et accueille une nouvelle actrice ! Ce n'est pas une doublure ! Nous le savons, le tournage de la saison 7 de Game of Thrones est en cours, comme le confirme des clichés de Kit Harington (Jon Snow) et Gwendoline Christie (Brienne). Depuis, quelques jours, une jeune femme déambule sur le tournage, nous avons notamment pu la voir parlant avec Harrington, et nombreux sont les petits espions à avoir pensé qu'il s'agissait de la doublure de Sophie Turner, alias Sansa. Il faut dire qu'avec ses cheveux roux, sa peau clair et ses costumes dans le pur style nordique, elle aurait été parfaitement crédible en tant que telle. Néanmoins, il s'avère que cette jeune femme est une actrice du nom de Megan Parkinson , que les téléspectateurs anglais ont pu voir dans le soap Holby City . D'ici la fin de l'année, elle s'illustrera également dans 2 téléfilms, mais maintenant il nous reste à tenter de comprendre qui elle sera dans les nouveaux épisodes de Game of Thrones ! Une photo publiée par Game of Thrones (@gotstassi543) le 1 Oct. 2016 à 2h13 PDT Unnamed kid on the set of #GameofThrones Season 7. Who is he? Mystery... (Via The Daily Mail: https://t.co/kINTdRsx3H ) pic.twitter.com/M0HoPO8oBy — Winter is Coming (@WiCnet) 27 septembre 2016 Nous pouvons dire qu'elle devrait être une guerrière du nord, assez badass, puisque sur l'un des clichés, nous pouvons repérer le pommeau d'une épée surgissant hors de sa ceinture. Il y a quelques temps, une annonce avait été passée pour trouver une jeune fille blanche de 16 ans, avec un accent du Nord, pour faire partie d'une scène avec d'importants enjeux, en compagnie des principaux membres du casting. Comme Megan Parkinson était sur le tournage avec Harington, Christie et Cunningham, ça pourrait coïncider. Notons que le casting recherchait également un garçon nordique de 10 ans pour apparaître dans la même scène et justement le tournage en a accueilli un. Certaines théories pensent déjà qu'elle sera une version plus âgée de Wylla, la fille de Wyman Manderly, qui a prononcé un discours enthousiaste sur la loyauté dans le livre \"A Dance with Dragons\" , ou une version d'Alys Karstark, mais ce peut toujours être quelqu'un d'entièrement nouveau. En attendant d'en savoir plus, nous espérons toujours que Daniel Radcliffe (Harry Potter) sera présent dans la saison 7 de Game of Thrones ! Que pensez-vous de ce casting ? Source : winteriscoming - Crédit : alonday.deviantart.com, Editingroom5, / Partager sur Facebook Game of Thrones saison 7 Discuter", "external_links": [], "published": "2016-10-04T00:47:00.000+03:00", "crawled": "2016-10-03T20:33:54.721+03:00", "highlightTitle": ""}