{"organizations": [], "uuid": "85fe246b57f86feef04b20f42d7c469d57b94d9c", "thread": {"social": {"gplus": {"shares": 0}, "pinterest": {"shares": 0}, "vk": {"shares": 0}, "linkedin": {"shares": 0}, "facebook": {"likes": 0, "shares": 0, "comments": 0}, "stumbledupon": {"shares": 0}}, "site_full": "www.anibis.ch", "main_image": "https://can01.anibis.ch/Autres-jouets---bricolage-Maison-Lego-Creator/?1024x728/3/90/anibis/182/781/016/heq0bU-yMEujdtl6HZsvzQ_1_270.jpg", "site_section": "http://anibis.ch//fr/jeux-bricolage--18/rssexport.aspx", "section_title": "Petites annonces Jeux - Bricolage", "url": "http://www.anibis.ch/fr/jeux-bricolage--18/maison-lego-creator--16781182.aspx", "country": "CH", "domain_rank": 8918, "title": "Maison Lego Creator", "performance_score": 0, "site": "anibis.ch", "participants_count": 0, "title_full": "Maison Lego Creator", "spam_score": 0.0, "site_type": "news", "published": "2016-10-03T16:32:00.000+03:00", "replies_count": 0, "uuid": "85fe246b57f86feef04b20f42d7c469d57b94d9c"}, "author": "", "url": "http://www.anibis.ch/fr/jeux-bricolage--18/maison-lego-creator--16781182.aspx", "ord_in_thread": 0, "title": "Maison Lego Creator", "locations": [], "entities": {"persons": [], "locations": [], "organizations": []}, "highlightText": "", "language": "french", "persons": [], "text": "Pouvez-vous nous indiquer l'article de loi? Illégal Merci d'indiquer le chapitre de notre CG? Interdit sur anibis.ch Pouvez-vous nous donner une preuve de ces insultes (copie d'email) Insulte Merci de nous donner le site original Contrefaçon Pouvez-vous nous donner l'URL du texte ou l'image original? Copyright Veuillez préciser la raison de votre signalement : Autre raison", "external_links": [], "published": "2016-10-03T16:32:00.000+03:00", "crawled": "2016-10-03T11:36:59.699+03:00", "highlightTitle": ""}