{"organizations": [], "uuid": "208a860865d8fd6caa53025b893d9973ca8bd4ca", "thread": {"social": {"gplus": {"shares": 0}, "pinterest": {"shares": 0}, "vk": {"shares": 0}, "linkedin": {"shares": 0}, "facebook": {"likes": 0, "shares": 0, "comments": 0}, "stumbledupon": {"shares": 0}}, "site_full": "www.anibis.ch", "main_image": "https://can01.anibis.ch/Vaud-Studio-a-louer-a-vevey/?1024x728/3/90/anibis/581/782/016/srFzWQPhT0SqadUalECEhA_1.jpg", "site_section": "http://anibis.ch//fr/immobilier--16/rssexport.aspx", "section_title": "Petites annonces Immobilier", "url": "http://www.anibis.ch/fr/immobilier--16/studio-a-louer-a-vevey--16782581.aspx", "country": "CH", "domain_rank": 8918, "title": "Studio a louer a vevey", "performance_score": 0, "site": "anibis.ch", "participants_count": 0, "title_full": "Studio a louer a vevey", "spam_score": 0.0, "site_type": "news", "published": "2016-10-03T19:10:00.000+03:00", "replies_count": 0, "uuid": "208a860865d8fd6caa53025b893d9973ca8bd4ca"}, "author": "", "url": "http://www.anibis.ch/fr/immobilier--16/studio-a-louer-a-vevey--16782581.aspx", "ord_in_thread": 0, "title": "Studio a louer a vevey", "locations": [], "entities": {"persons": [], "locations": [], "organizations": []}, "highlightText": "", "language": "french", "persons": [], "text": "Studio a louer a vevey Type d'insertion: sur demande Description: \nImmeuble situe au centre ville à deux pas de toutes commodités (migros,denner, manor, gare cff, arret bus, poste....). \nEntiérement rénove 1 piece au 5etage, comprenant hall, chambre, cuisine agence, salle bain-wc, grand balcon. Utile en cas de déménagement MOVU – Les meilleurs alliés pour les déménagements et les nettoyages. En savoir plus Fraude ?", "external_links": [], "published": "2016-10-03T19:10:00.000+03:00", "crawled": "2016-10-03T14:48:15.506+03:00", "highlightTitle": ""}