{"organizations": [], "uuid": "55f722652f77b02deeffe7c3690991bb45240426", "thread": {"social": {"gplus": {"shares": 0}, "pinterest": {"shares": 0}, "vk": {"shares": 0}, "linkedin": {"shares": 0}, "facebook": {"likes": 0, "shares": 0, "comments": 0}, "stumbledupon": {"shares": 0}}, "site_full": "www.anibis.ch", "main_image": "https://can01.anibis.ch/Autres-Berceau-rouge-pour-poupee-en-bois-des-annees-70-ou/?1024x728/3/90/anibis/779/751/016/aZdVfqY9Lk6usSKeeWjG8Q_1.jpg", "site_section": "http://anibis.ch//fr/art-,-antiquit%c3%a9s--3/rssexport.aspx", "section_title": "Petites annonces Art & Antiquités", "url": "http://www.anibis.ch/fr/art-~-antiquit%c3%a9s--3/berceau-rouge-pour-poup%c3%a9e-en-bois-des-ann%c3%a9es-70-ou-80--16751779.aspx", "country": "CH", "domain_rank": 8918, "title": "Berceau rouge pour poupée en bois des années 70 ou 80", "performance_score": 0, "site": "anibis.ch", "participants_count": 0, "title_full": "Berceau rouge pour poupée en bois des années 70 ou 80", "spam_score": 0.0, "site_type": "news", "published": "2016-10-01T04:14:00.000+03:00", "replies_count": 0, "uuid": "55f722652f77b02deeffe7c3690991bb45240426"}, "author": "", "url": "http://www.anibis.ch/fr/art-~-antiquit%c3%a9s--3/berceau-rouge-pour-poup%c3%a9e-en-bois-des-ann%c3%a9es-70-ou-80--16751779.aspx", "ord_in_thread": 0, "title": "Berceau rouge pour poupée en bois des années 70 ou 80", "locations": [], "entities": {"persons": [], "locations": [], "organizations": []}, "highlightText": "", "language": "french", "persons": [], "text": "Berceau rouge pour poupée en bois des années 70 ou 80 Type d'insertion: Payer simplement et en toute sécurité? Envoyer et recevoir de l'argent avec Cet utilisateur a confirmé son compte avec un numéro de mobile valable. chouchanelle Membre depuis le 07.06.2012 Êtes-vous intéressé par cette offre? Ecrivez un message à l’annonceur. Mon nom : Transmettre l'annonce par e-mail Vous connaissez quelqu'un qui pourrait s'intéresser à cette annonce ? Envoyez lui un e-mail grâce à ce formulaire. Expéditeur : Veuillez nous indiquer en quelques mots pourquoi cette annonce est une arnaque. e-mail* : Indiquez-nous d'autres annonces concernées (optionel): Multipostage (spam) A votre avis, pourquoi s'agit-il d'une fraude? Fraude Pouvez-vous nous indiquer l'article de loi? Illégal Merci d'indiquer le chapitre de notre CG? Interdit sur anibis.ch Pouvez-vous nous donner une preuve de ces insultes (copie d'email) Insulte Merci de nous donner le site original Contrefaçon Pouvez-vous nous donner l'URL du texte ou l'image original? Copyright Veuillez préciser la raison de votre signalement : Autre raison Envoyer \nLes annonces suivantes pourront peut-être aussi vous intéresser", "external_links": [], "published": "2016-10-01T04:14:00.000+03:00", "crawled": "2016-10-01T00:28:53.996+03:00", "highlightTitle": ""}