{"organizations": [], "uuid": "e4858ab716133c455b802a2dc85b03a15556ec6d", "thread": {"social": {"gplus": {"shares": 0}, "pinterest": {"shares": 0}, "vk": {"shares": 0}, "linkedin": {"shares": 0}, "facebook": {"likes": 0, "shares": 0, "comments": 0}, "stumbledupon": {"shares": 0}}, "site_full": "votreargent.lexpress.fr", "main_image": "", "site_section": "http://votreargent.lexpress.fr/", "section_title": "Gérer votre argent : gestion de patrimoine, meilleurs placements, impôts - L'Express Votre Argent", "url": "http://votreargent.lexpress.fr/indices/france-signes-de-stabilisation-dans-l-industrie-markit_1836802.html", "country": "FR", "domain_rank": 3353, "title": "France: signes de stabilisation dans l'industrie (Markit).", "performance_score": 0, "site": "lexpress.fr", "participants_count": 1, "title_full": "France: signes de stabilisation dans l'industrie (Markit). - L'Express Votre Argent", "spam_score": 0.0, "site_type": "news", "published": "2016-10-03T11:01:00.000+03:00", "replies_count": 0, "uuid": "e4858ab716133c455b802a2dc85b03a15556ec6d"}, "author": "lexpress.fr", "url": "http://votreargent.lexpress.fr/indices/france-signes-de-stabilisation-dans-l-industrie-markit_1836802.html", "ord_in_thread": 0, "title": "France: signes de stabilisation dans l'industrie (Markit).", "locations": [], "entities": {"persons": [], "locations": [], "organizations": []}, "highlightText": "", "language": "french", "persons": [], "text": "La conjoncture dans le secteur manufacturier français a montré des signes de stabilisation en septembre, à en croire la dernière enquête Markit sur l'industrie dans l'Hexagone... La conjoncture dans le secteur manufacturier français a montré des signes de stabilisation en septembre, à en croire la dernière enquête Markit sur l'industrie dans l'Hexagone.\nL'indice PMI des directeurs d'achat compilé par le bureau de recherche économique s'est en effet approché de la barre symbolique des 50 points le mois dernier en ressortant à 49,7 contre 48,3 en août.\nIl s'agit d'un plus haut de sept mois.\n'Toutefois, les entreprises semblent anticiper le maintien d'une conjoncture défavorable, comme en témoigne la nouvelle baisse soutenue des effectifs et des stocks enregistrée au cours du mois', tempère Jack Kennedy, l'économiste d'IHS Markit en charge du rapport.\nPour mémoire, la barre des 50 marque la frontière entre contraction et expansion de l'activité.\nCopyright (c) 2016 CercleFinance.com. Tous droits réservés.\n+ Plus d'actualité :\nTaux négatifs : quelles conséquences pour votre épargne ? Retraites, allocations logement, gaz... Ce qui change au 1er octobre Caution locative : ce que doivent savoir les propriétaires bailleurs sur Visale Un gain de 12% sur Casino en 3 mois avec un bonus cappé", "external_links": [], "published": "2016-10-03T11:01:00.000+03:00", "crawled": "2016-10-03T16:14:40.431+03:00", "highlightTitle": ""}