{"organizations": [], "uuid": "8386cac6bccdc38eec376755b3185f432bf030ab", "thread": {"social": {"gplus": {"shares": 0}, "pinterest": {"shares": 0}, "vk": {"shares": 0}, "linkedin": {"shares": 0}, "facebook": {"likes": 0, "shares": 0, "comments": 0}, "stumbledupon": {"shares": 0}}, "site_full": "www.7sur7.be", "main_image": "http://static2.7sur7.be/static/photo/2016/10/1/4/20161003071603/media_xll_9123544.jpg", "site_section": "http://www.7s7.be/rss.xml", "section_title": "7SUR7.be Info, sport et showbiz, 24/24, 7/7, plus de 350 mises à jour quotidiennes", "url": "http://www.7sur7.be/7s7/fr/1502/Belgique/article/detail/2893923/2016/10/03/Un-debut-de-semaine-sous-le-signe-des-nuages.dhtml", "country": "BE", "domain_rank": 8663, "title": "Un début de semaine sous le signe des nuages", "performance_score": 0, "site": "7sur7.be", "participants_count": 1, "title_full": "Un début de semaine sous le signe des nuages", "spam_score": 0.0, "site_type": "news", "published": "2016-10-03T13:25:00.000+03:00", "replies_count": 0, "uuid": "8386cac6bccdc38eec376755b3185f432bf030ab"}, "author": "rédaction", "url": "http://www.7sur7.be/7s7/fr/1502/Belgique/article/detail/2893923/2016/10/03/Un-debut-de-semaine-sous-le-signe-des-nuages.dhtml", "ord_in_thread": 0, "title": "Un début de semaine sous le signe des nuages", "locations": [], "entities": {"persons": [], "locations": [], "organizations": []}, "highlightText": "", "language": "french", "persons": [], "text": "3/10/16 - 07h25 Source: Belga (illustration) © photo news. Lundi, le temps sera variable avec des averses en provenance du nord du pays, selon les prévisions de l'IRM. Des éclaircies seront possibles dans l'après-midi. Les maxima atteindront 17 à 18 degrés. \nLe vent d'abord modéré d'ouest à nord-ouest deviendra faible l'après-midi en s'orientant au secteur nord. A l'aube, le vent de nord-ouest sera encore assez fort à la mer. Lundi soir et la nuit suivante, il fera sec avec de larges éclaircies mais brumes, brouillards et nuages bas pourront se former en cours de nuit. Le mercure descendra jusque 5 à 9 degrés avec un vent faible de nord à nord-est tournant à l'est.Mardi, il fera d'abord brumeux ou nuageux. Le temps deviendra ensuite assez ensoleillé en cours d'après-midi avec des maxima d'environ 12 degrés sur les hauteurs de l'Ardenne à 17 degrés, voire 19 degrés, dans l'ouest du pays selon l'ensoleillement. Le vent sera modéré de secteur est. Votre impression sur cet article?", "external_links": [], "published": "2016-10-03T13:25:00.000+03:00", "crawled": "2016-10-03T10:06:13.141+03:00", "highlightTitle": ""}