{"organizations": [], "uuid": "e77fcbb2df0fe85d95b7df603618627fe1d24eb9", "thread": {"social": {"gplus": {"shares": 0}, "pinterest": {"shares": 0}, "vk": {"shares": 0}, "linkedin": {"shares": 1}, "facebook": {"likes": 12, "shares": 12, "comments": 0}, "stumbledupon": {"shares": 0}}, "site_full": "quebec.huffingtonpost.ca", "main_image": "http://i.huffpost.com/gen/4738458/images/o-WALK-facebook.jpg", "site_section": "http://www.huffingtonpost.com/feeds/verticals/canada-quebec/index.xml", "section_title": "Canada Quebec - Le Huffington Post", "url": "http://quebec.huffingtonpost.ca/2016/10/02/pietons-quebec-camapgne-culture-pietonne_n_12297560.html", "country": "US", "domain_rank": 4258, "title": "Campagne nationale pour promouvoir la culture piétonne", "performance_score": 0, "site": "huffingtonpost.ca", "participants_count": 1, "title_full": "Campagne nationale pour promouvoir la culture piétonne", "spam_score": 0.0, "site_type": "news", "published": "2016-10-02T23:51:00.000+03:00", "replies_count": 0, "uuid": "e77fcbb2df0fe85d95b7df603618627fe1d24eb9"}, "author": "Francis Pilon", "url": "http://quebec.huffingtonpost.ca/2016/10/02/pietons-quebec-camapgne-culture-pietonne_n_12297560.html", "ord_in_thread": 0, "title": "Campagne nationale pour promouvoir la culture piétonne", "locations": [], "entities": {"persons": [], "locations": [], "organizations": []}, "highlightText": "", "language": "french", "persons": [], "text": "Campagne nationale pour promouvoir la culture piétonne PC | Par La Presse canadienne Publication:   \nPiétons Québec lancera lundi la campagne nationale \"Tous piétons! À la recherche des pas perdus\" pour promouvoir la culture piétonne. \nDe nombreuses marches, des conférences et d'autres activités seront organisées, notamment à Gatineau, Montréal, Québec et Trois-Rivières, durant tout le mois d'octobre. \nPiétons Québec estime que 50 pour cent des déplacements de moins d'un kilomètre se font en voiture dans les grandes villes du Québec. \nSelon l'organisme, si ces déplacements se faisaient plutôt à la marche, la santé publique, l'environnement et l'économie s'en trouveraient grandement améliorés. \nSuivez-nous sur Twitter Plus:", "external_links": [], "published": "2016-10-02T23:51:00.000+03:00", "crawled": "2016-10-02T20:29:51.172+03:00", "highlightTitle": ""}