{"organizations": [], "uuid": "71954c753f69ad30c29bef5d1b7d8c4f4d92c240", "thread": {"social": {"gplus": {"shares": 0}, "pinterest": {"shares": 0}, "vk": {"shares": 0}, "linkedin": {"shares": 0}, "facebook": {"likes": 0, "shares": 0, "comments": 0}, "stumbledupon": {"shares": 0}}, "site_full": "www.anibis.ch", "main_image": "https://can01.anibis.ch/Sacs-Petit-Sac-photo/?1024x728/3/90/anibis/788/758/016/HvBrH1loDUOHjGP1BDDc0g_1.jpg", "site_section": "http://anibis.ch//fr/photographie--26/rssexport.aspx", "section_title": "Petites annonces Photographie", "url": "http://www.anibis.ch/fr/photographie--26/petit-sac-photo--16758788.aspx", "country": "CH", "domain_rank": 8918, "title": "Petit Sac photo", "performance_score": 0, "site": "anibis.ch", "participants_count": 0, "title_full": "Petit Sac photo", "spam_score": 0.0, "site_type": "news", "published": "2016-10-01T16:51:00.000+03:00", "replies_count": 0, "uuid": "71954c753f69ad30c29bef5d1b7d8c4f4d92c240"}, "author": "", "url": "http://www.anibis.ch/fr/photographie--26/petit-sac-photo--16758788.aspx", "ord_in_thread": 0, "title": "Petit Sac photo", "locations": [], "entities": {"persons": [], "locations": [], "organizations": []}, "highlightText": "", "language": "french", "persons": [], "text": " ", "external_links": [], "published": "2016-10-01T16:51:00.000+03:00", "crawled": "2016-10-01T12:35:00.607+03:00", "highlightTitle": ""}