{"organizations": [], "uuid": "8d33055116302204fb15a8ee72aba75be08dce67", "thread": {"social": {"gplus": {"shares": 0}, "pinterest": {"shares": 0}, "vk": {"shares": 0}, "linkedin": {"shares": 0}, "facebook": {"likes": 0, "shares": 0, "comments": 0}, "stumbledupon": {"shares": 0}}, "site_full": "www.anibis.ch", "main_image": "https://can01.anibis.ch/Demenagements,-transports-Devis-gratuit.-demenagements-et-transports-7-7/?1024x728/3/90/anibis/173/760/016/8J3veG4mPU2vBBvwhCTw3w_1.jpg", "site_section": "http://anibis.ch//fr/prestations-de-services--3137/rssexport.aspx", "section_title": "Petites annonces Prestations de services", "url": "http://www.anibis.ch/fr/prestations-de-services--3137/devis-gratuit-d%c3%a9m%c3%a9nagements-et-transports-7-7--16760173.aspx", "country": "CH", "domain_rank": 8918, "title": "Devis gratuit. déménagements et transports 7/7", "performance_score": 0, "site": "anibis.ch", "participants_count": 0, "title_full": "Devis gratuit. déménagements et transports 7/7", "spam_score": 0.0, "site_type": "news", "published": "2016-10-01T19:55:00.000+03:00", "replies_count": 0, "uuid": "8d33055116302204fb15a8ee72aba75be08dce67"}, "author": "", "url": "http://www.anibis.ch/fr/prestations-de-services--3137/devis-gratuit-d%c3%a9m%c3%a9nagements-et-transports-7-7--16760173.aspx", "ord_in_thread": 0, "title": "Devis gratuit. déménagements et transports 7/7", "locations": [], "entities": {"persons": [], "locations": [], "organizations": []}, "highlightText": "", "language": "french", "persons": [], "text": "Devis gratuit. déménagements et transports 7/7  ", "external_links": [], "published": "2016-10-01T19:55:00.000+03:00", "crawled": "2016-10-01T15:03:57.558+03:00", "highlightTitle": ""}