{"organizations": [], "uuid": "13dbeb315a4c29da85e63bed548cc7f4d824fa85", "thread": {"social": {"gplus": {"shares": 0}, "pinterest": {"shares": 0}, "vk": {"shares": 0}, "linkedin": {"shares": 0}, "facebook": {"likes": 683, "shares": 683, "comments": 0}, "stumbledupon": {"shares": 0}}, "site_full": "www.leparisien.fr", "main_image": "http://s1.lprs1.fr/images/2016/10/02/6169381_balotelli.jpg", "site_section": "http://www.leparisien.fr/actualites-a-la-une.rss.xml#xtor=RSS-1481423633", "section_title": "Le Parisien  - Toute l'actualité", "url": "http://www.leparisien.fr/sports/football/ligue-1-balotelli-a-fait-le-spectacle-02-10-2016-6169381.php", "country": "FR", "domain_rank": 2525, "title": "Ligue 1 : Balotelli a fait le spectacle", "performance_score": 6, "site": "leparisien.fr", "participants_count": 0, "title_full": "Ligue 1 : Balotelli a fait le spectacle", "spam_score": 0.0, "site_type": "news", "published": "2016-10-03T01:12:00.000+03:00", "replies_count": 0, "uuid": "13dbeb315a4c29da85e63bed548cc7f4d824fa85"}, "author": "", "url": "http://www.leparisien.fr/sports/football/ligue-1-balotelli-a-fait-le-spectacle-02-10-2016-6169381.php", "ord_in_thread": 0, "title": "Ligue 1 : Balotelli a fait le spectacle", "locations": [], "entities": {"persons": [], "locations": [], "organizations": []}, "highlightText": "", "language": "french", "persons": [], "text": "Ligue 1 : Balotelli a fait le spectacle > Sports > Football | A.M. | 02 octobre 2016, 19h17 | \nALLIANZ RIVIERA, le 2 octobre. Mario Balotelli a délivré les Aiglons d'une superbe frappe enroulée avant d'être expulsé quelques minutes plus tard. (AFP/VALERY HACHE) Football \nM ario Balotelli a vécu une après-midi contrastée. Ce dimanche face à Lorient (2-1), il a longtemps paru déconnecté du match, en manque de rythme et maladroit (50e, 66e). Mais il lui a suffi d'un crochet pour éliminer deux adversaires avant de trouver la lucarne opposée de Benjamin Lecomte d'une frappe enroulée (86e). \n\nPour célébrer son superbe but, il a enlevé son maillot puis l'a fait tourner avant d'enlacer ses partenaires. Un geste lourd de conséquences puisque quelques minutes plus tard, il a récolté un deuxième avertissement après un léger tête à tête avec Moreira. Malgré tout, son but offre la victoire à Nice et le fauteuil de leader, occupé depuis samedi soir par Monaco. \nNice a bien réagi après la claque face à Krasnodar \n\nAprès un début de saison catastrophique (4 défaites lors des 4 premières journées), Lorient pouvait confirmer son rebond (deux victoires lors des trois dernières journées). Globalement, les Merlus ont fait preuve de plus de maîtrise que leur adversaire, surtout en deuxième période. Après l'égalisation logique de Benjamin Moukandjo (62e), le tir de Mohamed Mara, dévié par Malang Sarr, a d'ailleurs terminé sur la transversale de Yoan Cardinale (73e). \n\n« On est tombé contre une belle équipe, ce n'était pas personne en face, a réagi Wylan Cyprien. Lorient avait besoin de points. On a serré les dents, laissé passer la tempête et puis on gagne grâce à l'exploit de Mario. C'est une victoire très importante sur le plan comptable et dans les têtes. On avait pris une claque jeudi en Ligue Europa, on avait à coeur de réagir. »", "external_links": [], "published": "2016-10-03T01:12:00.000+03:00", "crawled": "2016-10-02T20:23:12.609+03:00", "highlightTitle": ""}