{"organizations": [], "uuid": "fd16a7f5e5c85125a3fb8b9e5e798ff077228144", "thread": {"social": {"gplus": {"shares": 0}, "pinterest": {"shares": 0}, "vk": {"shares": 0}, "linkedin": {"shares": 0}, "facebook": {"likes": 0, "shares": 0, "comments": 0}, "stumbledupon": {"shares": 0}}, "site_full": "www.anibis.ch", "main_image": "https://can01.anibis.ch/Autres-Leica-M240---black/?1024x728/3/90/anibis/220/761/016/udAjNPHMpESt7O66LKxV-Q_1.jpg", "site_section": "http://anibis.ch//fr/photographie--26/rssexport.aspx", "section_title": "Petites annonces Photographie", "url": "http://www.anibis.ch/fr/photographie--26/leica-m240-black--16761220.aspx", "country": "CH", "domain_rank": 8918, "title": "Leica M240 - black", "performance_score": 0, "site": "anibis.ch", "participants_count": 0, "title_full": "Leica M240 - black", "spam_score": 0.0, "site_type": "news", "published": "2016-10-01T22:31:00.000+03:00", "replies_count": 0, "uuid": "fd16a7f5e5c85125a3fb8b9e5e798ff077228144"}, "author": "", "url": "http://www.anibis.ch/fr/photographie--26/leica-m240-black--16761220.aspx", "ord_in_thread": 0, "title": "Leica M240 - black", "locations": [], "entities": {"persons": [], "locations": [], "organizations": []}, "highlightText": "", "language": "french", "persons": [], "text": "Pouvez-vous nous indiquer l'article de loi? Illégal Merci d'indiquer le chapitre de notre CG? Interdit sur anibis.ch Pouvez-vous nous donner une preuve de ces insultes (copie d'email) Insulte Merci de nous donner le site original Contrefaçon Pouvez-vous nous donner l'URL du texte ou l'image original? Copyright Veuillez préciser la raison de votre signalement : Autre raison", "external_links": [], "published": "2016-10-01T22:31:00.000+03:00", "crawled": "2016-10-01T21:03:03.952+03:00", "highlightTitle": ""}