{"organizations": [], "uuid": "2e5be5c81913d0293f943b77ea6d508274fb03c3", "thread": {"social": {"gplus": {"shares": 0}, "pinterest": {"shares": 0}, "vk": {"shares": 0}, "linkedin": {"shares": 0}, "facebook": {"likes": 0, "shares": 0, "comments": 0}, "stumbledupon": {"shares": 0}}, "site_full": "www.anibis.ch", "main_image": "https://can01.anibis.ch/Autres-Caisse-a-vendange/?1024x728/3/90/anibis/189/780/016/3aBTNsY1LECf6EB59y9yzQ_1.jpg", "site_section": "http://anibis.ch//fr/vins-gastronomie--35/rssexport.aspx", "section_title": "Petites annonces Vins - Gastronomie", "url": "http://www.anibis.ch/fr/vins-gastronomie--35/caisse-a-vendange--16780189.aspx", "country": "CH", "domain_rank": 8918, "title": "Caisse a vendange", "performance_score": 0, "site": "anibis.ch", "participants_count": 0, "title_full": "Caisse a vendange", "spam_score": 0.0, "site_type": "news", "published": "2016-10-03T14:39:00.000+03:00", "replies_count": 0, "uuid": "2e5be5c81913d0293f943b77ea6d508274fb03c3"}, "author": "", "url": "http://www.anibis.ch/fr/vins-gastronomie--35/caisse-a-vendange--16780189.aspx", "ord_in_thread": 0, "title": "Caisse a vendange", "locations": [], "entities": {"persons": [], "locations": [], "organizations": []}, "highlightText": "", "language": "french", "persons": [], "text": "Pouvez-vous nous indiquer l'article de loi? Illégal Merci d'indiquer le chapitre de notre CG? Interdit sur anibis.ch Pouvez-vous nous donner une preuve de ces insultes (copie d'email) Insulte Merci de nous donner le site original Contrefaçon Pouvez-vous nous donner l'URL du texte ou l'image original? Copyright Veuillez préciser la raison de votre signalement : Autre raison", "external_links": [], "published": "2016-10-03T14:39:00.000+03:00", "crawled": "2016-10-03T20:46:23.554+03:00", "highlightTitle": ""}