{"organizations": [], "uuid": "89bfe0f60e08b2d867df4ccb3a1d2d102f4686e0", "thread": {"social": {"gplus": {"shares": 0}, "pinterest": {"shares": 0}, "vk": {"shares": 0}, "linkedin": {"shares": 0}, "facebook": {"likes": 0, "shares": 0, "comments": 0}, "stumbledupon": {"shares": 0}}, "site_full": "www.anibis.ch", "main_image": "https://can01.anibis.ch/Demenagements,-transports-Demenagements-transport-debarras-7-7/?1024x728/3/90/anibis/436/751/016/PXyWpeuTOUCOKHkWrghkMA_1.jpg", "site_section": "http://anibis.ch//fr/prestations-de-services--3137/rssexport.aspx", "section_title": "Petites annonces Prestations de services", "url": "http://www.anibis.ch/fr/prestations-de-services--3137/d%c3%a9m%c3%a9nagements-transport-d%c3%a9barras-7-7--16751436.aspx", "country": "CH", "domain_rank": 8918, "title": "Déménagements transport débarras 7/7", "performance_score": 0, "site": "anibis.ch", "participants_count": 0, "title_full": "Déménagements transport débarras 7/7", "spam_score": 0.0, "site_type": "news", "published": "2016-10-01T03:13:00.000+03:00", "replies_count": 0, "uuid": "89bfe0f60e08b2d867df4ccb3a1d2d102f4686e0"}, "author": "", "url": "http://www.anibis.ch/fr/prestations-de-services--3137/d%c3%a9m%c3%a9nagements-transport-d%c3%a9barras-7-7--16751436.aspx", "ord_in_thread": 0, "title": "Déménagements transport débarras 7/7", "locations": [], "entities": {"persons": [], "locations": [], "organizations": []}, "highlightText": "", "language": "french", "persons": [], "text": " ", "external_links": [], "published": "2016-10-01T03:13:00.000+03:00", "crawled": "2016-10-01T00:15:30.647+03:00", "highlightTitle": ""}