{"organizations": [], "uuid": "673cabe4a61090e6345a03e5aeaf8f076ed78c48", "thread": {"social": {"gplus": {"shares": 0}, "pinterest": {"shares": 0}, "vk": {"shares": 0}, "linkedin": {"shares": 0}, "facebook": {"likes": 0, "shares": 0, "comments": 0}, "stumbledupon": {"shares": 0}}, "site_full": "www.beinsports.com", "main_image": "https://images.beinsports.com/r02qXURuYJuWu8OvlhorJyYWu54=/670x424/smart/650649-Nikola-Karabatic-PSG.jpg", "site_section": "http://www.beinsports.com/france/rss.xml", "section_title": "beIN SPORTS News", "url": "http://www.beinsports.com/france/lnh-division-1/news/psg-karabatic-de-retour-dans-3-semaines/346770", "country": "US", "domain_rank": 7896, "title": "PSG: Karabatic de retour dans 3 semaines", "performance_score": 0, "site": "beinsports.com", "participants_count": 0, "title_full": "PSG: Karabatic de retour dans 3 semaines", "spam_score": 0.0, "site_type": "news", "published": "2016-10-04T00:01:00.000+03:00", "replies_count": 0, "uuid": "673cabe4a61090e6345a03e5aeaf8f076ed78c48"}, "author": "", "url": "http://www.beinsports.com/france/lnh-division-1/news/psg-karabatic-de-retour-dans-3-semaines/346770", "ord_in_thread": 0, "title": "PSG: Karabatic de retour dans 3 semaines", "locations": [], "entities": {"persons": [], "locations": [], "organizations": []}, "highlightText": "", "language": "french", "persons": [], "text": "PSG: Karabatic de retour dans 3 semaines October 3, 2016 18:01 \nPlus de peur que de mal pour Nikola Karabatic. Sorti sur blessure, dimanche, lors de la victoire du PSG contre Plock (33-30) en Ligue des champions, l'international français souffre simplement d'une lésion musculaire. Il sera donc éloigné des terrains \" entre deux et trois semaines\" , selon le club de la capitale.", "external_links": [], "published": "2016-10-04T00:01:00.000+03:00", "crawled": "2016-10-03T22:38:50.877+03:00", "highlightTitle": ""}