{"organizations": [], "uuid": "c6ed8c690c6ebccaf4f915b1ae4c338113014f6a", "thread": {"social": {"gplus": {"shares": 1}, "pinterest": {"shares": 0}, "vk": {"shares": 0}, "linkedin": {"shares": 0}, "facebook": {"likes": 41, "shares": 41, "comments": 0}, "stumbledupon": {"shares": 0}}, "site_full": "www.leparisien.fr", "main_image": "http://s1.lprs1.fr/images/2016/10/02/6168519_presse-papiers-2.jpg", "site_section": "http://www.leparisien.fr/actualites-a-la-une.rss.xml#xtor=RSS-1481423633", "section_title": "Le Parisien  - Toute l'actualité", "url": "http://www.leparisien.fr/faits-divers/videos-espagne-une-explosion-de-gaz-dans-un-restaurant-fait-77-blesses-02-10-2016-6168519.php", "country": "FR", "domain_rank": 2525, "title": "VIDEOS. Espagne : une explosion de gaz dans un restaurant fait 77 blessés", "performance_score": 0, "site": "leparisien.fr", "participants_count": 0, "title_full": "VIDEOS. Espagne : une explosion de gaz dans un restaurant fait 77 blessés", "spam_score": 0.0, "site_type": "news", "published": "2016-10-02T14:00:00.000+03:00", "replies_count": 0, "uuid": "c6ed8c690c6ebccaf4f915b1ae4c338113014f6a"}, "author": "", "url": "http://www.leparisien.fr/faits-divers/videos-espagne-une-explosion-de-gaz-dans-un-restaurant-fait-77-blesses-02-10-2016-6168519.php", "ord_in_thread": 0, "title": "VIDEOS. Espagne : une explosion de gaz dans un restaurant fait 77 blessés", "locations": [], "entities": {"persons": [], "locations": [], "organizations": []}, "highlightText": "", "language": "french", "persons": [], "text": "> Faits divers | 02 octobre 2016, 8h19 | \n77 personnes ont été blessées après l'explosion au gaz dans la cuisine d'un restaurant de Malaga (capture écran) \nA u moins 77 personnes ont été blessées dont cinq plus sérieusement après une explosion au gaz qui s'est produite dans la cuisine d'un café à côté du parc des expositions de la ville de Malaga en Espagne. \n\nVers 19 heures, alors que le ville était très fréquentée en raison de la foire de Velez-Malaga, un incendie se déclare dans la cuisine de restaurant La Bohème. \n\nMême si le personnel est parvenu à prévenir la clientèle pour la faire sortir de l'établissement, une forte explosion au gaz entraîne la projection de nombreux débris de verre à plus de 40 mètres à la ronde. Dans le même temps, une partie du plafond s'effondre. \n\nLa plupart des blessés ont des ecchymoses et des coupures. Deux ont dû être opérés pour une coupure sur un bras et une autre avec une blessure à l'estomac. Selon les autorités, toutes les personnes qui avaient transférées dans les hôpitaux de la région ont pu sortir. \n\nVIDEOS. Explosion de gaz dans le restaurant La Bohème à Malaga", "external_links": [], "published": "2016-10-02T14:00:00.000+03:00", "crawled": "2016-10-02T09:24:21.973+03:00", "highlightTitle": ""}