{"organizations": [], "uuid": "23e3270248bfcbe0842f1bd57e6e4fe53f187f85", "thread": {"social": {"gplus": {"shares": 0}, "pinterest": {"shares": 0}, "vk": {"shares": 0}, "linkedin": {"shares": 0}, "facebook": {"likes": 0, "shares": 0, "comments": 0}, "stumbledupon": {"shares": 0}}, "site_full": "www.anibis.ch", "main_image": "https://can01.anibis.ch/PSP-Vends-2x-psp/?1024x728/3/90/anibis/557/751/016/CRC_17BIEEe0E5wS6qMyLg_1.jpg", "site_section": "http://anibis.ch//fr/jeux-vid%c3%a9o--19/rssexport.aspx", "section_title": "Petites annonces Jeux vidéo", "url": "http://www.anibis.ch/fr/jeux-vid%c3%a9o--19/vends-2x-psp--16751557.aspx", "country": "CH", "domain_rank": 8918, "title": "Vends 2x psp", "performance_score": 0, "site": "anibis.ch", "participants_count": 0, "title_full": "Vends 2x psp", "spam_score": 0.0, "site_type": "news", "published": "2016-10-01T04:40:00.000+03:00", "replies_count": 0, "uuid": "23e3270248bfcbe0842f1bd57e6e4fe53f187f85"}, "author": "", "url": "http://www.anibis.ch/fr/jeux-vid%c3%a9o--19/vends-2x-psp--16751557.aspx", "ord_in_thread": 0, "title": "Vends 2x psp", "locations": [], "entities": {"persons": [], "locations": [], "organizations": []}, "highlightText": "", "language": "french", "persons": [], "text": "Pouvez-vous nous indiquer l'article de loi? Illégal Merci d'indiquer le chapitre de notre CG? Interdit sur anibis.ch Pouvez-vous nous donner une preuve de ces insultes (copie d'email) Insulte Merci de nous donner le site original Contrefaçon Pouvez-vous nous donner l'URL du texte ou l'image original? Copyright Veuillez préciser la raison de votre signalement : Autre raison Envoyer \nLes annonces suivantes pourront peut-être aussi vous intéresser", "external_links": [], "published": "2016-10-01T04:40:00.000+03:00", "crawled": "2016-10-01T00:19:53.986+03:00", "highlightTitle": ""}