{"organizations": [], "uuid": "dbd6fa4ed62a2c8eda315f8e6fb6791e1502abf4", "thread": {"social": {"gplus": {"shares": 0}, "pinterest": {"shares": 0}, "vk": {"shares": 0}, "linkedin": {"shares": 0}, "facebook": {"likes": 0, "shares": 0, "comments": 0}, "stumbledupon": {"shares": 0}}, "site_full": "www.anibis.ch", "main_image": "https://can01.anibis.ch/Casques-Casque-velo-enfant-fille/?1024x728/3/90/anibis/585/783/016/R9zmVujIhk6WHMaRDfjaNA_1.jpg", "site_section": "http://anibis.ch//fr/moto-,-v%c3%a9lo--11/rssexport.aspx", "section_title": "Petites annonces Moto & vélo", "url": "http://www.anibis.ch/fr/moto-~-v%c3%a9lo--11/casque-velo-enfant-fille--16783585.aspx", "country": "CH", "domain_rank": 8918, "title": "Casque velo enfant fille", "performance_score": 0, "site": "anibis.ch", "participants_count": 0, "title_full": "Casque velo enfant fille", "spam_score": 0.0, "site_type": "news", "published": "2016-10-03T21:04:00.000+03:00", "replies_count": 0, "uuid": "dbd6fa4ed62a2c8eda315f8e6fb6791e1502abf4"}, "author": "", "url": "http://www.anibis.ch/fr/moto-~-v%c3%a9lo--11/casque-velo-enfant-fille--16783585.aspx", "ord_in_thread": 0, "title": "Casque velo enfant fille", "locations": [], "entities": {"persons": [], "locations": [], "organizations": []}, "highlightText": "", "language": "french", "persons": [], "text": "Pouvez-vous nous indiquer l'article de loi? Illégal Merci d'indiquer le chapitre de notre CG? Interdit sur anibis.ch Pouvez-vous nous donner une preuve de ces insultes (copie d'email) Insulte Merci de nous donner le site original Contrefaçon Pouvez-vous nous donner l'URL du texte ou l'image original? Copyright Veuillez préciser la raison de votre signalement : Autre raison Envoyer \nLes annonces suivantes pourront peut-être aussi vous intéresser", "external_links": [], "published": "2016-10-03T21:04:00.000+03:00", "crawled": "2016-10-03T17:20:38.082+03:00", "highlightTitle": ""}