{"organizations": [], "uuid": "b7a8b6df8988090d7dfb6a7a56bcb916ae5ecbb0", "thread": {"social": {"gplus": {"shares": 0}, "pinterest": {"shares": 0}, "vk": {"shares": 0}, "linkedin": {"shares": 0}, "facebook": {"likes": 0, "shares": 0, "comments": 0}, "stumbledupon": {"shares": 0}}, "site_full": "www.anibis.ch", "main_image": "https://can01.anibis.ch/Livres-antiques---rares-Livret-de-la-fete-des-vigneron-de-1889/?1024x728/3/90/anibis/521/681/015/XA_HNtFnTE-jPdfkOIfsVg_1.jpg", "site_section": "http://anibis.ch//fr/art-,-antiquit%c3%a9s--3/rssexport.aspx", "section_title": "Petites annonces Art & Antiquités", "url": "http://www.anibis.ch/fr/art-~-antiquit%c3%a9s--3/livret-de-la-f%c3%aate-des-vigneron-de-1889--15681521.aspx", "country": "CH", "domain_rank": 8918, "title": "Livret de la fête des vigneron de 1889", "performance_score": 0, "site": "anibis.ch", "participants_count": 0, "title_full": "Livret de la fête des vigneron de 1889", "spam_score": 0.0, "site_type": "news", "published": "2016-10-02T18:52:00.000+03:00", "replies_count": 0, "uuid": "b7a8b6df8988090d7dfb6a7a56bcb916ae5ecbb0"}, "author": "", "url": "http://www.anibis.ch/fr/art-~-antiquit%c3%a9s--3/livret-de-la-f%c3%aate-des-vigneron-de-1889--15681521.aspx", "ord_in_thread": 0, "title": "Livret de la fête des vigneron de 1889", "locations": [], "entities": {"persons": [], "locations": [], "organizations": []}, "highlightText": "", "language": "french", "persons": [], "text": "Livret de la fête des vigneron de 1889 Type d'insertion: Payer simplement et en toute sécurité? Envoyer et recevoir de l'argent avec Cet utilisateur a confirmé son compte avec un numéro de mobile valable. bootawell2 Membre depuis le 20.03.2013 Téléphone : +41 796088750 Transmettre l'annonce par e-mail Vous connaissez quelqu'un qui pourrait s'intéresser à cette annonce ? Envoyez lui un e-mail grâce à ce formulaire. Expéditeur : Veuillez nous indiquer en quelques mots pourquoi cette annonce est une arnaque. e-mail* : Indiquez-nous d'autres annonces concernées (optionel): Multipostage (spam) A votre avis, pourquoi s'agit-il d'une fraude? Fraude   Envoyer \nLes annonces suivantes pourront peut-être aussi vous intéresser", "external_links": [], "published": "2016-10-02T18:52:00.000+03:00", "crawled": "2016-10-02T14:03:07.871+03:00", "highlightTitle": ""}