{"organizations": [], "uuid": "1e75e19f04ee97e00de91a523e973e7b472e2918", "thread": {"social": {"gplus": {"shares": 0}, "pinterest": {"shares": 0}, "vk": {"shares": 0}, "linkedin": {"shares": 0}, "facebook": {"likes": 0, "shares": 0, "comments": 0}, "stumbledupon": {"shares": 0}}, "site_full": "www.anibis.ch", "main_image": "https://can01.anibis.ch/Armoires---Etageres-Meuble-Lista-pour-dossiers-suspendus/?1024x728/3/90/anibis/099/783/016/ymCOzUgyj0SzpSjN-IQp8A_1.jpg", "site_section": "http://anibis.ch//fr/m%c3%a9nage-,-maison--21/rssexport.aspx", "section_title": "Petites annonces Ménage & Maison", "url": "http://www.anibis.ch/fr/m%c3%a9nage-~-maison--21/meuble-lista-pour-dossiers-suspendus--16783099.aspx", "country": "CH", "domain_rank": 8918, "title": "Meuble Lista pour dossiers suspendus", "performance_score": 0, "site": "anibis.ch", "participants_count": 0, "title_full": "Meuble Lista pour dossiers suspendus", "spam_score": 0.0, "site_type": "news", "published": "2016-10-03T20:17:00.000+03:00", "replies_count": 0, "uuid": "1e75e19f04ee97e00de91a523e973e7b472e2918"}, "author": "", "url": "http://www.anibis.ch/fr/m%c3%a9nage-~-maison--21/meuble-lista-pour-dossiers-suspendus--16783099.aspx", "ord_in_thread": 0, "title": "Meuble Lista pour dossiers suspendus", "locations": [], "entities": {"persons": [], "locations": [], "organizations": []}, "highlightText": "", "language": "french", "persons": [], "text": "Meuble Lista pour dossiers suspendus Type d'insertion: \n1meuble à 4 tiroirs Lista pour dossiers suspendus ,couleur jaune. Prix neuf 1890 frs. \nCédé à moitié prix .Possibilitée de livraison à domicile. \nPaiement cash Payer simplement et en toute sécurité? Envoyer et recevoir de l'argent avec Cet utilisateur a confirmé son compte avec un numéro de mobile valable. philarmonique Membre depuis le 03.10.2016 Téléphone : +41 794019828 Transmettre l'annonce par e-mail Vous connaissez quelqu'un qui pourrait s'intéresser à cette annonce ? Envoyez lui un e-mail grâce à ce formulaire. Expéditeur : Veuillez nous indiquer en quelques mots pourquoi cette annonce est une arnaque. e-mail* : Indiquez-nous d'autres annonces concernées (optionel): Multipostage (spam) A votre avis, pourquoi s'agit-il d'une fraude? Fraude Pouvez-vous nous indiquer l'article de loi? Illégal Merci d'indiquer le chapitre de notre CG? Interdit sur anibis.ch Pouvez-vous nous donner une preuve de ces insultes (copie d'email) Insulte Merci de nous donner le site original Contrefaçon Pouvez-vous nous donner l'URL du texte ou l'image original? Copyright Veuillez préciser la raison de votre signalement : Autre raison Envoyer \nLes annonces suivantes pourront peut-être aussi vous intéresser", "external_links": [], "published": "2016-10-03T20:17:00.000+03:00", "crawled": "2016-10-03T15:28:09.207+03:00", "highlightTitle": ""}