{"organizations": [], "uuid": "96dd70b6582098dd8c0842a965c2fedb7274431d", "thread": {"social": {"gplus": {"shares": 0}, "pinterest": {"shares": 0}, "vk": {"shares": 0}, "linkedin": {"shares": 0}, "facebook": {"likes": 0, "shares": 0, "comments": 0}, "stumbledupon": {"shares": 0}}, "site_full": "fr.news.yahoo.com", "main_image": "https://s.yimg.com/uu/api/res/1.2/_Bt0ECE4g1xxy1lhtxragg--/aD0zOTM7dz02OTk7c209MTthcHBpZD15dGFjaHlvbg--/http://media.zenfs.com/fr_FR/News/Francetvinfo.fr/10870875.jpg", "site_section": "https://fr.news.yahoo.com/france/?format=rss", "section_title": "News France | Actualités & informations - Yahoo Actualités FR", "url": "https://fr.news.yahoo.com/rats-%C3%A0-prison-fresnes-salet%C3%A9-n-due-seulement-064047985.html", "country": "US", "domain_rank": 5, "title": "Rats à la prison de Fresnes : \"La saleté n’est pas due seulement à la vétusté des locaux\" mais à \"une surpopulation\"", "performance_score": 0, "site": "yahoo.com", "participants_count": 1, "title_full": "Rats à la prison de Fresnes : \"La saleté n’est pas due seulement à la vétusté des locaux\" mais à \"une surpopulation\"", "spam_score": 0.0, "site_type": "news", "published": "2016-10-03T03:00:00.000+03:00", "replies_count": 1, "uuid": "96dd70b6582098dd8c0842a965c2fedb7274431d"}, "author": "", "url": "https://fr.news.yahoo.com/rats-%C3%A0-prison-fresnes-salet%C3%A9-n-due-seulement-064047985.html", "ord_in_thread": 0, "title": "Rats à la prison de Fresnes : \"La saleté n’est pas due seulement à la vétusté des locaux\" mais à \"une surpopulation\"", "locations": [], "entities": {"persons": [], "locations": [], "organizations": []}, "highlightText": "", "language": "french", "persons": [], "text": "L’Observatoire international des prisons assigne l’Etat devant le tribunal administratif de Melun parce que, depuis deux mois, la prison de Fresnes est envahie par les rats et les insectes. Une situation qui n’étonne pas du tout Virginie Bianchi, avocate et ancienne directrice adjointe du centre pénitentiaire de Clairvaux. \"Ce n’est pas le premier établissement qui est touché par ce type de phénomène. C’est même assez récurrent, c’est même assez fréquent\" , a-t-elle déclaré lundi 3 octobre sur franceinfo.\nSelon l’avocate, la maison d’arrêt de Fleury-Mérogis a ainsi été \"infestée de punaises de lit il y a quelques années\" , tandis que \"le centre pénitentiaire de Marseille Les Baumettes\" est \"dans un état dramatique\" . Virginie Bianchi explique qu’un \"certain nombre d’établissements pénitentiaires en France sont victimes de rats, de punaises et autres animaux sympathiques\" ajoutant que \"la saleté ambiante n’est pas due seulement à la vétusté des locaux\" mais à \"une surpopulation qui fait qu’on ne peut pas jamais nettoyer à fond\". \nLorsqu’un détenu attrape une maladie, dans la mesure où il n’est pas tout seul en cellule, il a tendance à la communiquer à son camarade de chambrée\nVirginie Bianchi ancienne directrice adjointe du centre pénitentiaire de Clairvaux\nLe garde des Sceaux Jean-Jacques Urvoas a annoncé le 20 septembre un plan de construction : 5 000 cellules supplémentaires pour réduire la surpopulation carcérale . \"Ça peut aller dans le bon sens, selon Virginie Bianchi, sous réserve que ça n’amène pas à une incarcération supplémentaire\". \n\"Tout ce qui contribuera à ce que les gens soient dans des conditions matérielles correctes est une bonne chose, il n’en demeure pas moins que ça ne résoudra quand même pas le problème de l’entassement des détenus dans des cellules et que ceci est également un vecteur de maladie et de malpropreté\". Lire la suite sur Francetv info \n\n\nGrande mosquée de Marseille : le Conseil français du culte musulman est \"prêt à se mobiliser\" pour faire redémarrer le projet \n\"13h15 le samedi\". Être fort reste la seule option \n\"13h15 le dimanche\" du 2 octobre \nTrop d’animaux et d’insectes nuisibles à la prison de Fresnes : l’affaire est portée devant la justice \n#viedemère : une campagne pour l'égalité professionnelle des mères au travail", "external_links": [], "published": "2016-10-03T03:00:00.000+03:00", "crawled": "2016-10-03T13:50:03.941+03:00", "highlightTitle": ""}