{"organizations": [], "uuid": "ecd448f913db56a3ed96408b572d64bf48b8b679", "thread": {"social": {"gplus": {"shares": 0}, "pinterest": {"shares": 0}, "vk": {"shares": 0}, "linkedin": {"shares": 0}, "facebook": {"likes": 0, "shares": 0, "comments": 0}, "stumbledupon": {"shares": 0}}, "site_full": "www.ladepeche.fr", "main_image": "http://static.ladepeche.fr/content/media/image/zoom/2016/10/03/201610032025-full.jpg", "site_section": "http://www.ladepeche.fr/economie/", "section_title": "Toute l'économie - ladepeche.fr", "url": "http://www.ladepeche.fr/article/2016/10/03/2431545-nouveau-plan-d-aide-aux-eleveurs-et-cerealiers.html", "country": "FR", "domain_rank": 5847, "title": "Nouveau plan d'aide aux éleveurs et céréaliers - 03/10/2016", "performance_score": 0, "site": "ladepeche.fr", "participants_count": 2, "title_full": "Nouveau plan d'aide aux éleveurs et céréaliers - 03/10/2016 - ladepeche.fr", "spam_score": 0.0, "site_type": "news", "published": "2016-10-03T09:24:00.000+03:00", "replies_count": 1, "uuid": "ecd448f913db56a3ed96408b572d64bf48b8b679"}, "author": "La Dépêche du Midi", "url": "http://www.ladepeche.fr/article/2016/10/03/2431545-nouveau-plan-d-aide-aux-eleveurs-et-cerealiers.html", "ord_in_thread": 0, "title": "Nouveau plan d'aide aux éleveurs et céréaliers - 03/10/2016", "locations": [], "entities": {"persons": [], "locations": [], "organizations": []}, "highlightText": "", "language": "french", "persons": [], "text": "Embourbée dans une crise majeure, l'agriculture devrait bénéficier d'un nouveau plan d'aide. Il devrait être annoncé dès demain par le premier ministre Manuel Valls. Ce plan concernera plusieurs acteurs de l'agriculture. Les céréaliers en seront les premiers bénéficiaires selon les déclarations du ministre de l'agriculture, Stéphane Le Foll, mardi dernier au Sénat. «Les inondations et le printemps humide ont conduit à des baisses de rendement jamais vues depuis une trentaine d'années» s'était-il justifié. En effet, la production française a chuté de 30,3 % en une année. Un chiffre qui est synonyme de perte, pour la France, du titre de premier exportateur de blé en Europe.\nLes filières d'élevage devraient aussi être concernées. Un fonds de garantie public pourrait voir le jour, comme demandé depuis plusieurs mois par la FNSEA. Cette nouveauté permettrait aux éleveurs de se financer auprès des banques à des taux intéressants, avec le soutien de la banque publique d'investissement.\nLa Fédération nationale bovine espère aussi l'annonce d'une «mesure de marché» exceptionnelle et temporaire permettant d'exclure du marché de la viande les carcasses de vaches laitières qui affaiblissent le cours de la viande. Le monde agricole attend surtout l'annonce d'un accompagnement des agriculteurs en difficulté vers une préretraite ou une reconversion. Une porte de sortie pour les plus enclins aux difficultés qui, aujourd'hui, n'existe pas.", "external_links": [], "published": "2016-10-03T09:24:00.000+03:00", "crawled": "2016-10-03T11:49:42.290+03:00", "highlightTitle": ""}