{"organizations": [], "uuid": "15c1ae87ea256f7bc56856118d0bccd07c9ab352", "thread": {"social": {"gplus": {"shares": 0}, "pinterest": {"shares": 0}, "vk": {"shares": 0}, "linkedin": {"shares": 0}, "facebook": {"likes": 0, "shares": 0, "comments": 0}, "stumbledupon": {"shares": 0}}, "site_full": "www.anibis.ch", "main_image": "https://can01.anibis.ch/Jantes-4-jantes-marque-Antera-replique-porsche--audi-a4/?1024x728/3/90/anibis/143/752/016/HgdXHmXiz0qiKO189ug-KQ_1.jpg", "site_section": "http://anibis.ch//fr/automobiles--4/rssexport.aspx", "section_title": "Petites annonces Automobiles", "url": "http://www.anibis.ch/fr/automobiles--4/4-jantes-marque-antera-r%c3%a9plique-porsche-audi-a4--16752143.aspx", "country": "CH", "domain_rank": 8918, "title": "4 jantes marque Antera réplique porsche audi a4", "performance_score": 0, "site": "anibis.ch", "participants_count": 0, "title_full": "4 jantes marque Antera réplique porsche audi a4", "spam_score": 0.0, "site_type": "news", "published": "2016-10-01T06:00:00.000+03:00", "replies_count": 0, "uuid": "15c1ae87ea256f7bc56856118d0bccd07c9ab352"}, "author": "", "url": "http://www.anibis.ch/fr/automobiles--4/4-jantes-marque-antera-r%c3%a9plique-porsche-audi-a4--16752143.aspx", "ord_in_thread": 0, "title": "4 jantes marque Antera réplique porsche audi a4", "locations": [], "entities": {"persons": [], "locations": [], "organizations": []}, "highlightText": "", "language": "french", "persons": [], "text": "4 jantes marque Antera réplique porsche audi a4 Type d'insertion: 490.– Description: \n4 jantes marque Antera réplique porsche 8x18 5x112 ET35 avec pneus été a 50% 235.40.zr18 avec homologation pour audi a4 ! audi A3 ,A5,A6,VW, scirroco ,passat ,golf 5 , seat ,skoda et plus de voiture ! 079 949 75 57 Cet utilisateur a confirmé son compte avec un numéro de mobile valable. auto11 Membre depuis le 22.03.2009 Téléphone : +41 799497557 Transmettre l'annonce par e-mail Vous connaissez quelqu'un qui pourrait s'intéresser à cette annonce ? Envoyez lui un e-mail grâce à ce formulaire. Expéditeur : Veuillez nous indiquer en quelques mots pourquoi cette annonce est une arnaque. e-mail* : Indiquez-nous d'autres annonces concernées (optionel): Multipostage (spam) A votre avis, pourquoi s'agit-il d'une fraude? Fraude Pouvez-vous nous indiquer l'article de loi? Illégal Merci d'indiquer le chapitre de notre CG? Interdit sur anibis.ch Pouvez-vous nous donner une preuve de ces insultes (copie d'email) Insulte Merci de nous donner le site original Contrefaçon Pouvez-vous nous donner l'URL du texte ou l'image original? Copyright Veuillez préciser la raison de votre signalement : Autre raison Envoyer \nLes annonces suivantes pourront peut-être aussi vous intéresser", "external_links": [], "published": "2016-10-01T06:00:00.000+03:00", "crawled": "2016-10-01T01:38:11.738+03:00", "highlightTitle": ""}