{"organizations": [], "uuid": "6090537f493e8ed177803773cc8a9fb81dfce39f", "thread": {"social": {"gplus": {"shares": 0}, "pinterest": {"shares": 0}, "vk": {"shares": 0}, "linkedin": {"shares": 0}, "facebook": {"likes": 825, "shares": 825, "comments": 0}, "stumbledupon": {"shares": 0}}, "site_full": "www.7sur7.be", "main_image": "http://static1.7sur7.be/static/photo/2016/7/8/3/20161002130614/media_xll_9121698.jpg", "site_section": "http://www.7s7.be/rss.xml", "section_title": "7SUR7.be Info, sport et showbiz, 24/24, 7/7, plus de 350 mises à jour quotidiennes", "url": "http://www.7sur7.be/7s7/fr/1502/Belgique/article/detail/2893330/2016/10/02/Di-Rupo-plaide-pour-la-semaine-de-quatre-jours.dhtml", "country": "BE", "domain_rank": 8663, "title": "Di Rupo plaide pour la semaine de quatre jours", "performance_score": 8, "site": "7sur7.be", "participants_count": 1, "title_full": "Di Rupo plaide pour la semaine de quatre jours", "spam_score": 0.0, "site_type": "news", "published": "2016-10-02T19:13:00.000+03:00", "replies_count": 0, "uuid": "6090537f493e8ed177803773cc8a9fb81dfce39f"}, "author": "rédaction", "url": "http://www.7sur7.be/7s7/fr/1502/Belgique/article/detail/2893330/2016/10/02/Di-Rupo-plaide-pour-la-semaine-de-quatre-jours.dhtml", "ord_in_thread": 0, "title": "Di Rupo plaide pour la semaine de quatre jours", "locations": [], "entities": {"persons": [], "locations": [], "organizations": []}, "highlightText": "", "language": "french", "persons": [], "text": "2/10/16 - 12h40 Source: Belga © photo news. Le président du Parti Socialiste Elio Di Rupo a plaidé dimanche pour l'insertion dans le droit belge d'une nouvelle forme d'entreprise: \"une 'entreprise à codécision' qui accorde autant de pouvoir aux travailleurs qu'aux actionnaires\", a-t-il expliqué lors du congrès de rentrée du PS à Soignies. \nCes entreprises seraient codirigées par un conseil d'administration et par un conseil des travailleurs. Toutes les décisions de la vie d'entreprise devraient obtenir l'aval de ces deux instances.\"Cette forme d'entreprise viendrait utilement compléter le panel de sociétés existant dans notre droit national. Le PS entend ainsi offrir une nouvelle alternative au capitalisme et à la vision ultralibérale de l'économie\", a déclaré le président des socialistes.Ce dernier a également une nouvelle fois plaidé pour la réduction du temps de travail via la mise en place d'une \"semaine de travail de quatre jours, sans perte de salaire pour le travailleur, et avec embauche compensatoire\".\"Avez-vous vu le tollé que cette proposition d'une semaine de quatre jours a suscité auprès des conservateurs de tous poils? On se serait cru revenu un siècle en arrière!\", a scandé M. Di Rupo, avant d'affirmer que son parti démontrerait, là où il exerce les responsabilités, la pertinence et la viabilité de cette idée d'avenir. La réduction du temps de travail a également été défendue lors de ce congrès par l'économiste français Pierre Larrouturou, qui a été fait membre d'honneur du Parti Socialiste.", "external_links": [], "published": "2016-10-02T19:13:00.000+03:00", "crawled": "2016-10-02T15:13:23.932+03:00", "highlightTitle": ""}