{"organizations": [], "uuid": "45f52ced51947159ae72e6fd6e636f912751d82c", "thread": {"social": {"gplus": {"shares": 0}, "pinterest": {"shares": 0}, "vk": {"shares": 0}, "linkedin": {"shares": 0}, "facebook": {"likes": 0, "shares": 0, "comments": 0}, "stumbledupon": {"shares": 0}}, "site_full": "www.ladepeche.fr", "main_image": "http://static.ladepeche.fr/content/media/image/zoom/2016/09/30/istock-2272428-d28ad080236-original.jpg", "site_section": "http://www.ladepeche.fr/tv-people/tele-medias/", "section_title": "Télé - Programme TLT, Médias, actualités TV - ladepeche.fr", "url": "http://www.ladepeche.fr/article/2016/09/30/2429688-orange-compte-lancer-production-series-francaise-americaine.html", "country": "FR", "domain_rank": 5847, "title": "Orange compte se lancer dans la production de séries française et américaine - 30/09/2016", "performance_score": 0, "site": "ladepeche.fr", "participants_count": 1, "title_full": "Orange compte se lancer dans la production de séries française et américaine - 30/09/2016 - ladepeche.fr", "spam_score": 0.0, "site_type": "news", "published": "2016-09-30T08:25:00.000+03:00", "replies_count": 0, "uuid": "45f52ced51947159ae72e6fd6e636f912751d82c"}, "author": "RelaxNews", "url": "http://www.ladepeche.fr/article/2016/09/30/2429688-orange-compte-lancer-production-series-francaise-americaine.html", "ord_in_thread": 0, "title": "Orange compte se lancer dans la production de séries française et américaine - 30/09/2016", "locations": [], "entities": {"persons": [], "locations": [], "organizations": []}, "highlightText": "", "language": "french", "persons": [], "text": "Par la voix de son PDG Stéphane Richard, l'opérateur de téléphonie a annoncé son intention à l'occasion du forum Telco & Digital \"Les Echos\".\n\"Je suis prêt à regarder une allocation de ressources plus importante pour Orange Studio, pour que l'on ait un volet de participation à la production de séries\", a lancé le Président Directeur Général.\nOrange n'est pas nouveau dans le monde du petit écran puisque l'opérateur détient le bouquet de chaînes OCS, qui possède les droits des séries HBO en diffusion 24 heures après les Etats-Unis.", "external_links": [], "published": "2016-09-30T08:25:00.000+03:00", "crawled": "2016-10-02T00:27:05.992+03:00", "highlightTitle": ""}