{"organizations": [], "uuid": "687581c84d7df2c853295b751d540eb3f7cd7a91", "thread": {"social": {"gplus": {"shares": 0}, "pinterest": {"shares": 0}, "vk": {"shares": 0}, "linkedin": {"shares": 0}, "facebook": {"likes": 0, "shares": 0, "comments": 0}, "stumbledupon": {"shares": 0}}, "site_full": "www.ladepeche.fr", "main_image": "http://static.ladepeche.fr/content/media/image/zoom/2016/09/29/000-dv1960839-e05f5101302-original.jpg", "site_section": "http://www.ladepeche.fr/tv-people/", "section_title": "TV - People - ladepeche.fr", "url": "http://www.ladepeche.fr/article/2016/09/29/2429135-nrj-music-awards-2016-adele-beyonce-rihanna-celine-dion-nommees.html", "country": "FR", "domain_rank": 5847, "title": "NRJ Music Awards 2016 : Adele, Beyoncé, Rihanna et Céline Dion nommées - 29/09/2016", "performance_score": 0, "site": "ladepeche.fr", "participants_count": 1, "title_full": "NRJ Music Awards 2016 : Adele, Beyoncé, Rihanna et Céline Dion nommées - 29/09/2016 - ladepeche.fr", "spam_score": 0.0, "site_type": "news", "published": "2016-09-29T14:12:00.000+03:00", "replies_count": 0, "uuid": "687581c84d7df2c853295b751d540eb3f7cd7a91"}, "author": "RelaxNews", "url": "http://www.ladepeche.fr/article/2016/09/29/2429135-nrj-music-awards-2016-adele-beyonce-rihanna-celine-dion-nommees.html", "ord_in_thread": 0, "title": "NRJ Music Awards 2016 : Adele, Beyoncé, Rihanna et Céline Dion nommées - 29/09/2016", "locations": [], "entities": {"persons": [], "locations": [], "organizations": []}, "highlightText": "", "language": "french", "persons": [], "text": "Après avoir dévoilé les artistes masculins francophones et internationaux nommés à la 18e édition, les NRJ Music Awards lève le voile sur les douze artistes féminines sélectionnées.\nRevenu l'année dernière à Shy'm, le Prix de la meilleure artiste féminine francophone se jouera entre Céline Dion, Jenifer, Louane, Tal, Zaho et Imany.\nCôté international, Sia et Rihanna, déjà citée en 2015, tenteront de soulever le trophée revenu finalement à Taylor Swift. Adele, Beyoncé, Lady Gaga et Shakira seront également sur les rangs.\nLes internautes ont jusqu'au dimanche 6 novembre à 23h59 pour voter pour leurs artistes préférés, sur les sites de NRJ et de TF1. La 18e cérémonie des NRJ Music Awards se déroulera le samedi 12 novembre au Palais des Festivals et des Congrès de Cannes. Présentée par Nikos Aliagas, la soirée sera retransmise en direct sur TF1.", "external_links": [], "published": "2016-09-29T14:12:00.000+03:00", "crawled": "2016-10-02T00:14:46.689+03:00", "highlightTitle": ""}