{"organizations": [], "uuid": "61e658e49c84bba6d0219bdfbcaa42cbe664617d", "thread": {"social": {"gplus": {"shares": 0}, "pinterest": {"shares": 0}, "vk": {"shares": 0}, "linkedin": {"shares": 0}, "facebook": {"likes": 0, "shares": 0, "comments": 0}, "stumbledupon": {"shares": 0}}, "site_full": "www.ladepeche.fr", "main_image": "http://static.ladepeche.fr/content/media/image/zoom/2016/10/03/201610031704-full.jpg", "site_section": "http://www.ladepeche.fr/sorties/expos-musees-visites/", "section_title": "Expos - Sorties - ladepeche.fr", "url": "http://www.ladepeche.fr/article/2016/10/03/2431196-l-atelier-peinture-expose.html", "country": "FR", "domain_rank": 5847, "title": "L'atelier peinture expose - 03/10/2016", "performance_score": 0, "site": "ladepeche.fr", "participants_count": 1, "title_full": "L'atelier peinture expose - 03/10/2016 - ladepeche.fr", "spam_score": 0.0, "site_type": "news", "published": "2016-10-03T04:51:00.000+03:00", "replies_count": 0, "uuid": "61e658e49c84bba6d0219bdfbcaa42cbe664617d"}, "author": "La Dépêche du Midi", "url": "http://www.ladepeche.fr/article/2016/10/03/2431196-l-atelier-peinture-expose.html", "ord_in_thread": 0, "title": "L'atelier peinture expose - 03/10/2016", "locations": [], "entities": {"persons": [], "locations": [], "organizations": []}, "highlightText": "", "language": "french", "persons": [], "text": "Ils ont tous beaucoup travaillé durant plusieurs mois dans le cadre de l'atelier peinture du Montat et ont hâte de pouvoir présenter le travail accompli. L'atelier peinture organise donc, du 7 au 20 octobre, l'exposition du travail de l'année réalisé par ses participants sous l'égide de Myriam Biry-Moreno.\nCette exposition sera visible le lundi, mardi, jeudi et vendredi de 9 heures à 12 heures et de 14 heures à 18 h 30, et le mercredi et samedi de 9 heures à 12 heures à la mairie du Montat. Un vernissage aura lieu le vendredi 7 octobre à 17 h 30 à la mairie du Montat.", "external_links": [], "published": "2016-10-03T04:51:00.000+03:00", "crawled": "2016-10-03T15:04:25.390+03:00", "highlightTitle": ""}