{"organizations": [], "uuid": "61f8a604c3ba2d284447b3f2ce7114bb40425f8e", "thread": {"social": {"gplus": {"shares": 0}, "pinterest": {"shares": 0}, "vk": {"shares": 0}, "linkedin": {"shares": 0}, "facebook": {"likes": 0, "shares": 0, "comments": 0}, "stumbledupon": {"shares": 0}}, "site_full": "www.anibis.ch", "main_image": "http://www.anibis.ch/img/anibis-logo-share.png", "site_section": "http://anibis.ch//fr/sport-loisirs--30/rssexport.aspx", "section_title": "Petites annonces Sport - Loisirs", "url": "http://www.anibis.ch/fr/sport-loisirs--30/abonnement-prenium-fitness-silhouette--16784508.aspx", "country": "CH", "domain_rank": 8918, "title": "Abonnement Prenium Fitness Silhouette", "performance_score": 0, "site": "anibis.ch", "participants_count": 0, "title_full": "Abonnement Prenium Fitness Silhouette", "spam_score": 0.0, "site_type": "news", "published": "2016-10-03T23:27:00.000+03:00", "replies_count": 0, "uuid": "61f8a604c3ba2d284447b3f2ce7114bb40425f8e"}, "author": "", "url": "http://www.anibis.ch/fr/sport-loisirs--30/abonnement-prenium-fitness-silhouette--16784508.aspx", "ord_in_thread": 0, "title": "Abonnement Prenium Fitness Silhouette", "locations": [], "entities": {"persons": [], "locations": [], "organizations": []}, "highlightText": "", "language": "french", "persons": [], "text": "Pouvez-vous nous indiquer l'article de loi? Illégal Merci d'indiquer le chapitre de notre CG? Interdit sur anibis.ch Pouvez-vous nous donner une preuve de ces insultes (copie d'email) Insulte Merci de nous donner le site original Contrefaçon Pouvez-vous nous donner l'URL du texte ou l'image original? Copyright Veuillez préciser la raison de votre signalement : Autre raison", "external_links": [], "published": "2016-10-03T23:27:00.000+03:00", "crawled": "2016-10-03T18:35:44.554+03:00", "highlightTitle": ""}