{"organizations": [], "uuid": "bb706a3c3f09a67adca6eb9b448d90deb00932f5", "thread": {"social": {"gplus": {"shares": 0}, "pinterest": {"shares": 0}, "vk": {"shares": 0}, "linkedin": {"shares": 0}, "facebook": {"likes": 0, "shares": 0, "comments": 0}, "stumbledupon": {"shares": 0}}, "site_full": "www.anibis.ch", "main_image": "https://can01.anibis.ch/Autres-BD---Rester-jeune-a-tout-prix/?1024x728/3/90/anibis/360/769/016/hkpQi4yjAk-f9tReUy2-Pw_1.jpg", "site_section": "http://anibis.ch//fr/livres-bd-revues--20/rssexport.aspx", "section_title": "Petites annonces Livres - BD - Revues", "url": "http://www.anibis.ch/fr/livres-bd-revues--20/bd-rester-jeune-%c3%a0-tout-prix--16769360.aspx", "country": "CH", "domain_rank": 8918, "title": "BD - Rester jeune à tout prix", "performance_score": 0, "site": "anibis.ch", "participants_count": 0, "title_full": "BD - Rester jeune à tout prix", "spam_score": 0.0, "site_type": "news", "published": "2016-10-02T16:29:00.000+03:00", "replies_count": 0, "uuid": "bb706a3c3f09a67adca6eb9b448d90deb00932f5"}, "author": "", "url": "http://www.anibis.ch/fr/livres-bd-revues--20/bd-rester-jeune-%c3%a0-tout-prix--16769360.aspx", "ord_in_thread": 0, "title": "BD - Rester jeune à tout prix", "locations": [], "entities": {"persons": [], "locations": [], "organizations": []}, "highlightText": "", "language": "french", "persons": [], "text": " ", "external_links": [], "published": "2016-10-02T16:29:00.000+03:00", "crawled": "2016-10-02T14:00:16.667+03:00", "highlightTitle": ""}