{"organizations": [], "uuid": "c0baf9e48d6c678e8b9a794a605bb226cb0313f8", "thread": {"social": {"gplus": {"shares": 0}, "pinterest": {"shares": 0}, "vk": {"shares": 0}, "linkedin": {"shares": 0}, "facebook": {"likes": 0, "shares": 0, "comments": 0}, "stumbledupon": {"shares": 0}}, "site_full": "www.anibis.ch", "main_image": "https://can01.anibis.ch/Enseignement,-Formation-continue-Methode-Assimil-anglais/?1024x728/3/90/anibis/651/759/016/o1TTZjESdUu79Vgut9cFDQ_1.jpg", "site_section": "http://anibis.ch//fr/prestations-de-services--3137/rssexport.aspx", "section_title": "Petites annonces Prestations de services", "url": "http://www.anibis.ch/fr/prestations-de-services--3137/m%c3%a9thode-assimil-anglais--16759651.aspx", "country": "CH", "domain_rank": 8918, "title": "Méthode Assimil anglais", "performance_score": 0, "site": "anibis.ch", "participants_count": 0, "title_full": "Méthode Assimil anglais", "spam_score": 0.0, "site_type": "news", "published": "2016-10-01T18:40:00.000+03:00", "replies_count": 0, "uuid": "c0baf9e48d6c678e8b9a794a605bb226cb0313f8"}, "author": "", "url": "http://www.anibis.ch/fr/prestations-de-services--3137/m%c3%a9thode-assimil-anglais--16759651.aspx", "ord_in_thread": 0, "title": "Méthode Assimil anglais", "locations": [], "entities": {"persons": [], "locations": [], "organizations": []}, "highlightText": "", "language": "french", "persons": [], "text": "Pouvez-vous nous indiquer l'article de loi? Illégal Merci d'indiquer le chapitre de notre CG? Interdit sur anibis.ch Pouvez-vous nous donner une preuve de ces insultes (copie d'email) Insulte Merci de nous donner le site original Contrefaçon Pouvez-vous nous donner l'URL du texte ou l'image original? Copyright Veuillez préciser la raison de votre signalement : Autre raison", "external_links": [], "published": "2016-10-01T18:40:00.000+03:00", "crawled": "2016-10-01T14:37:56.608+03:00", "highlightTitle": ""}