{"organizations": [], "uuid": "4ff0b95a88e7fd92cb00204248f7c5c72fa498b4", "thread": {"social": {"gplus": {"shares": 0}, "pinterest": {"shares": 0}, "vk": {"shares": 0}, "linkedin": {"shares": 0}, "facebook": {"likes": 0, "shares": 0, "comments": 0}, "stumbledupon": {"shares": 0}}, "site_full": "fr.news.yahoo.com", "main_image": "https://s.yimg.com/uu/api/res/1.2/Eo23UPs4SwttHYKKv6hqJQ--/aD0yMjU7dz00NTA7c209MTthcHBpZD15dGFjaHlvbg--/http://media.zenfs.com/fr_FR/News/LeMonde.fr/5006955_3_7717_toulon-poursuit-son-redressement-le-rct-a_759a27af4aa04aeb020e1d4a66ccb4db.jpg", "site_section": "https://fr.news.yahoo.com/monde/?format=rss", "section_title": "News Monde | Actualités & informations - Yahoo Actualités FR", "url": "https://fr.news.yahoo.com/top-14-toulon-monte-podium-172823031.html", "country": "US", "domain_rank": 5, "title": "Top 14 : Toulon monte sur le podium", "performance_score": 0, "site": "yahoo.com", "participants_count": 0, "title_full": "Top 14 : Toulon monte sur le podium", "spam_score": 0.0, "site_type": "news", "published": "2016-10-03T03:00:00.000+03:00", "replies_count": 0, "uuid": "4ff0b95a88e7fd92cb00204248f7c5c72fa498b4"}, "author": "", "url": "https://fr.news.yahoo.com/top-14-toulon-monte-podium-172823031.html", "ord_in_thread": 0, "title": "Top 14 : Toulon monte sur le podium", "locations": [], "entities": {"persons": [], "locations": [], "organizations": []}, "highlightText": "", "language": "french", "persons": [], "text": "Toulon poursuit son redressement. Le RCT a stoppé l’élan de Montpellier (28-6), lui chipant en prime la troisième place du Top 14 dimanche, lors du choc de la 7 e journée, au stade Vélodrome de Marseille. Après deux défaites lors des trois premières journées, le RCT va mieux: il a gagné trois de ses quatre matches contre des « gros » , ne s’inclinant que sur le terrain du Racing 92 il y a deux semaines (41-30). Il était aussi allé battre Toulouse (32-15) chez lui avant de disposer de Clermont (23-21) dimanche dernier. Un succès qu’il a donc confirmé au Vélodrome, avec en prime le point de bonus offensif.\n« La manière, l’état d’esprit et le combat étaient très bons » , a souligné Diego Dominguez. Le manager toulonnais sort conforté de cette série redoutable. Grâce à des essais de Mamuka Gorgodze, Josua Tuisova et Liam Gill, son équipe, toujours privée de nombreux joueurs (Giteau, Nonu, Habana...), retrouve les hauteurs du classement.\n« Je ne me suis jamais plaint pendant ces deux mois, a insisté l’Italo-Argentin. Chaque semaine, on a gardé le courant positif pour ne pas transmettre la pression aux joueurs. Il faut qu’ils croient en ce qu’ils font. » \nEn revanche, Montpellier (4 e ), qui restait sur quatre victoires de rang, n’y arrive décidément pas contre les cadors, après avoir perdu contre Toulouse et Clermont en début de saison. \n« Quand on ne répond pas dans le combat, c’est difficile de rivaliser contre Toulon » , a regretté le centre Alexandre Dumoulin.\n\nLe RCT a aussi vaincu le signe indien des matches délocalisés, après trois défaites sur quatre à Nice et Marseille les saisons dernières. Mais l’enceinte n’était pas très remplie, pour l’inauguration officielle du stade Orange Vélodrome, selon le contrat de « naming » signé avec l’opérateur.\nVictoire méritée Le club de Mourad Boudjellal a mérité sa victoire, dans un match où le colosse géorgien Gorgodze, qui a passé dix ans sous le maillot montpelliérain (2005-2014), a été, comme contre Clermont où il avait inscrit (...)\nLire la suite sur lemonde.fr \n\nLigue 1 : Balotelli sauveur de Nice \nInscrivez-vous aux newsletters du Monde.fr", "external_links": [], "published": "2016-10-03T03:00:00.000+03:00", "crawled": "2016-10-03T00:17:36.795+03:00", "highlightTitle": ""}