{"organizations": [], "uuid": "7fa88532ac768721fd4091418563341ea859ce2c", "thread": {"social": {"gplus": {"shares": 0}, "pinterest": {"shares": 0}, "vk": {"shares": 0}, "linkedin": {"shares": 0}, "facebook": {"likes": 0, "shares": 0, "comments": 0}, "stumbledupon": {"shares": 0}}, "site_full": "www.leparisien.fr", "main_image": "http://s1.lprs1.fr/assets/img/placeholder_ogimage.png", "site_section": "http://www.leparisien.fr/actus/jean-michel-wilmotte", "section_title": "Jean-michel-wilmotte - Toute l'info sur Jean-michel-wilmotte - le Parisien", "url": "http://www.leparisien.fr/paris-75/les-peintures-du-salon-borghese-sorties-de-l-oubli-20-09-2016-6134117.php", "country": "FR", "domain_rank": 2525, "title": "Les peintures du salon Borghèse sorties de l'oubli", "performance_score": 0, "site": "leparisien.fr", "participants_count": 1, "title_full": "Les peintures du salon Borghèse sorties de l'oubli - le Parisien", "spam_score": 0.911, "site_type": "news", "published": "2016-09-20T08:00:00.000+03:00", "replies_count": 0, "uuid": "7fa88532ac768721fd4091418563341ea859ce2c"}, "author": "leparisien.fr", "url": "http://www.leparisien.fr/paris-75/les-peintures-du-salon-borghese-sorties-de-l-oubli-20-09-2016-6134117.php", "ord_in_thread": 0, "title": "Les peintures du salon Borghèse sorties de l'oubli", "locations": [], "entities": {"persons": [], "locations": [], "organizations": []}, "highlightText": "", "language": "french", "persons": [], "text": "« Ce sont des fresques incroyables »... Jean-Michel Wilmotte est heureux de ses découvertes. Au rez-de-Chaussée, dans l'ancien salon du petit-déjeuner de l'hôtel, le passé glorieux ressort de l'oubli. Certes, des photos anciennes, en noir et blanc, témoignaient de ces peintures. Existaient-elles encore ? Il a fallu trois mois de travail pour que les restaurateurs de l'atelier de Ricou dégagent la laine de verre et les couches successives de peintures qui recouvraient l'ensemble du plafond depuis 1940. Les fresques aux couleurs pastel relatent de délicates scènes de campagne. « Nous respectons l'usure du temps. Refaire à neuf serait une erreur », estime Lenka, responsable de ce chantier.\n Le Parisien", "external_links": [], "published": "2016-09-20T08:00:00.000+03:00", "crawled": "2016-10-03T21:00:49.736+03:00", "highlightTitle": ""}