{"organizations": [], "uuid": "a98994fc19d577f742cf165e024a9c0a7b55bd6e", "thread": {"social": {"gplus": {"shares": 0}, "pinterest": {"shares": 0}, "vk": {"shares": 0}, "linkedin": {"shares": 0}, "facebook": {"likes": 338, "shares": 338, "comments": 0}, "stumbledupon": {"shares": 0}}, "site_full": "video.eurosport.fr", "main_image": "http://i.eurosport.com/2016/09/30/1941626-40828011-1600-900.jpg", "site_section": "http://www.eurosport.fr/rss.xml", "section_title": "Eurosport - Top des infos", "url": "http://video.eurosport.fr/football/pour-ses-vingt-ans-au-club-wenger-a-eu-le-droit-a-un-petit-cadeau_vid920943/video.shtml", "country": "FR", "domain_rank": 3169, "title": "Pour ses vingt ans au club, Wenger a eu le droit à un petit cadeau", "performance_score": 3, "site": "eurosport.fr", "participants_count": 0, "title_full": "Pour ses vingt ans au club, Wenger a eu le droit à un petit cadeau", "spam_score": 0.0, "site_type": "news", "published": "2016-10-02T00:27:00.000+03:00", "replies_count": 0, "uuid": "a98994fc19d577f742cf165e024a9c0a7b55bd6e"}, "author": "", "url": "http://video.eurosport.fr/football/pour-ses-vingt-ans-au-club-wenger-a-eu-le-droit-a-un-petit-cadeau_vid920943/video.shtml", "ord_in_thread": 0, "title": "Pour ses vingt ans au club, Wenger a eu le droit à un petit cadeau", "locations": [], "entities": {"persons": [], "locations": [], "organizations": []}, "highlightText": "", "language": "french", "persons": [], "text": "0 0 VIDÉO - Pour ses vingt ans au club, Wenger a eu le droit à un petit cadeau Mis à jour il y a 7 minutes Publié le 30/09/2016 à 12:04 Pour son 20e anniversaire au club, Arsène Wenger a reçu un cadeau des mains du président d'Arsenal, Chips Keswick. On ne sait pas trop ce que c'est mais l'Alsacien était ravi de le recevoir. Eurosport disponible uniquement sur CANALSAT", "external_links": [], "published": "2016-10-02T00:27:00.000+03:00", "crawled": "2016-10-01T19:39:22.401+03:00", "highlightTitle": ""}