{"organizations": [], "uuid": "169fd89abde936d99372169636af689a8bf2abbb", "thread": {"social": {"gplus": {"shares": 0}, "pinterest": {"shares": 0}, "vk": {"shares": 0}, "linkedin": {"shares": 0}, "facebook": {"likes": 0, "shares": 0, "comments": 0}, "stumbledupon": {"shares": 0}}, "site_full": "www.anibis.ch", "main_image": "https://can01.anibis.ch/Vestes---Manteaux-Veste--doudoune-neuve-zara/?1024x728/3/90/anibis/705/787/016/vLW9eiQpxUqPEcyMIYjaEg_1.jpg", "site_section": "http://anibis.ch//fr/v%c3%aatements-,-accessoires--34/rssexport.aspx", "section_title": "Petites annonces Vêtements & accessoires", "url": "http://www.anibis.ch/fr/v%c3%aatements-~-accessoires--34/veste-doudoune-neuve-zara--16787705.aspx", "country": "CH", "domain_rank": 8918, "title": "Veste doudoune neuve zara", "performance_score": 0, "site": "anibis.ch", "participants_count": 0, "title_full": "Veste doudoune neuve zara", "spam_score": 0.0, "site_type": "news", "published": "2016-10-04T04:53:00.000+03:00", "replies_count": 0, "uuid": "169fd89abde936d99372169636af689a8bf2abbb"}, "author": "", "url": "http://www.anibis.ch/fr/v%c3%aatements-~-accessoires--34/veste-doudoune-neuve-zara--16787705.aspx", "ord_in_thread": 0, "title": "Veste doudoune neuve zara", "locations": [], "entities": {"persons": [], "locations": [], "organizations": []}, "highlightText": "", "language": "french", "persons": [], "text": "Pouvez-vous nous indiquer l'article de loi? Illégal Merci d'indiquer le chapitre de notre CG? Interdit sur anibis.ch Pouvez-vous nous donner une preuve de ces insultes (copie d'email) Insulte Merci de nous donner le site original Contrefaçon Pouvez-vous nous donner l'URL du texte ou l'image original? Copyright Veuillez préciser la raison de votre signalement : Autre raison", "external_links": [], "published": "2016-10-04T04:53:00.000+03:00", "crawled": "2016-10-04T00:24:21.242+03:00", "highlightTitle": ""}