{"organizations": [], "uuid": "044392817b2d9ef67e07b4a712a28330528a3f35", "thread": {"social": {"gplus": {"shares": 0}, "pinterest": {"shares": 0}, "vk": {"shares": 0}, "linkedin": {"shares": 0}, "facebook": {"likes": 49, "shares": 49, "comments": 0}, "stumbledupon": {"shares": 0}}, "site_full": "www.lavenir.net", "main_image": "http://s4.lavenircdn.net/Assets/Images_Upload/Actu24/2016/10/01/5a2ef75a-87a6-11e6-acb0-42439ded64b9_original.jpg", "site_section": "http://www.lavenir.net/rss.aspx?foto=1&intro=1&section=info&info=8f8012c3-d2ca-4192-9ae8-fc61d77cb44d", "section_title": "L'Avenir.net: Le fil info", "url": "http://www.lavenir.net/cnt/dmf20161001_00889545", "country": "BE", "domain_rank": 8618, "title": "Un homme abattu par balles en plein centre de Charleroi", "performance_score": 0, "site": "lavenir.net", "participants_count": 0, "title_full": "Un homme abattu par balles en plein centre de Charleroi", "spam_score": 0.0, "site_type": "news", "published": "2016-10-01T15:13:00.000+03:00", "replies_count": 0, "uuid": "044392817b2d9ef67e07b4a712a28330528a3f35"}, "author": "", "url": "http://www.lavenir.net/cnt/dmf20161001_00889545", "ord_in_thread": 0, "title": "Un homme abattu par balles en plein centre de Charleroi", "locations": [], "entities": {"persons": [], "locations": [], "organizations": []}, "highlightText": "", "language": "french", "persons": [], "text": "- Belga --Fabian Van Hove \nUn meurtre est survenu, ce samedi matin, dans le centre de Charleroi. Un homme qui se trouvait dans un café a été abattu de plusieurs balles. Son corps a été retrouvé sur le trottoir. L’auteur est en fuite. \nPlusieurs coups de feu ont été tirés à l’intérieur du café «Le Capital», installé sur le Boulevard Bertrand à Charleroi, ce samedi matin, confirme la police locale. Le corps sans vie d’un homme a été retrouvé sur le trottoir où la victime, touchée à l’artère fémorale, s’est vidée de son sang. Les secours, appelés sur place, n’ont rien pu faire pour la sauver. \nUn périmètre de sécurité a été établi par les forces de l’ordre. Le parquet devait descendre sur les lieux. \nPour l’heure, le mobile de ce meurtre reste encore inconnu. L’auteur a pris la fuite et est activement recherché par les forces de l’ordre qui penchent pour un règlement de comptes dans le milieu interlope. Les + lus", "external_links": [], "published": "2016-10-01T15:13:00.000+03:00", "crawled": "2016-10-01T10:21:20.066+03:00", "highlightTitle": ""}