{"organizations": [], "uuid": "7449fe14f6cc93342c237d6f4a9c2d5c92333f3a", "thread": {"social": {"gplus": {"shares": 0}, "pinterest": {"shares": 0}, "vk": {"shares": 0}, "linkedin": {"shares": 0}, "facebook": {"likes": 0, "shares": 0, "comments": 0}, "stumbledupon": {"shares": 0}}, "site_full": "www.anibis.ch", "main_image": "https://can01.anibis.ch/Apple-Mac-IMac-27-2014,-en-parfait-etat/?1024x728/3/90/anibis/760/776/016/G3PT-tck1kqT_hClYlDCSQ_1.jpg", "site_section": "http://anibis.ch//fr/ordinateurs-,-bureau--17/rssexport.aspx", "section_title": "Petites annonces Ordinateurs & Bureau", "url": "http://www.anibis.ch/fr/ordinateurs-~-bureau--17/imac-27-2014,-en-parfait-%c3%a9tat--16776760.aspx", "country": "CH", "domain_rank": 8918, "title": "IMac 27\" 2014, en parfait état", "performance_score": 0, "site": "anibis.ch", "participants_count": 0, "title_full": "IMac 27\" 2014, en parfait état", "spam_score": 0.0, "site_type": "news", "published": "2016-10-03T02:55:00.000+03:00", "replies_count": 0, "uuid": "7449fe14f6cc93342c237d6f4a9c2d5c92333f3a"}, "author": "", "url": "http://www.anibis.ch/fr/ordinateurs-~-bureau--17/imac-27-2014,-en-parfait-%c3%a9tat--16776760.aspx", "ord_in_thread": 0, "title": "IMac 27\" 2014, en parfait état", "locations": [], "entities": {"persons": [], "locations": [], "organizations": []}, "highlightText": "", "language": "french", "persons": [], "text": "IMac 27\" 2014, en parfait état Type d'insertion: 1'500.– / Prix à discuter Description: \niMac 27\" avec trackpad, souris wifi, clavier wifi acheté en 2014. Très peu utiliser, état de neuf. Payer simplement et en toute sécurité? Envoyer et recevoir de l'argent avec Cet utilisateur a confirmé son compte avec un numéro de mobile valable. Deebe Membre depuis le 07.09.2012 Êtes-vous intéressé par cette offre? Ecrivez un message à l’annonceur. Mon nom : Transmettre l'annonce par e-mail Vous connaissez quelqu'un qui pourrait s'intéresser à cette annonce ? Envoyez lui un e-mail grâce à ce formulaire. Expéditeur : Veuillez nous indiquer en quelques mots pourquoi cette annonce est une arnaque. e-mail* : Indiquez-nous d'autres annonces concernées (optionel): Multipostage (spam) A votre avis, pourquoi s'agit-il d'une fraude? Fraude Pouvez-vous nous indiquer l'article de loi? Illégal Merci d'indiquer le chapitre de notre CG? Interdit sur anibis.ch Pouvez-vous nous donner une preuve de ces insultes (copie d'email) Insulte Merci de nous donner le site original Contrefaçon Pouvez-vous nous donner l'URL du texte ou l'image original? Copyright Veuillez préciser la raison de votre signalement : Autre raison Envoyer \nLes annonces suivantes pourront peut-être aussi vous intéresser", "external_links": [], "published": "2016-10-03T02:55:00.000+03:00", "crawled": "2016-10-03T01:02:45.072+03:00", "highlightTitle": ""}