{"organizations": [], "uuid": "ef17582cd26d056e139bace76ae74f1670d59dcc", "thread": {"social": {"gplus": {"shares": 1}, "pinterest": {"shares": 0}, "vk": {"shares": 0}, "linkedin": {"shares": 0}, "facebook": {"likes": 904, "shares": 904, "comments": 0}, "stumbledupon": {"shares": 0}}, "site_full": "www.huffingtonpost.fr", "main_image": "http://i.huffpost.com/gen/4740198/images/o-MODE-POUR-ENFANTS-facebook.jpg", "site_section": "http://www.huffingtonpost.fr/feeds/verticals/france/news.xml", "section_title": "L'actu  sur Le HuffPost", "url": "http://www.huffingtonpost.fr/2016/10/03/video-mode-pour-enfants-coup-de-gueule-sexisme_n_12308452.html", "country": "FR", "domain_rank": 4984, "title": "Cette petite Anglaise pousse un coup de gueule parfait contre le sexisme de la mode pour enfants", "performance_score": 9, "site": "huffingtonpost.fr", "participants_count": 1, "title_full": "Cette petite Anglaise pousse un coup de gueule parfait contre le sexisme de la mode pour enfants", "spam_score": 0.0, "site_type": "news", "published": "2016-10-03T20:07:00.000+03:00", "replies_count": 0, "uuid": "ef17582cd26d056e139bace76ae74f1670d59dcc"}, "author": "Paul Guyonnet", "url": "http://www.huffingtonpost.fr/2016/10/03/video-mode-pour-enfants-coup-de-gueule-sexisme_n_12308452.html", "ord_in_thread": 0, "title": "Cette petite Anglaise pousse un coup de gueule parfait contre le sexisme de la mode pour enfants", "locations": [], "entities": {"persons": [], "locations": [], "organizations": []}, "highlightText": "", "language": "french", "persons": [], "text": "Previous Story Next Story Cette petite Anglaise pousse un coup de gueule parfait contre le sexisme de la mode pour enfants E-mail Commenter \nENFANTS - \"C'est injuste parce que tout le monde pense que les filles doivent juste être jolies et que les garçons doivent simplement être aventureux.\" Avec cette phrase, Daisy a conquis tout un pays. Cette jeune Britannique de huit ans vit dans le sud-est de l'Angleterre, dans le Comté de Wiltshire, et une vidéo dans laquelle elle apparaît sur Facebook a désormais été vue plus d'un million de fois. \nLa scène a été tournée par la maman de Daisy dans un magasin Tesco, une chaîne de supermarchés très répandue outre-Manche. Comme le montre notre vidéo en tête d'article , on y voit la fillette s'agacer face à deux rayons de vêtements pour enfants. D'un côté, chez les filles, les slogans sur les habits clament \"Je me sens superbe\" ou \"Jolie\" quand ceux des garçons vantent un goût illimité pour l'aventure et l'envie d'atteindre ses rêves. \nUne différenciation honteuse pour la jeune fille. \"C'est nul ! Pourquoi les garçons et les filles devraient être séparés ? On ne devrait pas être différenciés parce qu'on est aussi bien les uns que les autres.\" Et de conclure avec malice en allant placer des t-shirt pour garçon floqués \"Héros\" dans le rayon des filles. \nLire aussi :", "external_links": [], "published": "2016-10-03T20:07:00.000+03:00", "crawled": "2016-10-03T15:42:59.798+03:00", "highlightTitle": ""}