{"organizations": [], "uuid": "d650a6abbf01b50b7f965a513ebffd4190b2ea41", "thread": {"social": {"gplus": {"shares": 1}, "pinterest": {"shares": 0}, "vk": {"shares": 0}, "linkedin": {"shares": 0}, "facebook": {"likes": 10, "shares": 10, "comments": 0}, "stumbledupon": {"shares": 0}}, "site_full": "france3-regions.francetvinfo.fr", "main_image": "http://france3-regions.francetvinfo.fr/alsace/sites/regions_france3/files/styles/top_big/public/assets/images/tunnel_8.jpg?itok=4Lb-7rGL", "site_section": "http://france3-regions.francetvinfo.fr/economie/rss", "section_title": "France 3 Régions - économie", "url": "http://france3-regions.francetvinfo.fr/alsace/le-tunnel-de-schirmeck-ferme-une-partie-des-3-et-4-octobre-1098853.html", "country": "FR", "domain_rank": 3566, "title": "Le tunnel de Schirmeck fermé une partie des 3 et 4 octobre", "performance_score": 0, "site": "francetvinfo.fr", "participants_count": 1, "title_full": "Le tunnel de Schirmeck fermé une partie des 3 et 4 octobre", "spam_score": 0.0, "site_type": "news", "published": "2016-10-01T16:06:00.000+03:00", "replies_count": 0, "uuid": "d650a6abbf01b50b7f965a513ebffd4190b2ea41"}, "author": "M.C.", "url": "http://france3-regions.francetvinfo.fr/alsace/le-tunnel-de-schirmeck-ferme-une-partie-des-3-et-4-octobre-1098853.html", "ord_in_thread": 0, "title": "Le tunnel de Schirmeck fermé une partie des 3 et 4 octobre", "locations": [], "entities": {"persons": [], "locations": [], "organizations": []}, "highlightText": "", "language": "french", "persons": [], "text": "Alsace Le tunnel de Schirmeck fermé une partie des 3 et 4 octobre \nLe tunnel de Schirmeck sera fermé lundi 3 octobre de 9h à 12h et dans la nuit de mardi à mercredi de 21h à 1h du matin, a indiqué le Conseil départemental du Bas-Rhin. Par M.C. 01/10/2016 à 10:06 © appiani.eu Cette fermeture partielle a lieu en raison de l'exercice annuel de sécurité et de travaux de démontage d'un accélérateur endommagé lors d'un incident survenu en mars 2016. Une déviation sera mise en place via les communes de Schirmeck et La Broque. La nouvelle rame Citadis qui reliera Strasbourg à Kehl \nIls étaient plus de 10 000 votants pour choisir le design de la future rame du tram D qui reliera Strasbourg à Kehl. La nouvelle rame Citadis a été dévoilée dans un post sur le compte d'Alain Fontanel, le 1e adjoint au maire de Strasbourg. Elle devrait arriver la semaine prochaine à Strasbourg. Mis à jour le 30/09/2016 Strasbourg à la conquête de l'Est \nCe week-end, c'est la fête dans le quartier des Deux-Rives. La ville de Strasbourg a ouvert au public le pont du tram sur le Rhin ainsi que la friche de l'ancienne Coop au Port-du-Rhin. A découvrir en draisine ou à pied ! Mis à jour le 25/09/2016 Bâle, la ville où les vélos-cargos sont rois \nA Bâle, les cargo bike remportent un franc succès. Ces vélos rallongés avec un large baquet devant, bien pratiques pour transporter paquets ou enfants, sont considérés comme une vraie alternative à la voiture, et soutenus comme telle par les pouvoirs publics qui veulent réduire le flux automobile. Mis à jour le 18/09/2016", "external_links": [], "published": "2016-10-01T16:06:00.000+03:00", "crawled": "2016-10-01T11:20:27.830+03:00", "highlightTitle": ""}