{"organizations": [], "uuid": "603b9ecd8dfed3b4394c14545badc7184a23986c", "thread": {"social": {"gplus": {"shares": 0}, "pinterest": {"shares": 0}, "vk": {"shares": 0}, "linkedin": {"shares": 0}, "facebook": {"likes": 0, "shares": 0, "comments": 0}, "stumbledupon": {"shares": 0}}, "site_full": "www.anibis.ch", "main_image": "https://can01.anibis.ch/Velos-de-ville-Velo-de-route-taille-55/?1024x728/3/90/anibis/851/784/016/73h79cXb20mH3DnGgAjc9Q_1.jpg", "site_section": "http://anibis.ch//fr/moto-,-v%c3%a9lo--11/rssexport.aspx", "section_title": "Petites annonces Moto & vélo", "url": "http://www.anibis.ch/fr/moto-~-v%c3%a9lo--11/v%c3%a9lo-de-route-taille-55--16784851.aspx", "country": "CH", "domain_rank": 8918, "title": "Vélo de route taille 55", "performance_score": 0, "site": "anibis.ch", "participants_count": 0, "title_full": "Vélo de route taille 55", "spam_score": 0.0, "site_type": "news", "published": "2016-10-03T23:40:00.000+03:00", "replies_count": 0, "uuid": "603b9ecd8dfed3b4394c14545badc7184a23986c"}, "author": "", "url": "http://www.anibis.ch/fr/moto-~-v%c3%a9lo--11/v%c3%a9lo-de-route-taille-55--16784851.aspx", "ord_in_thread": 0, "title": "Vélo de route taille 55", "locations": [], "entities": {"persons": [], "locations": [], "organizations": []}, "highlightText": "", "language": "french", "persons": [], "text": "Vélo de route taille 55 Type d'insertion: 100.– Description: \nVélo 5 vitesses avec sélécteur au guidon. Tout est neuf, sauf le cadre et le pédalier qui sont en parfait état de fonctionnement. Avec lumières et cadena. Le dérailleur doit être réglé \n(pas de sms, appels uniquement) Payer simplement et en toute sécurité? Envoyer et recevoir de l'argent avec Cet utilisateur a confirmé son compte avec un numéro de mobile valable. mk75 Membre depuis le 23.05.2010 Téléphone : +41 789413669 Transmettre l'annonce par e-mail Vous connaissez quelqu'un qui pourrait s'intéresser à cette annonce ? Envoyez lui un e-mail grâce à ce formulaire. Expéditeur : Veuillez nous indiquer en quelques mots pourquoi cette annonce est une arnaque. e-mail* : Indiquez-nous d'autres annonces concernées (optionel): Multipostage (spam) A votre avis, pourquoi s'agit-il d'une fraude? Fraude Pouvez-vous nous indiquer l'article de loi? Illégal Merci d'indiquer le chapitre de notre CG? Interdit sur anibis.ch Pouvez-vous nous donner une preuve de ces insultes (copie d'email) Insulte Merci de nous donner le site original Contrefaçon Pouvez-vous nous donner l'URL du texte ou l'image original? Copyright Veuillez préciser la raison de votre signalement : Autre raison", "external_links": [], "published": "2016-10-03T23:40:00.000+03:00", "crawled": "2016-10-03T18:59:38.797+03:00", "highlightTitle": ""}