{"organizations": [], "uuid": "9a3bd17ad752f9e42433c603131775d9cafc529f", "thread": {"social": {"gplus": {"shares": 0}, "pinterest": {"shares": 0}, "vk": {"shares": 0}, "linkedin": {"shares": 0}, "facebook": {"likes": 0, "shares": 0, "comments": 0}, "stumbledupon": {"shares": 0}}, "site_full": "www.lesoir.be", "main_image": "http://ls.rosselcdn.net/sites/default/files/imagecache/1200x627/2016/10/03/358259254_cd807ef9d6a44512d027ff2e7b05dfd0_porcs_4.jpg", "site_section": "http://www.lesoir.be/feed/Economie/Agriculture/destination_principale_block/", "section_title": "Agriculture - www.lesoir.be", "url": "http://www.lesoir.be/1332768/article/economie/agriculture/2016-10-03/ralentissement-des-exportations-europeennes-toujours-tirees-par-porc", "country": "BE", "domain_rank": 5318, "title": "Ralentissement des exportations européennes toujours tirées par le porc", "performance_score": 0, "site": "lesoir.be", "participants_count": 1, "title_full": "Ralentissement des exportations européennes toujours tirées par le porc | Agriculture - lesoir.be", "spam_score": 0.0, "site_type": "news", "published": "2016-10-03T03:00:00.000+03:00", "replies_count": 0, "uuid": "9a3bd17ad752f9e42433c603131775d9cafc529f"}, "author": "lesoir.com", "url": "http://www.lesoir.be/1332768/article/economie/agriculture/2016-10-03/ralentissement-des-exportations-europeennes-toujours-tirees-par-porc", "ord_in_thread": 0, "title": "Ralentissement des exportations européennes toujours tirées par le porc", "locations": [], "entities": {"persons": [], "locations": [], "organizations": []}, "highlightText": "", "language": "french", "persons": [], "text": "Sur les douze derniers mois (d’août 2015 à juillet 2016), les exportations agroalimentaires de l’UE ont atteint plus de 128 milliards € en valeur, soit une augmentation de 0,7 % par rapport à la même période un an auparavant, selon les dernières données publiées le 27 septembre par la Commission européenne.", "external_links": [], "published": "2016-10-03T03:00:00.000+03:00", "crawled": "2016-10-03T17:37:03.692+03:00", "highlightTitle": ""}