{"organizations": [], "uuid": "64f17d408a9d60739f2f861125dab80b0a88211e", "thread": {"social": {"gplus": {"shares": 0}, "pinterest": {"shares": 0}, "vk": {"shares": 0}, "linkedin": {"shares": 0}, "facebook": {"likes": 0, "shares": 0, "comments": 0}, "stumbledupon": {"shares": 0}}, "site_full": "la1ere.francetvinfo.fr", "main_image": "http://la1ere.francetvinfo.fr/martinique/sites/regions_outremer/files/styles/top_big/public/assets/images/2016/05/30/seisme.jpg?itok=WXpeu8s6", "site_section": "http://www.la1ere.fr/societe/rss", "section_title": "outre-mer 1ère - société", "url": "http://la1ere.francetvinfo.fr/martinique/leger-seisme-au-large-de-basse-pointe-402913.html", "country": "FR", "domain_rank": 3566, "title": "Léger séisme au large de Basse-Pointe", "performance_score": 0, "site": "francetvinfo.fr", "participants_count": 1, "title_full": "Léger séisme au large de Basse-Pointe", "spam_score": 0.0, "site_type": "news", "published": "2016-10-03T23:48:00.000+03:00", "replies_count": 0, "uuid": "64f17d408a9d60739f2f861125dab80b0a88211e"}, "author": "Martinique 1ère", "url": "http://la1ere.francetvinfo.fr/martinique/leger-seisme-au-large-de-basse-pointe-402913.html", "ord_in_thread": 0, "title": "Léger séisme au large de Basse-Pointe", "locations": [], "entities": {"persons": [], "locations": [], "organizations": []}, "highlightText": "", "language": "french", "persons": [], "text": "Un nouveau séisme localisé au large des Anses d'Arlet \nUn séisme mineur (magnitude 3.7 sur l’Échelle de Richter) a été enregistré ce mercredi à 13h 03 et identifié d’origine Tectonique. L’épicentre a été localisé à 27 km au sud-sud-ouest des Anses d'Arlet, à 20 km de profondeur (soit une distance hypocentrale d’environ 34 km). Mis à jour le mercredi 24 Août 2016 à 13:56 Léger tremblement de terre au nord du Prêcheur \nUn séisme léger (magnitude 3.9 sur l’Échelle de Richter) a été enregistré lundi soir à 21h09 et identifié d’origine Tectonique. L’épicentre a été localisé à 9 km au nord−ouest du Prêcheur, à 149 km de profondeur, indique l'observatoire sismologique. Mis à jour le lundi 22 Août 2016 à 22:05", "external_links": [], "published": "2016-10-03T23:48:00.000+03:00", "crawled": "2016-10-03T19:48:57.617+03:00", "highlightTitle": ""}