{"organizations": [], "uuid": "1446df2b8e1cb9dc45b5f224f797c0549890cfaa", "thread": {"social": {"gplus": {"shares": 0}, "pinterest": {"shares": 0}, "vk": {"shares": 0}, "linkedin": {"shares": 0}, "facebook": {"likes": 0, "shares": 0, "comments": 0}, "stumbledupon": {"shares": 0}}, "site_full": "www.anibis.ch", "main_image": "https://can01.anibis.ch/Classique-Guitare-classique-de-luthier/?1024x728/3/90/anibis/239/783/016/iZroBxxo8kCCQpO7eMd7Bw_1.jpg", "site_section": "http://anibis.ch//fr/musique-instruments--23/rssexport.aspx", "section_title": "Petites annonces Musique - Instruments", "url": "http://www.anibis.ch/fr/musique-instruments--23/guitare-classique-de-luthier--16783239.aspx", "country": "CH", "domain_rank": 8918, "title": "Guitare classique de luthier", "performance_score": 0, "site": "anibis.ch", "participants_count": 0, "title_full": "Guitare classique de luthier", "spam_score": 0.0, "site_type": "news", "published": "2016-10-03T20:31:00.000+03:00", "replies_count": 0, "uuid": "1446df2b8e1cb9dc45b5f224f797c0549890cfaa"}, "author": "", "url": "http://www.anibis.ch/fr/musique-instruments--23/guitare-classique-de-luthier--16783239.aspx", "ord_in_thread": 0, "title": "Guitare classique de luthier", "locations": [], "entities": {"persons": [], "locations": [], "organizations": []}, "highlightText": "", "language": "french", "persons": [], "text": "Pouvez-vous nous indiquer l'article de loi? Illégal Merci d'indiquer le chapitre de notre CG? Interdit sur anibis.ch Pouvez-vous nous donner une preuve de ces insultes (copie d'email) Insulte Merci de nous donner le site original Contrefaçon Pouvez-vous nous donner l'URL du texte ou l'image original? Copyright Veuillez préciser la raison de votre signalement : Autre raison", "external_links": [], "published": "2016-10-03T20:31:00.000+03:00", "crawled": "2016-10-03T15:38:21.043+03:00", "highlightTitle": ""}