{"organizations": [], "uuid": "86a148a9360503c4fef9fae5e82efbe80f74165c", "thread": {"social": {"gplus": {"shares": 0}, "pinterest": {"shares": 0}, "vk": {"shares": 0}, "linkedin": {"shares": 0}, "facebook": {"likes": 0, "shares": 0, "comments": 0}, "stumbledupon": {"shares": 0}}, "site_full": "actu.orange.fr", "main_image": "http://media1.woopic.com/api/v1/images/156%2FcjAWZ%2Fen-syrie-un-secouriste-sauve-un-bebe-des-decombres-et-fond-en-larmes%7Cx240-ZXV.jpg?format=470x264&amp;facedetect=1&amp;quality=85", "site_section": "", "section_title": "", "url": "http://actu.orange.fr/societe/videos/en-syrie-un-secouriste-sauve-un-bebe-des-decombres-et-fond-en-larmes-VID0000002daj7.html", "country": "FR", "domain_rank": 208, "title": "En Syrie, un secouriste sauve un bébé des décombres et fond en larmes - en vidéos sur actu.orange.fr", "performance_score": 0, "site": "orange.fr", "participants_count": 0, "title_full": "En Syrie, un secouriste sauve un bébé des décombres et fond en larmes - en vidéos sur actu.orange.fr", "spam_score": 0.2, "site_type": "news", "published": "2016-10-02T05:05:00.000+03:00", "replies_count": 0, "uuid": "86a148a9360503c4fef9fae5e82efbe80f74165c"}, "author": "", "url": "http://actu.orange.fr/societe/videos/en-syrie-un-secouriste-sauve-un-bebe-des-decombres-et-fond-en-larmes-VID0000002daj7.html", "ord_in_thread": 0, "title": "En Syrie, un secouriste sauve un bébé des décombres et fond en larmes - en vidéos sur actu.orange.fr", "locations": [], "entities": {"persons": [], "locations": [], "organizations": []}, "highlightText": "", "language": "french", "persons": [], "text": "En Syrie, un secouriste sauve un bébé des décombres et fond en larmes par BuzzVid \nUne vidéo mise en ligne jeudi par un journaliste indépendant montre un bénévole secourir une petite fille restée plusieurs heures sous les gravats d'un immeuble bombardé, dans la ville d'Idlib. Vidéo suivante dans 5 secondes vidéos similaires ", "external_links": [], "published": "2016-10-02T05:05:00.000+03:00", "crawled": "2016-10-01T22:13:33.064+03:00", "highlightTitle": ""}