{"organizations": [], "uuid": "788bc364de6f6bd0843507f0e761908380ad176f", "thread": {"social": {"gplus": {"shares": 0}, "pinterest": {"shares": 0}, "vk": {"shares": 0}, "linkedin": {"shares": 0}, "facebook": {"likes": 0, "shares": 0, "comments": 0}, "stumbledupon": {"shares": 0}}, "site_full": "www.lefigaro.fr", "main_image": "http://i.f1g.fr/media/ext/orig/www.lefigaro.fr/img/logo-figaro-1200x360.jpg", "site_section": "http://www.lefigaro.fr/rss/figaro_flash-actu.xml", "section_title": "LE FIGARO - Le Figaro - Le Flash Actu", "url": "http://www.lefigaro.fr/flash-actu/2016/09/30/97001-20160930FILWWW00319-nantes-enquete-pour-disparition-inquietante.php", "country": "FR", "domain_rank": 1013, "title": "Nantes: enquête pour disparition inquiétante", "performance_score": 0, "site": "lefigaro.fr", "participants_count": 0, "title_full": "Nantes: enquête pour disparition inquiétante", "spam_score": 0.0, "site_type": "news", "published": "2016-10-01T00:38:00.000+03:00", "replies_count": 0, "uuid": "788bc364de6f6bd0843507f0e761908380ad176f"}, "author": "", "url": "http://www.lefigaro.fr/flash-actu/2016/09/30/97001-20160930FILWWW00319-nantes-enquete-pour-disparition-inquietante.php", "ord_in_thread": 0, "title": "Nantes: enquête pour disparition inquiétante", "locations": [], "entities": {"persons": [], "locations": [], "organizations": []}, "highlightText": "", "language": "french", "persons": [], "text": "Nantes: enquête pour disparition inquiétante Par lefigaro.fr Publié le 30/09/2016 à 18:38 Romain Barré, un homme de 38 ans, fait l'objet d'une enquête pour disparition inquiétante à Nantes, rapporte Presse Océan . Il n'a plus été vu depuis la nuit de mardi à mercredi vers 1 h du matin. Il sortait d'un bar tout près de la place Viarme, à Nantes. Depuis, son téléphone portable est éteint et plus personne ne l'a vu, pas plus que sa voiture, une Peugeot 207 bleu marine immatriculée CX-975-PF. Ses proches se mobilisent pour tenter de le retrouver. Des affiches ont été collées dans Nantes et un appel lancé sur Facebook. Il a par ailleurs été inscrit sur le Fichier des personnes recherchées. Romain Barré mesure environ 1,75 m. De corpulence mince, il a des cheveux châtains mi-longs et des yeux clairs. Le soir de sa disparition, il portait un pull et un pantalon beiges. La police lance un appel à témoins. Toute personne qui aurait vu Romain Barré depuis le soir de sa disparition est appelée à contacter le commissariat au 02 53 46 73 65 (semaine) ou 02 53 46 70 56 (week-end). Publicité", "external_links": [], "published": "2016-10-01T00:38:00.000+03:00", "crawled": "2016-10-01T01:30:39.819+03:00", "highlightTitle": ""}