{"organizations": [], "uuid": "96033997af9e112195edc6ee605c6905179b116f", "thread": {"social": {"gplus": {"shares": 0}, "pinterest": {"shares": 0}, "vk": {"shares": 0}, "linkedin": {"shares": 0}, "facebook": {"likes": 0, "shares": 0, "comments": 0}, "stumbledupon": {"shares": 0}}, "site_full": "www.footmercato.net", "main_image": "", "site_section": "http://footmercato.net//flux-rss", "section_title": "Foot Mercato : Info Transferts Football - Actu Foot Transfert", "url": "http://www.footmercato.net/breves/encore-un-blesse-a-saint-etienne_187679", "country": "FR", "domain_rank": 6556, "title": "Encore un blessé à Saint-Etienne !", "performance_score": 0, "site": "footmercato.net", "participants_count": 1, "title_full": "Encore un blessé à Saint-Etienne !", "spam_score": 0.0, "site_type": "news", "published": "2016-10-03T22:51:00.000+03:00", "replies_count": 0, "uuid": "96033997af9e112195edc6ee605c6905179b116f"}, "author": "Alexis Cimolino", "url": "http://www.footmercato.net/breves/encore-un-blesse-a-saint-etienne_187679", "ord_in_thread": 0, "title": "Encore un blessé à Saint-Etienne !", "locations": [], "entities": {"persons": [], "locations": [], "organizations": []}, "highlightText": "", "language": "french", "persons": [], "text": "Accueil > Flash Mercato > Encore un blessé à Saint-Etienne ! Encore un blessé à Saint-Etienne ! Publié le : Alexis Cimolino Suivre @AlexisCIMOLINO \nÉnorme coup dur pour l’ASSE ! Sorti à la 25e minute du derby face à Lyon dimanche soir, Romain Hamouma souffre d’un claquage à la cuisse droite et sera absent des terrains six semaines d’après les informations de l’Equipe . \nUn nouveau forfait pour le club forézien, déjà confronté aux blessures de Loïc Perrin, Kevin Théophile-Catherine ou encore Florentin Pogba.", "external_links": [], "published": "2016-10-03T22:51:00.000+03:00", "crawled": "2016-10-03T18:21:28.719+03:00", "highlightTitle": ""}