{"organizations": [], "uuid": "052ccb455976414658c98c853eb7870a4a9ef439", "thread": {"social": {"gplus": {"shares": 0}, "pinterest": {"shares": 0}, "vk": {"shares": 0}, "linkedin": {"shares": 0}, "facebook": {"likes": 0, "shares": 0, "comments": 0}, "stumbledupon": {"shares": 0}}, "site_full": "www.anibis.ch", "main_image": "https://can01.anibis.ch/Claviers-Piano-electrique-PS32/?1024x728/3/90/anibis/822/053/016/LoNb_AUBHE25Yq6SW0eO-Q_1.jpg", "site_section": "http://anibis.ch//fr/musique-instruments--23/rssexport.aspx", "section_title": "Petites annonces Musique - Instruments", "url": "http://www.anibis.ch/fr/musique-instruments--23/piano-%c3%a9lectrique-ps32--16053822.aspx", "country": "CH", "domain_rank": 8918, "title": "Piano électrique PS32", "performance_score": 0, "site": "anibis.ch", "participants_count": 0, "title_full": "Piano électrique PS32", "spam_score": 0.0, "site_type": "news", "published": "2016-10-01T19:25:00.000+03:00", "replies_count": 0, "uuid": "052ccb455976414658c98c853eb7870a4a9ef439"}, "author": "", "url": "http://www.anibis.ch/fr/musique-instruments--23/piano-%c3%a9lectrique-ps32--16053822.aspx", "ord_in_thread": 0, "title": "Piano électrique PS32", "locations": [], "entities": {"persons": [], "locations": [], "organizations": []}, "highlightText": "", "language": "french", "persons": [], "text": "Pouvez-vous nous indiquer l'article de loi? Illégal Merci d'indiquer le chapitre de notre CG? Interdit sur anibis.ch Pouvez-vous nous donner une preuve de ces insultes (copie d'email) Insulte Merci de nous donner le site original Contrefaçon Pouvez-vous nous donner l'URL du texte ou l'image original? Copyright Veuillez préciser la raison de votre signalement : Autre raison", "external_links": [], "published": "2016-10-01T19:25:00.000+03:00", "crawled": "2016-10-01T14:57:29.803+03:00", "highlightTitle": ""}