{"organizations": [], "uuid": "a89ee6a28bed4607cf8caf84a8567d5ff25b4c6a", "thread": {"social": {"gplus": {"shares": 0}, "pinterest": {"shares": 0}, "vk": {"shares": 0}, "linkedin": {"shares": 0}, "facebook": {"likes": 0, "shares": 0, "comments": 0}, "stumbledupon": {"shares": 0}}, "site_full": "www.anibis.ch", "main_image": "https://can01.anibis.ch/Horloges-murales-Horloge-style-Pop-Art/?1024x728/3/90/anibis/061/750/016/5J03Bwb8u0ymPLGuja_tfA_1.jpg", "site_section": "http://anibis.ch//fr/bijouterie-,-horlogerie--5/rssexport.aspx", "section_title": "Petites annonces Bijouterie & Horlogerie", "url": "http://www.anibis.ch/fr/bijouterie-~-horlogerie--5/horloge-style-pop-art--16750061.aspx", "country": "CH", "domain_rank": 8918, "title": "Horloge style Pop Art", "performance_score": 0, "site": "anibis.ch", "participants_count": 0, "title_full": "Horloge style Pop Art", "spam_score": 0.0, "site_type": "news", "published": "2016-09-30T22:36:00.000+03:00", "replies_count": 0, "uuid": "a89ee6a28bed4607cf8caf84a8567d5ff25b4c6a"}, "author": "", "url": "http://www.anibis.ch/fr/bijouterie-~-horlogerie--5/horloge-style-pop-art--16750061.aspx", "ord_in_thread": 0, "title": "Horloge style Pop Art", "locations": [], "entities": {"persons": [], "locations": [], "organizations": []}, "highlightText": "", "language": "french", "persons": [], "text": "Pouvez-vous nous indiquer l'article de loi? Illégal Merci d'indiquer le chapitre de notre CG? Interdit sur anibis.ch Pouvez-vous nous donner une preuve de ces insultes (copie d'email) Insulte Merci de nous donner le site original Contrefaçon Pouvez-vous nous donner l'URL du texte ou l'image original? Copyright Veuillez préciser la raison de votre signalement : Autre raison", "external_links": [], "published": "2016-09-30T22:36:00.000+03:00", "crawled": "2016-10-01T04:38:17.481+03:00", "highlightTitle": ""}