{"organizations": [], "uuid": "05157bdb1f6b68e9e0e28991decb97a2c09c89fa", "thread": {"social": {"gplus": {"shares": 0}, "pinterest": {"shares": 0}, "vk": {"shares": 0}, "linkedin": {"shares": 0}, "facebook": {"likes": 0, "shares": 0, "comments": 0}, "stumbledupon": {"shares": 0}}, "site_full": "sports.orange.fr", "main_image": "http://media1.woopic.com/504/f/470x264/q/85/fd/p/media365-sport-news|98a|2a4|f8d89e471782d043a00ed35d51/tennis-wta-pekin-muguruza-se-rassure|2729899_muguruza-1024x425_ext.jpg", "site_section": "", "section_title": "", "url": "http://sports.orange.fr/tennis/wta/article/tennis-wta-pekin-muguruza-se-rassure-CNT000000uAQDW.html", "country": "FR", "domain_rank": 208, "title": "Tennis - WTA - Pékin : Muguruza se rassure - Orange Sport", "performance_score": 0, "site": "orange.fr", "participants_count": 0, "title_full": "Tennis - WTA - Pékin : Muguruza se rassure - Orange Sport", "spam_score": 0.282, "site_type": "news", "published": "2016-10-03T15:41:00.000+03:00", "replies_count": 0, "uuid": "05157bdb1f6b68e9e0e28991decb97a2c09c89fa"}, "author": "", "url": "http://sports.orange.fr/tennis/wta/article/tennis-wta-pekin-muguruza-se-rassure-CNT000000uAQDW.html", "ord_in_thread": 0, "title": "Tennis - WTA - Pékin : Muguruza se rassure - Orange Sport", "locations": [], "entities": {"persons": [], "locations": [], "organizations": []}, "highlightText": "", "language": "french", "persons": [], "text": "Tennis - WTA - Québec : Dodin renversante, Beck sortie publié le 3 octobre \nVainqueur dans la douleur de la Roumaine Begu au premier tour du tournoi de Pékin, Garbine Muguruza (n°2) s'est rassurée face à la Kazakhe Putintseva. L'Espagnole s'est imposée en deux sets (6-2, 7-6) et est la première qualifiée pour le troisième tour. \nPEKIN (Chine, WTA Premier Mandatory, dur, 5 595 000€)Tenante du titre : Garbine Muguruza (ESP)2eme tourKerber (ALL, n°1) ou Siniakova (RTC, Q) - Strycova (RTC) ou Siegemund (ALL)Lisicki (ALL, WC) - Svitolina (UKR, n°16)Bacsinszky (SUI, n°12) ou Arruabarrena (ESP, Q) - Gavrilova (AUS)Garcia (FRA) ou Goerges (ALL) - Peng (CHN, WC) ou V.Williams (USA, n°6)A.Radwanska (POL, n°3) ou Wang (CHN, WC) - Makarova (RUS)Wozniacki (DAN) - Vinci (ITA, n°13)Cibulkova (SLQ, n°10) - Cornet (FRA)Bencic (SUI) - Shvedova (KAZ)Ka.Pliskova (RTC, n°5) - Chiriko (USA, Q) ou Kasatkina (RUS)Babos (HUN) - Konta (GBR, n°11)Riske (USA, Q) - Zhang (CHN)Wickmayer (BEL) - Halep (ROU, n°4)Keys (USA, n°8) ou Duan (CHN, WC) - Mladenovic (FRA)Doi (JAP) - Kuznetsova (RUS, n°9)Kvitova (RTC, n°14) - Wang (CHN) Muguruza (ESP, n°2) bat Putintseva (KAZ) : 6-2, 7-61er tourKerber (ALL, n°1) - Siniakova (RTC, Q)Strycova (RTC) - Siegemund (ALL) Lisicki (ALL, WC) bat Lucic-Baroni (CRO) : 6-2, 6-2 Svitolina (UKR, n°16) bat Maria (ALL, Q) : 6-2, 6-2Bacsinszky (SUI, n°12) - Arruabarrena (ESP, Q) Gavrilova (AUS) bat McHale (USA) : 6-4, 6-4Garcia (FRA) - Goerges (ALL)Peng (CHN, WC) - V.Williams (USA, n°6) A.Radwanska (POL, n°3) bat Wang (CHN, WC) : 6-2, 6-2 Makarova (RUS) bat Vesnina (RUS) : 6-2, 6-1 Wozniacki (DAN) bat Vandeweghe (USA) : 6-1, 2-6, 6-4 Vinci (ITA, n°13) bat Zheng (CHN, WC) : 6-0, 3-6, 6-3Cibulkova (SLQ, n°10) - Bye Cornet (FRA) - Rogers (USA) : 4-6, 6-2, 6-2 Bencic (SUI) bat Beck (ALL) : 6-3, 6-2 Shvedova (KAZ) bat Suarez Navarro (ESP, n°7) : 6-1, 6-3 Ka.Pliskova (RTC, n°5) bat Safarova (RTC) : 6-7, 6-1, 6-4Chirico (USA, Q) - Kasatkina (RUS) Babos (HUN) bat Kovinic (MNE) : 6-1, 6-2 Konta (GBR, n°11) bat Sevastova (LET) : 6-1, 6-1 Riske (USA, Q) bat Pavlyuchenkova (RUS, n°15) : 7-6, 6-1 Zhang (CHN) bat Stosur (AUS) : 6-1, 6-2 Wickmayer (BEL) bat Puig (PUR) : 6-2, 6-0Halep (ROU, n°4) - Bye Keys (USA, n°8) bat Duan (CHN, WC) : 6-0, 4-6, 6-1 Mladenovic (FRA) bat Jankovic (SER) : 6-3, 5-7, 7-6 Doi (JAP) bat Gibbs (USA) : 7-5, 6-2Kuznetsova (RUS, n°9) - ByeKvitova (RTC, n°14) - Bye Wang (CHN) bat Brengle (USA) : 6-2, 6-2 Putintseva (KAZ) bat Ostapenko (LET) : 6-1, 3-6, 7-5 Muguruza (ESP, n°2) bat Begu (ROU) : 2-6, 6-2, 6-3 Publicité ", "external_links": [], "published": "2016-10-03T15:41:00.000+03:00", "crawled": "2016-10-03T14:00:31.948+03:00", "highlightTitle": ""}