{"organizations": [], "uuid": "84b2f5103b7f641289c689a090861e6c22a6bafe", "thread": {"social": {"gplus": {"shares": 0}, "pinterest": {"shares": 0}, "vk": {"shares": 0}, "linkedin": {"shares": 0}, "facebook": {"likes": 0, "shares": 0, "comments": 0}, "stumbledupon": {"shares": 0}}, "site_full": "actu.orange.fr", "main_image": "http://media3.woopic.com/api/v1/images/661%2Ffrancetv-actu-articles%2F24e%2F7e9%2F8cba48cb6ee5471ae05037b15d%2Farnaud-montebourg-officialise-sa-participation-a-la-primaire-a-gauche%7C10869819.jpg?format=470x264&amp;facedetect=1&amp;quality=85", "site_section": "", "section_title": "", "url": "http://actu.orange.fr/politique/arnaud-montebourg-officialise-sa-participation-a-la-primaire-a-gauche-francetv-CNT000000uzkyV.html", "country": "FR", "domain_rank": 208, "title": "Arnaud Montebourg officialise sa participation à la primaire à gauche sur Orange Actualités", "performance_score": 0, "site": "orange.fr", "participants_count": 0, "title_full": "Arnaud Montebourg officialise sa participation à la primaire à gauche sur Orange Actualités", "spam_score": 0.049, "site_type": "news", "published": "2016-10-03T06:39:00.000+03:00", "replies_count": 0, "uuid": "84b2f5103b7f641289c689a090861e6c22a6bafe"}, "author": "", "url": "http://actu.orange.fr/politique/arnaud-montebourg-officialise-sa-participation-a-la-primaire-a-gauche-francetv-CNT000000uzkyV.html", "ord_in_thread": 0, "title": "Arnaud Montebourg officialise sa participation à la primaire à gauche sur Orange Actualités", "locations": [], "entities": {"persons": [], "locations": [], "organizations": []}, "highlightText": "", "language": "french", "persons": [], "text": "Montebourg candidat à la primaire organisée par le PS franceinfo, publié le dimanche 02 octobre 2016 à 22h39 \nAprès plus d'un mois de flou, il lève le doute. Le candidat à l'élection présidentielle Arnaud Montebourg a annoncé, dimanche 2 octobre, sur TF1, qu'il prendrait part à la primaire à gauche organisée par le PS. Il est le cinquième participant à se déclarer, après Marie-Noëlle Lienemann (PS), Benoît Hamon (PS), François de Rugy (Ecologistes !) et Jean-Luc Bennahmias (Front démocrate). \nArnaud @Montebourg : \"Oui, j'ai décidé d'inscrire mon nom dans le cadre de la primaire de la gauche pour l'élection présidentielle\" #JWE pic.twitter.com/9uPJaZA9F7 \n- TF1 Le JT (@TF1LeJT) 2 octobre 2016Hollande en \"chauffeur de salle\" ? \nL'ancien ministre de l'Economie a lancé \"un appel au peuple de gauche\", l'invitant à \"participer au renouvellement de la gauche\" face à une possible can... ", "external_links": [], "published": "2016-10-03T06:39:00.000+03:00", "crawled": "2016-10-02T23:09:15.617+03:00", "highlightTitle": ""}