{"organizations": [], "uuid": "b5692bf3d16379ff0e815267e1e5f41c0e471a3c", "thread": {"social": {"gplus": {"shares": 0}, "pinterest": {"shares": 0}, "vk": {"shares": 0}, "linkedin": {"shares": 0}, "facebook": {"likes": 0, "shares": 0, "comments": 0}, "stumbledupon": {"shares": 0}}, "site_full": "www.anibis.ch", "main_image": "https://can01.anibis.ch/Telephone-rose-Ma--vie-sans--le-sexe-cest--tellement--banale./?1024x728/3/90/anibis/730/398/016/xEdCwg1h60eJtvqXFrFuaw_1.jpg", "site_section": "http://anibis.ch//fr/erotique--15/rssexport.aspx", "section_title": "Petites annonces Erotique", "url": "http://www.anibis.ch/fr/erotique--15/ma-vie-sans-le-sexe-c'est-tellement-banale--16398730.aspx", "country": "CH", "domain_rank": 8918, "title": "Ma vie sans le sexe c'est tellement banale.", "performance_score": 0, "site": "anibis.ch", "participants_count": 0, "title_full": "Ma vie sans le sexe c'est tellement banale.", "spam_score": 0.0, "site_type": "news", "published": "2016-10-04T01:32:00.000+03:00", "replies_count": 0, "uuid": "b5692bf3d16379ff0e815267e1e5f41c0e471a3c"}, "author": "", "url": "http://www.anibis.ch/fr/erotique--15/ma-vie-sans-le-sexe-c'est-tellement-banale--16398730.aspx", "ord_in_thread": 0, "title": "Ma vie sans le sexe c'est tellement banale.", "locations": [], "entities": {"persons": [], "locations": [], "organizations": []}, "highlightText": "", "language": "french", "persons": [], "text": "Ma vie sans le sexe c'est tellement banale. Type d'insertion: Gratuit Description: \nC'est le seul truc qui me motive dans la vie. En plus, j'aime me changer de partenaire de temps en temps. ça rend les choses de plus en plus excitantes. Je vous invite juste à papoter un peu et on se fera une rencontre si vous me plaisez. 0906 785 452 Fr. 2.-/appel + Fr. 2.-/min Cet utilisateur a confirmé son compte avec un numéro de mobile valable. Répondre par e-mail Êtes-vous intéressé par cette offre? Ecrivez un message à l’annonceur. Mon nom : Transmettre l'annonce par e-mail Vous connaissez quelqu'un qui pourrait s'intéresser à cette annonce ? Envoyez lui un e-mail grâce à ce formulaire. Expéditeur : Veuillez nous indiquer en quelques mots pourquoi cette annonce est une arnaque. e-mail* : Indiquez-nous d'autres annonces concernées (optionel): Multipostage (spam) A votre avis, pourquoi s'agit-il d'une fraude? Fraude Pouvez-vous nous indiquer l'article de loi? Illégal Merci d'indiquer le chapitre de notre CG? Interdit sur anibis.ch Pouvez-vous nous donner une preuve de ces insultes (copie d'email) Insulte Merci de nous donner le site original Contrefaçon Pouvez-vous nous donner l'URL du texte ou l'image original? Copyright Veuillez préciser la raison de votre signalement : Autre raison Si le prix n'est pas mentionné dans l'annonce, pouvez-vous nous donner une preuve (e-mail) ? Vénale", "external_links": [], "published": "2016-10-04T01:32:00.000+03:00", "crawled": "2016-10-03T20:46:13.591+03:00", "highlightTitle": ""}