{"organizations": [], "uuid": "f3253d62166391bc4aa5d176404464aa30cb894e", "thread": {"social": {"gplus": {"shares": 0}, "pinterest": {"shares": 0}, "vk": {"shares": 0}, "linkedin": {"shares": 0}, "facebook": {"likes": 0, "shares": 0, "comments": 0}, "stumbledupon": {"shares": 0}}, "site_full": "www.dealabs.com", "main_image": "https://static.dealabs.com/deal_image_orig/57f03e8768be85.06102363.jpg", "site_section": "http://www.dealabs.com/rss/new.xml", "section_title": "Dealabs.com : Tous les nouveaux deals", "url": "https://www.dealabs.com/bons-plans/smartphone-huawei-mate-s-blanc/265254", "country": "US", "domain_rank": 8128, "title": "Smartphone HUAWEI Mate S Blanc 32gb à 249€ en magasin @ Saturn.de (Frontaliers ALL)", "performance_score": 0, "site": "dealabs.com", "participants_count": 1, "title_full": "Smartphone HUAWEI Mate S Blanc 32gb à 249€ en magasin @ Saturn.de (Frontaliers ALL)", "spam_score": 0.0, "site_type": "news", "published": "2016-10-02T08:53:00.000+03:00", "replies_count": 0, "uuid": "f3253d62166391bc4aa5d176404464aa30cb894e"}, "author": "Paps67", "url": "https://www.dealabs.com/bons-plans/smartphone-huawei-mate-s-blanc/265254", "ord_in_thread": 0, "title": "Smartphone HUAWEI Mate S Blanc 32gb à 249€ en magasin @ Saturn.de (Frontaliers ALL)", "locations": [], "entities": {"persons": [], "locations": [], "organizations": []}, "highlightText": "", "language": "french", "persons": [], "text": "En magasin Smartphone HUAWEI Mate S Blanc 32gb à 249€ en magasin @ Saturn.de (Frontaliers ALL) Posté le 02/10/2016 à 00h53    Modifié il y a 45 s \nnew\n249€\n349.00€ (-29%)\nLocalisation : Alsace (67, 68), Lorraine (54, 55, 57)\nBonsoir tous ,\nPetit deal chez Saturn.de valable jusqu'a lundi\n\nLe HUAWEI Mate S doté d'un écran de 5,5 pouce FHD\navec 32gb de mémoire + 3 gb de ram\nslot sd card dispo, batterie 2700 mah\nprocesseur octacore , compatible 4G toute bandes Fr\n\nA commander en ligne et à recupèrer en magasin...", "external_links": [], "published": "2016-10-02T08:53:00.000+03:00", "crawled": "2016-10-02T02:01:29.386+03:00", "highlightTitle": ""}