{"organizations": [], "uuid": "d34a3685a6d51aa65bb53e9373db259e14c49c60", "thread": {"social": {"gplus": {"shares": 0}, "pinterest": {"shares": 0}, "vk": {"shares": 0}, "linkedin": {"shares": 0}, "facebook": {"likes": 0, "shares": 0, "comments": 0}, "stumbledupon": {"shares": 0}}, "site_full": "www.lequipe.fr", "main_image": "http://medias.lequipe.fr/img-photo-jpg/luigi-del-neri/1500000000628860/295:158,1799:916-665-335-70/3eec0.jpg", "site_section": "http://www.lequipe.fr/Xml/Football/Titres/actu_rss.xml", "section_title": "L'Equipe.fr Actu Football", "url": "http://www.lequipe.fr/Football/Actualites/Luigi-delneri-nomme-entraineur-de-l-udinese/733619", "country": "FR", "domain_rank": 977, "title": "Foot - ITA - Udinese - Luigi Delneri nommé entraîneur de l'Udinese", "performance_score": 0, "site": "lequipe.fr", "participants_count": 0, "title_full": "Foot - ITA - Udinese - Luigi Delneri nommé entraîneur de l'Udinese", "spam_score": 0.0, "site_type": "news", "published": "2016-10-04T02:52:00.000+03:00", "replies_count": 0, "uuid": "d34a3685a6d51aa65bb53e9373db259e14c49c60"}, "author": "", "url": "http://www.lequipe.fr/Football/Actualites/Luigi-delneri-nomme-entraineur-de-l-udinese/733619", "ord_in_thread": 0, "title": "Foot - ITA - Udinese - Luigi Delneri nommé entraîneur de l'Udinese", "locations": [], "entities": {"persons": [], "locations": [], "organizations": []}, "highlightText": "", "language": "french", "persons": [], "text": "Partager sur Facebook Tweeter 0 Partages \nLuigi Delneri débarque à l'Udinese. (FEVRE/L'Equipe) Après le limogeage de Giuseppe Iachini, dimanche, l'Udinese a déjà trouvé son nouvel entraîneur. Il s'agit de Luigi Delneri. Le technicien de 66 ans a été nommé ce lundi. Il a signé un contrat d'un an, avec une deuxième année en option.Passé par le Chiévo Vérone (2001-2004 puis 2006-2007), la Roma (2004-2005), Palerme (2005-2006), l'Atalanta Bergame (2007-2009) ou encore la Sampdoria Gênes (2009-2010), Delneri est très expérimenté. À charge pour lui désormais de redresser la situation de l'Udinese, 16e de Serie A. INFOS", "external_links": [], "published": "2016-10-04T02:52:00.000+03:00", "crawled": "2016-10-03T23:24:27.381+03:00", "highlightTitle": ""}