{"organizations": [], "uuid": "1d230725170557c15a9dc04992c4cf9fcb40fceb", "thread": {"social": {"gplus": {"shares": 8}, "pinterest": {"shares": 0}, "vk": {"shares": 0}, "linkedin": {"shares": 0}, "facebook": {"likes": 142, "shares": 142, "comments": 0}, "stumbledupon": {"shares": 0}}, "site_full": "www.leparisien.fr", "main_image": "http://s1.lprs1.fr/images/2016/10/03/6171295_vietnam-17-new.jpg", "site_section": "http://www.leparisien.fr/actualites-a-la-une.rss.xml", "section_title": "Le Parisien  - Toute l'actualité", "url": "http://www.leparisien.fr/environnement/en-images-vietnam-des-tonnes-de-poissons-morts-dans-un-lac-d-hanoi-03-10-2016-6171295.php", "country": "FR", "domain_rank": 2525, "title": "EN IMAGES. Vietnam : des tonnes de poissons morts dans un lac d'Hanoi", "performance_score": 1, "site": "leparisien.fr", "participants_count": 1, "title_full": "EN IMAGES. Vietnam : des tonnes de poissons morts dans un lac d'Hanoi - le Parisien", "spam_score": 0.0, "site_type": "news", "published": "2016-10-03T18:51:00.000+03:00", "replies_count": 0, "uuid": "1d230725170557c15a9dc04992c4cf9fcb40fceb"}, "author": "leparisien.fr", "url": "http://www.leparisien.fr/environnement/en-images-vietnam-des-tonnes-de-poissons-morts-dans-un-lac-d-hanoi-03-10-2016-6171295.php", "ord_in_thread": 0, "title": "EN IMAGES. Vietnam : des tonnes de poissons morts dans un lac d'Hanoi", "locations": [], "entities": {"persons": [], "locations": [], "organizations": []}, "highlightText": "", "language": "french", "persons": [], "text": "L a pêche est loin d'être miraculeuse, ce serait même tout le contraire. Des tonnes de poissons morts, des carpes et des perches, sont venus s'échouer ces derniers jours, pour une raison inconnue, sur les rives du lac de l'Ouest, le plus grand de la capitale vietnamienne. Sous l'effet de la chaleur, une odeur pestilentielle a envahi les abords de cet ancien bras mort du fleuve Rouge où l'on vient habituellement se détendre. \nLes autorités communistes n'ont, dans un premier temps, donné aucune explication à cette hécatombe, rapporte VNExpress, le principal journal en ligne vietnamien. Mais l'hypothèse d'une pollution massive était dans tous les esprits, tant le phénomène est inhabituel sur un plan d'eau où sont pourtant déversées des eaux souillées. Ce qui n'a pas empêché certains villageois de ramasser les cadavres pour nourrir d'autres poissons, les chiens ou les cochons. Finalement, la municipalité, tout en déconseillant fermement la consommation des poissons morts, a évoqué un manque d'oxygène comme première explication. Des analyses sont en cours. \n\n\n  leparisien.fr", "external_links": [], "published": "2016-10-03T18:51:00.000+03:00", "crawled": "2016-10-03T12:02:13.256+03:00", "highlightTitle": ""}