{"organizations": [], "uuid": "9faa4a990ef68440df8ac64323a60481de9741c4", "thread": {"social": {"gplus": {"shares": 0}, "pinterest": {"shares": 0}, "vk": {"shares": 0}, "linkedin": {"shares": 0}, "facebook": {"likes": 0, "shares": 0, "comments": 0}, "stumbledupon": {"shares": 0}}, "site_full": "actu.orange.fr", "main_image": "http://media2.woopic.com/api/v1/images/661%2Ffrancetv-actu-articles%2Fe10%2Fb83%2F92c1a2f7336ac989615ebcbbe0%2Fmichael-youn-se-plaint-de-payer-trop-d-impots-et-se-fait-rembarrer-par-une-ministre%7C10867435.jpg?format=470x264&amp;facedetect=1&amp;quality=85", "site_section": "", "section_title": "", "url": "http://actu.orange.fr/societe/culture/michael-youn-se-plaint-de-payer-trop-d-impots-et-se-fait-rembarrer-par-une-ministre-francetv-CNT000000uz37t.html", "country": "FR", "domain_rank": 208, "title": "Michaël Youn se plaint de payer trop d'impôts et se fait rembarrer par une ministre sur Orange Actualités", "performance_score": 0, "site": "orange.fr", "participants_count": 0, "title_full": "Michaël Youn se plaint de payer trop d'impôts et se fait rembarrer par une ministre sur Orange Actualités", "spam_score": 0.227, "site_type": "news", "published": "2016-10-02T22:50:00.000+03:00", "replies_count": 0, "uuid": "9faa4a990ef68440df8ac64323a60481de9741c4"}, "author": "", "url": "http://actu.orange.fr/societe/culture/michael-youn-se-plaint-de-payer-trop-d-impots-et-se-fait-rembarrer-par-une-ministre-francetv-CNT000000uz37t.html", "ord_in_thread": 0, "title": "Michaël Youn se plaint de payer trop d'impôts et se fait rembarrer par une ministre sur Orange Actualités", "locations": [], "entities": {"persons": [], "locations": [], "organizations": []}, "highlightText": "", "language": "french", "persons": [], "text": "Michaël Youn philosophe sur les impôts et se fait rembarrer par Cécile Duflot franceinfo, publié le dimanche 02 octobre 2016 à 14h50 \nC'est une petite phrase qui n'a pas fait rire tout le monde. L'humoriste Michaël Youn s'est plaint, samedi 1er octobre sur Twitter, de payer trop d'impôts. \"Ma fille m'a demandé: \"C'est quoi les impôts papa?\" J'ai mangé la moitié de son pain au lait... elle a compris !\", a partagé le contribuable agacé. \nMa fille m'a demandé: \"C'est quoi les impôts papa?\"J'ai mangé la moitié de son pain au lait... elle a compris! \n- Michael Youn (@MichaelYoun) October 1, 2016 \nLa réplique ne s'est pas faite attendre. Certains internautes ont rappelé à l'humoriste que les impôts étaient fonction des revenus de chacun. \n@MichaelYoun Beaucoup aimeraient bien payer des impôts, mais ils ne gagnent pas suffisamment d'argent. Alors #FermeTaGueuleYoun \n- O Virondeau (@ovirondeau) October 1, 2016\"Je lui ... ", "external_links": [], "published": "2016-10-02T22:50:00.000+03:00", "crawled": "2016-10-02T15:08:49.089+03:00", "highlightTitle": ""}