{"organizations": [], "uuid": "379eee594c90685d503107b97e052dcbad68f82a", "thread": {"social": {"gplus": {"shares": 0}, "pinterest": {"shares": 0}, "vk": {"shares": 0}, "linkedin": {"shares": 0}, "facebook": {"likes": 0, "shares": 0, "comments": 0}, "stumbledupon": {"shares": 0}}, "site_full": "la1ere.francetvinfo.fr", "main_image": "http://la1ere.francetvinfo.fr/nouvellecaledonie/sites/regions_outremer/files/styles/top_big/public/assets/images/2016/10/01/thio_incendie_1er_oct.jpg?itok=w0Oq-PCL", "site_section": "http://nouvellecaledonie.la1ere.fr/actu/rss", "section_title": "nouvelle calédonie", "url": "http://la1ere.francetvinfo.fr/nouvellecaledonie/province-sud/thio/thio-plusieurs-incendies-ont-ravage-des-dizaines-d-hectares-402403.html", "country": "FR", "domain_rank": 3566, "title": "Thio : plusieurs incendies ont ravagé des dizaines d'hectares", "performance_score": 0, "site": "francetvinfo.fr", "participants_count": 1, "title_full": "Thio : plusieurs incendies ont ravagé des dizaines d'hectares", "spam_score": 0.0, "site_type": "news", "published": "2016-10-01T16:16:00.000+03:00", "replies_count": 0, "uuid": "379eee594c90685d503107b97e052dcbad68f82a"}, "author": "NG", "url": "http://la1ere.francetvinfo.fr/nouvellecaledonie/province-sud/thio/thio-plusieurs-incendies-ont-ravage-des-dizaines-d-hectares-402403.html", "ord_in_thread": 0, "title": "Thio : plusieurs incendies ont ravagé des dizaines d'hectares", "locations": [], "entities": {"persons": [], "locations": [], "organizations": []}, "highlightText": "", "language": "french", "persons": [], "text": "Thio : plusieurs incendies ont ravagé des dizaines d'hectares NG Publié le 01/10/2016 à 19:20 \nCe samedi, plusieurs départs de feu ont encore été signalés. Les moyens des pompiers de la commune sont insuffisants voire défectueux. Jean-Patrick Toura, le maire de Thio en appelle au civisme de la population. Il lance également un appel aux institutions. © RT avec NG", "external_links": [], "published": "2016-10-01T16:16:00.000+03:00", "crawled": "2016-10-01T12:17:07.421+03:00", "highlightTitle": ""}