{"organizations": [], "uuid": "750f064bd8d0eeaa4756fb17ef5a5c2f7dc2ed44", "thread": {"social": {"gplus": {"shares": 0}, "pinterest": {"shares": 0}, "vk": {"shares": 0}, "linkedin": {"shares": 0}, "facebook": {"likes": 0, "shares": 0, "comments": 0}, "stumbledupon": {"shares": 0}}, "site_full": "rmcsport.bfmtv.com", "main_image": "http://rmcsport.bfmtv.com/5f4/6e2aed997b30bc8417a717f518e58.jpeg", "site_section": "http://rmcsport.bfmtv.com/rss/football/euro/", "section_title": "Euro - sport", "url": "http://rmcsport.bfmtv.com/mediaplayer/video/ligue-1-la-reaction-de-gourcuff-et-kombouare-suite-au-match-entre-rennes-et-guingamp-1-0-872573.html", "country": "FR", "domain_rank": 2868, "title": "Ligue 1 - La réaction de Gourcuff et Kombouaré suite au match entre Rennes et Guingamp (1-0)", "performance_score": 0, "site": "bfmtv.com", "participants_count": 0, "title_full": "Ligue 1 - La réaction de Gourcuff et Kombouaré suite au match entre Rennes et Guingamp (1-0)", "spam_score": 0.0, "site_type": "news", "published": "2016-10-02T00:15:00.000+03:00", "replies_count": 0, "uuid": "750f064bd8d0eeaa4756fb17ef5a5c2f7dc2ed44"}, "author": "", "url": "http://rmcsport.bfmtv.com/mediaplayer/video/ligue-1-la-reaction-de-gourcuff-et-kombouare-suite-au-match-entre-rennes-et-guingamp-1-0-872573.html", "ord_in_thread": 0, "title": "Ligue 1 - La réaction de Gourcuff et Kombouaré suite au match entre Rennes et Guingamp (1-0)", "locations": [], "entities": {"persons": [], "locations": [], "organizations": []}, "highlightText": "", "language": "french", "persons": [], "text": "  Ligue 1 - La réaction de Gourcuff et Kombouaré suite au match entre Rennes et Guingamp (1-0) Après le match nul lors du \"celtico\" entre Rennes et Guingamp (1-0), Christian Gourcuff est revenu sur la prestation de ses joueurs \"solide\" et \"lucide\". Quand à l'entraîneur de Guingamp, Antoine Kombouaré, a assumé ses choix de vouloir produire du jeu malgré le manque de réalisme. Après le match nul lors du \"celtico\" entre Rennes et Guingamp (1-0), Christian Gourcuff est revenu sur la prestation de ses joueurs \"solide\" et \"lucide\". Quand à l'entraîneur de Guingamp, Antoine Kombouaré, a assumé ses choix de vouloir produire du jeu malgré le manque de réalisme. Mise en ligne le 01/10/2016 Mise en ligne le", "external_links": [], "published": "2016-10-02T00:15:00.000+03:00", "crawled": "2016-10-01T19:25:55.724+03:00", "highlightTitle": ""}