{"organizations": [], "uuid": "5ae2af7e8c54d86516bbef8a589b1b114576cc44", "thread": {"social": {"gplus": {"shares": 0}, "pinterest": {"shares": 0}, "vk": {"shares": 0}, "linkedin": {"shares": 0}, "facebook": {"likes": 0, "shares": 0, "comments": 0}, "stumbledupon": {"shares": 0}}, "site_full": "www.anibis.ch", "main_image": "https://can01.anibis.ch/Menage---Nettoyages-Personne-propre-et-de-confiance-avec-references./?1024x728/3/90/anibis/427/778/016/RtdXKOYwB0GTHzXTPTETdw_1.jpg", "site_section": "http://anibis.ch//fr/prestations-de-services--3137/rssexport.aspx", "section_title": "Petites annonces Prestations de services", "url": "http://www.anibis.ch/fr/prestations-de-services--3137/personne-propre-et-de-confiance-avec-r%c3%a9f%c3%a9rences--16778427.aspx", "country": "CH", "domain_rank": 8918, "title": "Personne propre et de confiance avec références.", "performance_score": 0, "site": "anibis.ch", "participants_count": 0, "title_full": "Personne propre et de confiance avec références.", "spam_score": 0.0, "site_type": "news", "published": "2016-10-03T07:06:00.000+03:00", "replies_count": 0, "uuid": "5ae2af7e8c54d86516bbef8a589b1b114576cc44"}, "author": "", "url": "http://www.anibis.ch/fr/prestations-de-services--3137/personne-propre-et-de-confiance-avec-r%c3%a9f%c3%a9rences--16778427.aspx", "ord_in_thread": 0, "title": "Personne propre et de confiance avec références.", "locations": [], "entities": {"persons": [], "locations": [], "organizations": []}, "highlightText": "", "language": "french", "persons": [], "text": "Personne propre et de confiance avec références. Type d'insertion: Suisse Description: \nReférences à l'appuis de quelques personnes, je suis une personne propre, de confiance et qui aime le travail bien fait. Je vous propose de vous aider dans le ménage, le repassage, le nettoyage des fins de bail, vous aider dans les courses. Je me replace dans tout le canton de Neuchâtel et du Jura bernois. Je prends 20. - Cet utilisateur a confirmé son compte avec un numéro de mobile valable. aicha23 Membre depuis le 21.12.2009 Téléphone : +41 0788687241 Transmettre l'annonce par e-mail Vous connaissez quelqu'un qui pourrait s'intéresser à cette annonce ? Envoyez lui un e-mail grâce à ce formulaire. Expéditeur : Veuillez nous indiquer en quelques mots pourquoi cette annonce est une arnaque. e-mail* : Indiquez-nous d'autres annonces concernées (optionel): Multipostage (spam) A votre avis, pourquoi s'agit-il d'une fraude? Fraude Pouvez-vous nous indiquer l'article de loi? Illégal Merci d'indiquer le chapitre de notre CG? Interdit sur anibis.ch Pouvez-vous nous donner une preuve de ces insultes (copie d'email) Insulte Merci de nous donner le site original Contrefaçon Pouvez-vous nous donner l'URL du texte ou l'image original? Copyright Veuillez préciser la raison de votre signalement : Autre raison Envoyer \nLes annonces suivantes pourront peut-être aussi vous intéresser", "external_links": [], "published": "2016-10-03T07:06:00.000+03:00", "crawled": "2016-10-03T04:24:35.396+03:00", "highlightTitle": ""}