{"organizations": [], "uuid": "0c3779edf4f1c0c11bceeb635c3d8ceaae83fc70", "thread": {"social": {"gplus": {"shares": 0}, "pinterest": {"shares": 0}, "vk": {"shares": 0}, "linkedin": {"shares": 0}, "facebook": {"likes": 0, "shares": 0, "comments": 0}, "stumbledupon": {"shares": 0}}, "site_full": "www.lepoint.fr", "main_image": "http://www.lepoint.fr/images/2016/10/01/5554623lpw-5554622-article-jpg_3811402.jpg", "site_section": "http://www.lepoint.fr/sport/football/", "section_title": "Suivez le football (directs, actu, analyses) | Le Point", "url": "http://www.lepoint.fr/sport/shenzhen-richard-gasquet-en-finale-01-10-2016-2072779_26.php", "country": "FR", "domain_rank": 4170, "title": "Shenzhen: Richard Gasquet en finale", "performance_score": 0, "site": "lepoint.fr", "participants_count": 1, "title_full": "Shenzhen: Richard Gasquet en finale - Le Point", "spam_score": 0.0, "site_type": "news", "published": "2016-10-01T13:33:00.000+03:00", "replies_count": 0, "uuid": "0c3779edf4f1c0c11bceeb635c3d8ceaae83fc70"}, "author": "Le Point", "url": "http://www.lepoint.fr/sport/shenzhen-richard-gasquet-en-finale-01-10-2016-2072779_26.php", "ord_in_thread": 0, "title": "Shenzhen: Richard Gasquet en finale", "locations": [], "entities": {"persons": [], "locations": [], "organizations": []}, "highlightText": "", "language": "french", "persons": [], "text": "Richard Gasquet à Shenzhen (Chine), le 30 septembre 2016 Richard Gasquet, 18e mondial, s'est qualifié pour la finale du tournoi ATP de Shenzhen en battant en demi-finale samedi le Serbe Janko Tipsarevic, 224e mondial, qui a abandonné alors que le Français menait 6-2, 4-1.\nPour sa deuxième finale de l'année --après celle remportée à Montpellier en février--, Gasquet affrontera le Tchèque Tomas Berdych, 9e, ou le Brésilien Thomaz Bellucci, 81e, opposés dans la seconde demi-finale.\n01/10/2016 12:33:40 - Shenzhen (Chine) (AFP) - © 2016 AFP", "external_links": ["http://static.lpnt.fr/static/img/loading/loading-panoramique.png"], "published": "2016-10-01T13:33:00.000+03:00", "crawled": "2016-10-01T22:09:15.260+03:00", "highlightTitle": ""}