{"organizations": [], "uuid": "3f0970534ed63cae6b3bb56052ce4f4d00e473fa", "thread": {"social": {"gplus": {"shares": 0}, "pinterest": {"shares": 0}, "vk": {"shares": 0}, "linkedin": {"shares": 0}, "facebook": {"likes": 0, "shares": 0, "comments": 0}, "stumbledupon": {"shares": 0}}, "site_full": "www.anibis.ch", "main_image": "https://can01.anibis.ch/Tapis-pour-chambre-enfant-Tapis-winnie-l-ourson/?1024x728/3/90/anibis/285/778/016/Y82t5pw5jUi2TcDZJhPMNQ_1.jpg", "site_section": "http://anibis.ch//fr/m%c3%a9nage-,-maison--21/rssexport.aspx", "section_title": "Petites annonces Ménage & Maison", "url": "http://www.anibis.ch/fr/m%c3%a9nage-~-maison--21/tapis-winnie-l-ourson--16778285.aspx", "country": "CH", "domain_rank": 8918, "title": "Tapis winnie l ourson", "performance_score": 0, "site": "anibis.ch", "participants_count": 0, "title_full": "Tapis winnie l ourson", "spam_score": 0.0, "site_type": "news", "published": "2016-10-03T05:53:00.000+03:00", "replies_count": 0, "uuid": "3f0970534ed63cae6b3bb56052ce4f4d00e473fa"}, "author": "", "url": "http://www.anibis.ch/fr/m%c3%a9nage-~-maison--21/tapis-winnie-l-ourson--16778285.aspx", "ord_in_thread": 0, "title": "Tapis winnie l ourson", "locations": [], "entities": {"persons": [], "locations": [], "organizations": []}, "highlightText": "", "language": "french", "persons": [], "text": "Pouvez-vous nous indiquer l'article de loi? Illégal Merci d'indiquer le chapitre de notre CG? Interdit sur anibis.ch Pouvez-vous nous donner une preuve de ces insultes (copie d'email) Insulte Merci de nous donner le site original Contrefaçon Pouvez-vous nous donner l'URL du texte ou l'image original? Copyright Veuillez préciser la raison de votre signalement : Autre raison Envoyer \nLes annonces suivantes pourront peut-être aussi vous intéresser", "external_links": [], "published": "2016-10-03T05:53:00.000+03:00", "crawled": "2016-10-03T01:23:00.195+03:00", "highlightTitle": ""}