{"organizations": [], "uuid": "0de657b99decee8fc95473b7fcb437d54c58fb6b", "thread": {"social": {"gplus": {"shares": 0}, "pinterest": {"shares": 0}, "vk": {"shares": 0}, "linkedin": {"shares": 0}, "facebook": {"likes": 0, "shares": 0, "comments": 0}, "stumbledupon": {"shares": 0}}, "site_full": "www.anibis.ch", "main_image": "https://can01.anibis.ch/Armoires---etageres-de-cuisine-Buffet-de-cuisine-des-annees-50/?1024x728/3/90/anibis/274/778/016/5yKdhkw-KUqTdbDL1yjeWQ_1.jpg", "site_section": "http://anibis.ch//fr/m%c3%a9nage-,-maison--21/rssexport.aspx", "section_title": "Petites annonces Ménage & Maison", "url": "http://www.anibis.ch/fr/m%c3%a9nage-~-maison--21/buffet-de-cuisine-des-ann%c3%a9es-50--16778274.aspx", "country": "CH", "domain_rank": 8918, "title": "Buffet de cuisine des années 50", "performance_score": 0, "site": "anibis.ch", "participants_count": 0, "title_full": "Buffet de cuisine des années 50", "spam_score": 0.0, "site_type": "news", "published": "2016-10-03T05:50:00.000+03:00", "replies_count": 0, "uuid": "0de657b99decee8fc95473b7fcb437d54c58fb6b"}, "author": "", "url": "http://www.anibis.ch/fr/m%c3%a9nage-~-maison--21/buffet-de-cuisine-des-ann%c3%a9es-50--16778274.aspx", "ord_in_thread": 0, "title": "Buffet de cuisine des années 50", "locations": [], "entities": {"persons": [], "locations": [], "organizations": []}, "highlightText": "", "language": "french", "persons": [], "text": "Buffet de cuisine des années 50 Type d'insertion: 100.– / Prix à discuter Description: \nJe vends ce buffet de cuisine des années 50 en bois qui a été repeint. Le papier à l'intérieur est d'origine 1 tiroir ainsi qu'un grand espace de rangement à deux étages. Payer simplement et en toute sécurité? Envoyer et recevoir de l'argent avec Cet utilisateur a confirmé son compte avec un numéro de mobile valable. helenehudo Membre depuis le 02.10.2016 Êtes-vous intéressé par cette offre? Ecrivez un message à l’annonceur. Mon nom : Transmettre l'annonce par e-mail Vous connaissez quelqu'un qui pourrait s'intéresser à cette annonce ? Envoyez lui un e-mail grâce à ce formulaire. Expéditeur : Veuillez nous indiquer en quelques mots pourquoi cette annonce est une arnaque. e-mail* : Indiquez-nous d'autres annonces concernées (optionel): Multipostage (spam) A votre avis, pourquoi s'agit-il d'une fraude? Fraude   Envoyer \nLes annonces suivantes pourront peut-être aussi vous intéresser", "external_links": [], "published": "2016-10-03T05:50:00.000+03:00", "crawled": "2016-10-03T01:05:21.080+03:00", "highlightTitle": ""}