{"organizations": [], "uuid": "c48cc6076542774ed35ff1793076a10092354481", "thread": {"social": {"gplus": {"shares": 0}, "pinterest": {"shares": 0}, "vk": {"shares": 0}, "linkedin": {"shares": 0}, "facebook": {"likes": 0, "shares": 0, "comments": 0}, "stumbledupon": {"shares": 0}}, "site_full": "www.anibis.ch", "main_image": "https://can01.anibis.ch/Teddys-Peluche-nounours-30x28/?1024x728/3/90/anibis/946/751/016/fJih_rPjR0W1i1nFPWt26w_1.jpg", "site_section": "http://anibis.ch//fr/jeux-bricolage--18/rssexport.aspx", "section_title": "Petites annonces Jeux - Bricolage", "url": "http://www.anibis.ch/fr/jeux-bricolage--18/peluche-nounours-30x28--16751946.aspx", "country": "CH", "domain_rank": 8918, "title": "Peluche nounours 30x28", "performance_score": 0, "site": "anibis.ch", "participants_count": 0, "title_full": "Peluche nounours 30x28", "spam_score": 0.0, "site_type": "news", "published": "2016-10-01T04:46:00.000+03:00", "replies_count": 0, "uuid": "c48cc6076542774ed35ff1793076a10092354481"}, "author": "", "url": "http://www.anibis.ch/fr/jeux-bricolage--18/peluche-nounours-30x28--16751946.aspx", "ord_in_thread": 0, "title": "Peluche nounours 30x28", "locations": [], "entities": {"persons": [], "locations": [], "organizations": []}, "highlightText": "", "language": "french", "persons": [], "text": " ", "external_links": [], "published": "2016-10-01T04:46:00.000+03:00", "crawled": "2016-10-01T08:33:52.692+03:00", "highlightTitle": ""}