{"organizations": [], "uuid": "f7eeccac5f9e99d4bf149f53afe7f6f3c0b2d518", "thread": {"social": {"gplus": {"shares": 0}, "pinterest": {"shares": 0}, "vk": {"shares": 0}, "linkedin": {"shares": 0}, "facebook": {"likes": 0, "shares": 0, "comments": 0}, "stumbledupon": {"shares": 0}}, "site_full": "www.anibis.ch", "main_image": "https://can01.anibis.ch/Autres-Iphone-5SE-64-GB-en-parfaite-etat/?1024x728/3/90/anibis/514/786/016/1D25hCSX5U6iqBWpmvrlcA_1.jpg", "site_section": "http://anibis.ch//fr/t%c3%a9l%c3%a9phonie--31/rssexport.aspx", "section_title": "Petites annonces Téléphonie", "url": "http://www.anibis.ch/fr/t%c3%a9l%c3%a9phonie--31/iphone-5se-64-gb-en-parfaite-%c3%a9tat--16786514.aspx", "country": "CH", "domain_rank": 8918, "title": "Iphone 5SE 64 GB en parfaite état", "performance_score": 0, "site": "anibis.ch", "participants_count": 0, "title_full": "Iphone 5SE 64 GB en parfaite état", "spam_score": 0.0, "site_type": "news", "published": "2016-10-04T02:49:00.000+03:00", "replies_count": 0, "uuid": "f7eeccac5f9e99d4bf149f53afe7f6f3c0b2d518"}, "author": "", "url": "http://www.anibis.ch/fr/t%c3%a9l%c3%a9phonie--31/iphone-5se-64-gb-en-parfaite-%c3%a9tat--16786514.aspx", "ord_in_thread": 0, "title": "Iphone 5SE 64 GB en parfaite état", "locations": [], "entities": {"persons": [], "locations": [], "organizations": []}, "highlightText": "", "language": "french", "persons": [], "text": "Iphone 5SE 64 GB en parfaite état Type d'insertion: \nacheté le 29.09.2016,garantie 2 ans du fabricant,1 an garantie suplementaire \n(la garantie d' un ans prend tous en charge la casse,l 'eau etc..) voir l'etiquette sur la photo !!! avec la boite compléte + la coque de protection offert acheté . Payer simplement et en toute sécurité? Envoyer et recevoir de l'argent avec Cet utilisateur a confirmé son compte avec un numéro de mobile valable. glorialama Membre depuis le 03.10.2016 Êtes-vous intéressé par cette offre? Ecrivez un message à l’annonceur. Mon nom : Transmettre l'annonce par e-mail Vous connaissez quelqu'un qui pourrait s'intéresser à cette annonce ? Envoyez lui un e-mail grâce à ce formulaire. Expéditeur : Veuillez nous indiquer en quelques mots pourquoi cette annonce est une arnaque. e-mail* : Indiquez-nous d'autres annonces concernées (optionel): Multipostage (spam) A votre avis, pourquoi s'agit-il d'une fraude? Fraude Pouvez-vous nous indiquer l'article de loi? Illégal Merci d'indiquer le chapitre de notre CG? Interdit sur anibis.ch Pouvez-vous nous donner une preuve de ces insultes (copie d'email) Insulte Merci de nous donner le site original Contrefaçon Pouvez-vous nous donner l'URL du texte ou l'image original? Copyright Veuillez préciser la raison de votre signalement : Autre raison", "external_links": [], "published": "2016-10-04T02:49:00.000+03:00", "crawled": "2016-10-03T21:53:07.987+03:00", "highlightTitle": ""}