{"organizations": [], "uuid": "c0a81e0210d98e0857c66b6bbeed87c2f4b94b68", "thread": {"social": {"gplus": {"shares": 8}, "pinterest": {"shares": 0}, "vk": {"shares": 0}, "linkedin": {"shares": 42}, "facebook": {"likes": 151, "shares": 151, "comments": 0}, "stumbledupon": {"shares": 0}}, "site_full": "fr.finance.yahoo.com", "main_image": "https://s.yimg.com/bt/api/res/1.2/kvI6wniZaz45b66U58Zo8Q--/YXBwaWQ9eW5ld3NfbGVnbztxPTc1O3c9NjAw/http://media.zenfs.com/fr-FR/homerun/article.bfmbusiness.com/d09ddabf4140a7e346b04913a7c90bb7.cf.png", "site_section": "https://fr.finance.yahoo.com/actualites/secteur-immobilier/?format=rss", "section_title": "Immobilier | Placements, Actualité - Yahoo! Finance", "url": "https://fr.finance.yahoo.com/actualites/placement-immobilier-rapporte-7-fois-144911713.html", "country": "US", "domain_rank": 5, "title": "Ce placement immobilier rapporte 7 fois plus que le Livret A", "performance_score": 1, "site": "yahoo.com", "participants_count": 0, "title_full": "Ce placement immobilier rapporte 7 fois plus que le Livret A", "spam_score": 0.0, "site_type": "news", "published": "2016-10-02T22:49:00.000+03:00", "replies_count": 0, "uuid": "c0a81e0210d98e0857c66b6bbeed87c2f4b94b68"}, "author": "", "url": "https://fr.finance.yahoo.com/actualites/placement-immobilier-rapporte-7-fois-144911713.html", "ord_in_thread": 0, "title": "Ce placement immobilier rapporte 7 fois plus que le Livret A", "locations": [], "entities": {"persons": [], "locations": [], "organizations": []}, "highlightText": "", "language": "french", "persons": [], "text": "Cotisations chômage: Valls exclut \"une taxation des plus hauts salaires\" AFP - il y a 21 minutes Le Premier ministre, Manuel Valls, a \"exclu\" dimanche, dans le cadre de la lutte contre les déficits du régime d'assurance chômage, de déplafonner les cotisations chômage des hauts salaires, lors du Grand Jury RTL-LCI-Le Figaro. … Suite » Ce placement immobilier rapporte 7 fois plus que le Livret A BFM Business - il y a 30 minutes Grâce aux SCPI, les épargnants peuvent investir dans l'immobilier d'entreprise. Un marché habituellement réservé aux professionnels, et jugé plus rémunérateur qu'un investissement dans la pierre traditionnelle. … Suite » Art contemporain aux enchères: net recul du marché mondial après des années de croissance AFP - il y a 34   35 minutes DATA. En passe de doubler sa population d'ici 20 ans, l'Afrique reste plongée dans l'obscurité. Enquête sur les raisons de cette situation. … Suite » Alstom Belfort sauvé mardi, la promesse de Valls La Tribune - il y a 1 heure 6 minutes Près d’un mois après le coup de tonnerre annonçant le transfert des activités ferroviaires d'Alstom de Belfort vers Reichshoffen en Alsace, le secrétaire d’Etat à l’Industrie rencontre ce mardi direction ... … Suite » Jeconnaisquelqundebien, le réseau réservé à ceux qui n'en ont pas BFM Business - il y a 1 heure 35   38   5 minutes Michael Youn ne désarme pas au lendemain de sa passe d'armes sur Twitter avec la ministre Axelle Lemaire et la députée écologiste Cécile Duflot au sujet de ses impôts. Tout avait commencé par un... … Suite » Alstom: réunion de travail mardi à Belfort, Valls promet de \"sauver\" le site AFP - il y a 2 heures 6   12   4 heures Allusions et embarras. Le chroniqueur de «On n'est pas couché» Yann Moix a lourdement taquiné son invité, l'essayiste et documentariste Raphaël Glucksmann ce samedi soir sur France 2. C'est d'abord... … Suite » Dix ans après, WikiLeaks sous le feu des critiques AFP - il y a 4  ", "external_links": [], "published": "2016-10-02T22:49:00.000+03:00", "crawled": "2016-10-02T18:22:12.553+03:00", "highlightTitle": ""}