{"organizations": [], "uuid": "feae62841562e9c49d61156b523ebfc228257dbd", "thread": {"social": {"gplus": {"shares": 0}, "pinterest": {"shares": 0}, "vk": {"shares": 0}, "linkedin": {"shares": 0}, "facebook": {"likes": 0, "shares": 0, "comments": 0}, "stumbledupon": {"shares": 0}}, "site_full": "www.lesnumeriques.com", "main_image": "http://img1.lesnumeriques.com/produits/683/23881/withings-smart-body-analyzer_65f946bbf566bed3_360x270.jpg", "site_section": "http://www.lesnumeriques.com/rss.xml", "section_title": "Les Numériques", "url": "http://www.lesnumeriques.com/balance/withings-smart-body-analyzer-ws-50-p23881/bon-plan-balance-connectee-withings-ws-50-a-109-euros-n56307.html", "country": "FR", "domain_rank": 6135, "title": "Bon plan – balance connectée Withings WS-50 à 109 €", "performance_score": 0, "site": "lesnumeriques.com", "participants_count": 1, "title_full": "Bon plan – balance connectée Withings WS-50 à 109 €", "spam_score": 0.0, "site_type": "news", "published": "2016-10-03T17:14:00.000+03:00", "replies_count": 0, "uuid": "feae62841562e9c49d61156b523ebfc228257dbd"}, "author": "Alexandra Bellamy", "url": "http://www.lesnumeriques.com/balance/withings-smart-body-analyzer-ws-50-p23881/bon-plan-balance-connectee-withings-ws-50-a-109-euros-n56307.html", "ord_in_thread": 0, "title": "Bon plan – balance connectée Withings WS-50 à 109 €", "locations": [], "entities": {"persons": [], "locations": [], "organizations": []}, "highlightText": "", "language": "french", "persons": [], "text": "  11:14 Bon plan – balance connectée Withings WS-50 à 109 € Une balance 5 étoiles Notée 5 étoiles à l'issue de nos tests, la balance connectée Withings Smart Body Analyzer WS-50 a été lancée à 150 €. Vendue entre 140 et 150 €, Amazon la propose actuellement en vente flash au prix de 109 €. Voir plus d'offres Voir moins d'offres Lors de notre test de la Smart Body Analyzer, nous avons apprécié ses finitions et les mesures complètes qu'elle propose. En effet, en plus des fonctions habituelles comme la mesure du poids, de l'IMC, de la masse grasse et du rythme cardiaque, elle propose une mesure de la température ambiante et de la qualité de l'air. Cette dernière mesure inhabituelle a d'ailleurs été abandonnée sur le dernier modèle de Withings, Body Cardio . Nous avons estimé que les mesures sont fiables et leur restitution s'effectue sur une application facilement lisible. À l'issue de notre test, nous recommandions cette balance connectée \" sans réserve \". La vente flash d'Amazon qui permet d'économiser une trentaine d'euros est encore valable durant un peu plus de 8 heures ou jusqu'à épuisement du stock.", "external_links": [], "published": "2016-10-03T17:14:00.000+03:00", "crawled": "2016-10-03T12:17:32.997+03:00", "highlightTitle": ""}