{"organizations": [], "uuid": "8d9803ce4299d3a8d53e16c7a0175b4aaf9d3d5f", "thread": {"social": {"gplus": {"shares": 0}, "pinterest": {"shares": 0}, "vk": {"shares": 0}, "linkedin": {"shares": 0}, "facebook": {"likes": 4, "shares": 4, "comments": 0}, "stumbledupon": {"shares": 0}}, "site_full": "www.7sur7.be", "main_image": "http://static0.7sur7.be/static/photo/2016/10/5/1/20161003174242/media_xll_9126166.jpg", "site_section": "http://www.7s7.be/rss.xml", "section_title": "7SUR7.be Info, sport et showbiz, 24/24, 7/7, plus de 350 mises à jour quotidiennes", "url": "http://www.7sur7.be/7s7/fr/1516/Omnisports/article/detail/2895408/2016/10/03/Tyson-Fury-ne-prend-pas-sa-retraite-il-montre-juste-comment-sont-les-medias.dhtml", "country": "BE", "domain_rank": 8663, "title": "Tyson Fury ne prend pas sa retraite, il \"montre juste comment sont les médias\"", "performance_score": 0, "site": "7sur7.be", "participants_count": 1, "title_full": "Tyson Fury ne prend pas sa retraite, il \"montre juste comment sont les médias\"", "spam_score": 0.0, "site_type": "news", "published": "2016-10-03T23:44:00.000+03:00", "replies_count": 0, "uuid": "8d9803ce4299d3a8d53e16c7a0175b4aaf9d3d5f"}, "author": "rédaction", "url": "http://www.7sur7.be/7s7/fr/1516/Omnisports/article/detail/2895408/2016/10/03/Tyson-Fury-ne-prend-pas-sa-retraite-il-montre-juste-comment-sont-les-medias.dhtml", "ord_in_thread": 0, "title": "Tyson Fury ne prend pas sa retraite, il \"montre juste comment sont les médias\"", "locations": [], "entities": {"persons": [], "locations": [], "organizations": []}, "highlightText": "", "language": "french", "persons": [], "text": "3/10/16 - 17h44 Source: Belga © afp. Le Britannique Tyson Fury, champion du monde des poids lourds, a annoncé lundi qu'il ne prenait finalement pas sa retraite, quelques heures après avoir tweeté mettre un terme à sa carrière, à seulement 28 ans. \n\"Hahahaha, vous pensiez pouvoir vous débarrasser du Gipsy King si facilement! Je suis ici pour rester. Le Plus Grand vous montre juste comment sont les médias\", indique Fury.Quelques heures plus tôt, Fury avait annoncé son retrait des rings. \"La boxe est la chose la plus triste à laquelle j'ai participé. Je suis le plus grand et aussi je me retire, voilà les jours heureux\", disait-il. Tyson Fury (2m06) a battu le 28 novembre 2015 à Düsseldorf, l'Ukrainien Wladimir Klitschko (40 ans), qui était invaincu depuis 11 ans, et s'est emparé des ceintures mondiales WBA, WBO et IBO.Klitschko voulait une revanche qui a été reportée à deux reprises. Fury a déprogrammé le combat prévu le 29 octobre prochain se disant \"médicalement inapte à combattre\". La semaine dernière, il est apparu que Fury a été contrôlé positif à la cocaïne. Fury compte 25 victoires (18 par KO) en autant de combats. Lire aussi", "external_links": [], "published": "2016-10-03T23:44:00.000+03:00", "crawled": "2016-10-03T18:52:34.348+03:00", "highlightTitle": ""}