{"organizations": [], "uuid": "8aa99ccb473db6a7e058665031f4fbbf30505653", "thread": {"social": {"gplus": {"shares": 0}, "pinterest": {"shares": 0}, "vk": {"shares": 0}, "linkedin": {"shares": 0}, "facebook": {"likes": 0, "shares": 0, "comments": 0}, "stumbledupon": {"shares": 0}}, "site_full": "www.dailymotion.com", "main_image": "http://s2.dmcdn.net/cg2T8/526x297-a1e.jpg", "site_section": "", "section_title": "", "url": "http://www.dailymotion.com/video/x4vh4s0", "country": "FR", "domain_rank": 125, "title": "Le Journal du vendredi 30 septembre - 15h GMT - vidéo Dailymotion", "performance_score": 0, "site": "dailymotion.com", "participants_count": 0, "title_full": "Le Journal du vendredi 30 septembre - 15h GMT - vidéo Dailymotion", "spam_score": 0.042, "site_type": "news", "published": "2016-10-01T06:56:00.000+03:00", "replies_count": 0, "uuid": "8aa99ccb473db6a7e058665031f4fbbf30505653"}, "author": "Par", "url": "http://www.dailymotion.com/video/x4vh4s0", "ord_in_thread": 0, "title": "Le Journal du vendredi 30 septembre - 15h GMT - vidéo Dailymotion", "locations": [], "entities": {"persons": [], "locations": [], "organizations": []}, "highlightText": "", "language": "french", "persons": [], "text": "Créez un compte ou connectez-vous pour des recommandations personnalisées Connexion ", "external_links": [], "published": "2016-10-01T06:56:00.000+03:00", "crawled": "2016-10-02T17:19:07.132+03:00", "highlightTitle": ""}