{"organizations": [], "uuid": "1555f4c2db38a044141beb6c4af75784c8e22945", "thread": {"social": {"gplus": {"shares": 0}, "pinterest": {"shares": 0}, "vk": {"shares": 0}, "linkedin": {"shares": 0}, "facebook": {"likes": 0, "shares": 0, "comments": 0}, "stumbledupon": {"shares": 0}}, "site_full": "www.7sur7.be", "main_image": "http://static2.7sur7.be/static/photo/2016/13/15/6/20161003163943/media_xll_9125751.jpg", "site_section": "http://www.7sur7.be/rss.xml", "section_title": "7SUR7.be Info, sport et showbiz, 24/24, 7/7, plus de 350 mises à jour quotidiennes", "url": "http://www.7sur7.be/7s7/fr/1762/Premier-League/article/detail/2894885/2016/10/03/Critique-par-des-supporters-de-Chelsea-Courtois-calme-le-jeu.dhtml", "country": "BE", "domain_rank": 8663, "title": "Critiqué par des supporters de Chelsea, Courtois calme le jeu", "performance_score": 0, "site": "7sur7.be", "participants_count": 1, "title_full": "Critiqué par des supporters de Chelsea, Courtois calme le jeu", "spam_score": 0.0, "site_type": "news", "published": "2016-10-03T22:41:00.000+03:00", "replies_count": 0, "uuid": "1555f4c2db38a044141beb6c4af75784c8e22945"}, "author": "rédaction", "url": "http://www.7sur7.be/7s7/fr/1762/Premier-League/article/detail/2894885/2016/10/03/Critique-par-des-supporters-de-Chelsea-Courtois-calme-le-jeu.dhtml", "ord_in_thread": 0, "title": "Critiqué par des supporters de Chelsea, Courtois calme le jeu", "locations": [], "entities": {"persons": [], "locations": [], "organizations": []}, "highlightText": "", "language": "french", "persons": [], "text": "3/10/16 - 16h41 Source: The Mirror © photo news. Après avoir provoqué le courroux des supporters de Chelsea en rappelant son attachement à l'Espagne, Thibaut Courtois a tenu à les rassurer. \nLors de chaque mercato ou presque le nom de Courtois est lié à un grand club espagnol. Le gardien des Diables n'a jamais caché son amour pour l'Espagne depuis son expérience (réussie) à l'Atletico et l'a encore rappelé lors d'une récente interview accordée au quotidien sportif Marca. Son désir de retrouver l'Espagne n'a pas été bien perçu par les supporters de Chelsea et de nombreuses critiques se sont abattues sur lui. Face à l'ampleur de la réaction, Courtois a tenu à nuancer les propos qui ont été publiés dans la presse. \"Oui, je veux retourner en Espagne. Mais cela peut aussi être le cas après ma carrière. Je suis heureux à Chelsea. Pour combien de temps? Nous verrons. Je veux gagner des titres avec ce club\", confie-t-il au journal britannique The Mirror. Lire aussi", "external_links": [], "published": "2016-10-03T22:41:00.000+03:00", "crawled": "2016-10-03T18:30:46.855+03:00", "highlightTitle": ""}