{"organizations": [], "uuid": "a86eb5476835b87e48f502b72fcff63f7c12c019", "thread": {"social": {"gplus": {"shares": 0}, "pinterest": {"shares": 0}, "vk": {"shares": 0}, "linkedin": {"shares": 0}, "facebook": {"likes": 0, "shares": 0, "comments": 0}, "stumbledupon": {"shares": 0}}, "site_full": "www.lesoir.be", "main_image": "http://ls.rosselcdn.net/sites/all/themes/custom_selv7/img/simplesoirlogo.jpg", "site_section": "http://www.lesoir.be/10/actualité/monde", "section_title": "Actualité - Monde - lesoir.be", "url": "http://www.lesoir.be/1332618/article/actualite/fil-info/fil-info-economie/2016-10-03/charles-michel-tout-doit-etre-fait-pour-limiter-licenciements-ch", "country": "BE", "domain_rank": 5318, "title": "Charles Michel: «Tout doit être fait pour limiter les licenciements chez ING» | Fil info Economie", "performance_score": 0, "site": "lesoir.be", "participants_count": 1, "title_full": "Charles Michel: «Tout doit être fait pour limiter les licenciements chez ING» | Fil info Economie - lesoir.be", "spam_score": 0.001, "site_type": "news", "published": "2016-10-03T03:00:00.000+03:00", "replies_count": 0, "uuid": "a86eb5476835b87e48f502b72fcff63f7c12c019"}, "author": "lesoir.com", "url": "http://www.lesoir.be/1332618/article/actualite/fil-info/fil-info-economie/2016-10-03/charles-michel-tout-doit-etre-fait-pour-limiter-licenciements-ch", "ord_in_thread": 0, "title": "Charles Michel: «Tout doit être fait pour limiter les licenciements chez ING» | Fil info Economie", "locations": [], "entities": {"persons": [], "locations": [], "organizations": []}, "highlightText": "", "language": "french", "persons": [], "text": "Le Premier ministre Charles Michel a eu un contact lundi matin avec la direction d’ING Belgium, lors duquel il a plaidé pour que « tout soit fait pour limiter les licenciements » et pour que la banque « assume ses responsabilités », notamment en matière d’accompagnement des travailleurs licenciés, a-t-il indiqué à l’issue d’un sommet du Benelux, organisé dans la localité luxembourgeoise de Schengen.", "external_links": [], "published": "2016-10-03T03:00:00.000+03:00", "crawled": "2016-10-03T14:51:53.606+03:00", "highlightTitle": ""}