{"organizations": [], "uuid": "ea58126c05612a805961f79076633473ad7d9f07", "thread": {"social": {"gplus": {"shares": 0}, "pinterest": {"shares": 0}, "vk": {"shares": 0}, "linkedin": {"shares": 0}, "facebook": {"likes": 0, "shares": 0, "comments": 0}, "stumbledupon": {"shares": 0}}, "site_full": "www.anibis.ch", "main_image": "https://can01.anibis.ch/Vetements-de-sports-dhiver-Sac-de-couchage-Ralph-Lauren/?1024x728/3/90/anibis/475/771/016/bceYFBfR_kebNVXHomL72g_1.jpg", "site_section": "http://anibis.ch//fr/enfants-,-b%c3%a9b%c3%a9s--27/rssexport.aspx", "section_title": "Petites annonces Enfants & bébés", "url": "http://www.anibis.ch/fr/enfants-~-b%c3%a9b%c3%a9s--27/sac-de-couchage-ralph-lauren--16771475.aspx", "country": "CH", "domain_rank": 8918, "title": "Sac de couchage Ralph Lauren", "performance_score": 0, "site": "anibis.ch", "participants_count": 0, "title_full": "Sac de couchage Ralph Lauren", "spam_score": 0.0, "site_type": "news", "published": "2016-10-02T19:47:00.000+03:00", "replies_count": 0, "uuid": "ea58126c05612a805961f79076633473ad7d9f07"}, "author": "", "url": "http://www.anibis.ch/fr/enfants-~-b%c3%a9b%c3%a9s--27/sac-de-couchage-ralph-lauren--16771475.aspx", "ord_in_thread": 0, "title": "Sac de couchage Ralph Lauren", "locations": [], "entities": {"persons": [], "locations": [], "organizations": []}, "highlightText": "", "language": "french", "persons": [], "text": "Sac de couchage Ralph Lauren Type d'insertion: Payer simplement et en toute sécurité? Envoyer et recevoir de l'argent avec Cet utilisateur a confirmé son compte avec un numéro de mobile valable. semonet Membre depuis le 27.07.2015 Êtes-vous intéressé par cette offre? Ecrivez un message à l’annonceur. Mon nom : Transmettre l'annonce par e-mail Vous connaissez quelqu'un qui pourrait s'intéresser à cette annonce ? Envoyez lui un e-mail grâce à ce formulaire. Expéditeur : Veuillez nous indiquer en quelques mots pourquoi cette annonce est une arnaque. e-mail* : Indiquez-nous d'autres annonces concernées (optionel): Multipostage (spam) A votre avis, pourquoi s'agit-il d'une fraude? Fraude Pouvez-vous nous indiquer l'article de loi? Illégal Merci d'indiquer le chapitre de notre CG? Interdit sur anibis.ch Pouvez-vous nous donner une preuve de ces insultes (copie d'email) Insulte Merci de nous donner le site original Contrefaçon Pouvez-vous nous donner l'URL du texte ou l'image original? Copyright Veuillez préciser la raison de votre signalement : Autre raison Envoyer \nLes annonces suivantes pourront peut-être aussi vous intéresser", "external_links": [], "published": "2016-10-02T19:47:00.000+03:00", "crawled": "2016-10-02T14:50:44.895+03:00", "highlightTitle": ""}