{"organizations": [], "uuid": "8304f93947cc2844cc89ba122d8739c9d41e84c9", "thread": {"social": {"gplus": {"shares": 0}, "pinterest": {"shares": 0}, "vk": {"shares": 0}, "linkedin": {"shares": 0}, "facebook": {"likes": 0, "shares": 0, "comments": 0}, "stumbledupon": {"shares": 0}}, "site_full": "actu.orange.fr", "main_image": "http://media1.woopic.com/api/v1/images/661%2Ffrancetv-actu-articles%2F917%2F370%2Fffdad4451ed73e32fae3eb7fc0%2F4-verites-le-pen-la-primaire-de-la-droite-n-est-pas-notre-affaire%7C10873115.jpg?format=470x264&amp;facedetect=1&amp;quality=85", "site_section": "", "section_title": "", "url": "http://actu.orange.fr/politique/4-verites-le-pen-la-primaire-de-la-droite-n-est-pas-notre-affaire-francetv-CNT000000uAYPR.html", "country": "FR", "domain_rank": 208, "title": "4 Vérités - Le Pen : \"La primaire de la droite n'est pas notre affaire\" sur Orange Actualités", "performance_score": 0, "site": "orange.fr", "participants_count": 0, "title_full": "4 Vérités - Le Pen : \"La primaire de la droite n'est pas notre affaire\" sur Orange Actualités", "spam_score": 0.213, "site_type": "news", "published": "2016-10-03T22:42:00.000+03:00", "replies_count": 0, "uuid": "8304f93947cc2844cc89ba122d8739c9d41e84c9"}, "author": "", "url": "http://actu.orange.fr/politique/4-verites-le-pen-la-primaire-de-la-droite-n-est-pas-notre-affaire-francetv-CNT000000uAYPR.html", "ord_in_thread": 0, "title": "4 Vérités - Le Pen : \"La primaire de la droite n'est pas notre affaire\" sur Orange Actualités", "locations": [], "entities": {"persons": [], "locations": [], "organizations": []}, "highlightText": "", "language": "french", "persons": [], "text": "Marine Le Pen fait sa rentrée : les 3 éléments à retenir de son discours franceinfo, publié le lundi 03 octobre 2016 à 14h42 \n\"Il est inadmissible que l'UE décide de la politique migratoire d'un État-membre, que l'UE décide qui peut entrer ou se maintenir sur un territoire national. C'est au peuple et à lui seul de décider\", estime Marine Le Pen. C'est, selon elle, ce que rappelle le referendum en Hongrie auquel plus de 95% des Hongrois des 34% de votants ont répondu qu'ils ne voulaient pas accueillir 1 300 migrants comme l'exige un plan européen. \nUn referendum n'est pas dangereux selon la présidente du FN. \"Je n'ai pas peur du referendum, car je n'ai pas peur du peuple. Si l'intégralité des pays de l'UE était interrogée sur la politique de la Commission européenne qui leur impose des migrants, l'intégralité des peuples dirait non\", assure-t-elle dans les 4 Vérités ce lundi matin. \nLe Pen respecte l... ", "external_links": [], "published": "2016-10-03T22:42:00.000+03:00", "crawled": "2016-10-03T14:48:25.950+03:00", "highlightTitle": ""}