{"organizations": [], "uuid": "43da8430c93d02f71a2dda6dceb24c9d9dcde3ce", "thread": {"social": {"gplus": {"shares": 0}, "pinterest": {"shares": 0}, "vk": {"shares": 0}, "linkedin": {"shares": 0}, "facebook": {"likes": 0, "shares": 0, "comments": 0}, "stumbledupon": {"shares": 0}}, "site_full": "www.anibis.ch", "main_image": "https://can01.anibis.ch/Pneus-Lot-de-4-pneus-pirelli-hiver-215-60R17-(2)/?1024x728/3/90/anibis/498/770/016/eMFW1IMYh0mMVp6D0CHkgg_1.jpg", "site_section": "http://anibis.ch//fr/automobiles--4/rssexport.aspx", "section_title": "Petites annonces Automobiles", "url": "http://www.anibis.ch/fr/automobiles--4/lot-de-4-pneus-pirelli-hiver-215-60r17-2--16770498.aspx", "country": "CH", "domain_rank": 8918, "title": "Lot de 4 pneus pirelli hiver 215/60R17 (2)", "performance_score": 0, "site": "anibis.ch", "participants_count": 0, "title_full": "Lot de 4 pneus pirelli hiver 215/60R17 (2)", "spam_score": 0.0, "site_type": "news", "published": "2016-10-02T18:16:00.000+03:00", "replies_count": 0, "uuid": "43da8430c93d02f71a2dda6dceb24c9d9dcde3ce"}, "author": "", "url": "http://www.anibis.ch/fr/automobiles--4/lot-de-4-pneus-pirelli-hiver-215-60r17-2--16770498.aspx", "ord_in_thread": 0, "title": "Lot de 4 pneus pirelli hiver 215/60R17 (2)", "locations": [], "entities": {"persons": [], "locations": [], "organizations": []}, "highlightText": "", "language": "french", "persons": [], "text": "Pouvez-vous nous indiquer l'article de loi? Illégal Merci d'indiquer le chapitre de notre CG? Interdit sur anibis.ch Pouvez-vous nous donner une preuve de ces insultes (copie d'email) Insulte Merci de nous donner le site original Contrefaçon Pouvez-vous nous donner l'URL du texte ou l'image original? Copyright Veuillez préciser la raison de votre signalement : Autre raison Envoyer \nLes annonces suivantes pourront peut-être aussi vous intéresser", "external_links": [], "published": "2016-10-02T18:16:00.000+03:00", "crawled": "2016-10-02T13:23:25.185+03:00", "highlightTitle": ""}