{"organizations": [], "uuid": "e37ca376033db1bda6a3347ba1eeff06756d95d7", "thread": {"social": {"gplus": {"shares": 0}, "pinterest": {"shares": 0}, "vk": {"shares": 0}, "linkedin": {"shares": 0}, "facebook": {"likes": 0, "shares": 0, "comments": 0}, "stumbledupon": {"shares": 0}}, "site_full": "www.anibis.ch", "main_image": "https://can01.anibis.ch/Voitures-de-tourisme-Mitsubishi-Otlunder,-2008,-174000-km/?1024x728/3/90/anibis/552/759/016/GhPtN5HFZ0-IuWrbFXJ7rw_1.jpg", "site_section": "http://anibis.ch//fr/automobiles--4/rssexport.aspx", "section_title": "Petites annonces Automobiles", "url": "http://www.anibis.ch/fr/automobiles--4/mitsubishi-otlunder,-2008,-174'000-km--16759552.aspx", "country": "CH", "domain_rank": 8918, "title": "Mitsubishi Otlunder, 2008, 174'000 km", "performance_score": 0, "site": "anibis.ch", "participants_count": 0, "title_full": "Mitsubishi Otlunder, 2008, 174'000 km", "spam_score": 0.0, "site_type": "news", "published": "2016-10-01T18:33:00.000+03:00", "replies_count": 0, "uuid": "e37ca376033db1bda6a3347ba1eeff06756d95d7"}, "author": "", "url": "http://www.anibis.ch/fr/automobiles--4/mitsubishi-otlunder,-2008,-174'000-km--16759552.aspx", "ord_in_thread": 0, "title": "Mitsubishi Otlunder, 2008, 174'000 km", "locations": [], "entities": {"persons": [], "locations": [], "organizations": []}, "highlightText": "", "language": "french", "persons": [], "text": "Mitsubishi Otlunder, 2008, 174'000 km Type d'insertion: Cet utilisateur a confirmé son compte avec un numéro de mobile valable. Muriqi Membre depuis le 15.11.2015 Téléphone : +41 0788131373 Problèmes de contact? \n1) Exemple de calcul: crédit de CHF 10 000.–. Un taux d’intérêt annuel effectif entre 7,95% et 9,95% et une durée de 12 mois engendrent des intérêts totaux entre CHF 421.– et CHF 524.–. Le prêteur est Cembra Money Bank SA, dont le siège est à Zurich. L’octroi d’un crédit est interdit s’il entraîne le surendettement du consommateur. Transmettre l'annonce par e-mail Vous connaissez quelqu'un qui pourrait s'intéresser à cette annonce ? Envoyez lui un e-mail grâce à ce formulaire. Expéditeur :", "external_links": [], "published": "2016-10-01T18:33:00.000+03:00", "crawled": "2016-10-01T13:56:16.732+03:00", "highlightTitle": ""}