{"organizations": [], "uuid": "5911b845d75c4ff41514765c17d007faa38079da", "thread": {"social": {"gplus": {"shares": 0}, "pinterest": {"shares": 0}, "vk": {"shares": 0}, "linkedin": {"shares": 0}, "facebook": {"likes": 0, "shares": 0, "comments": 0}, "stumbledupon": {"shares": 0}}, "site_full": "www.anibis.ch", "main_image": "https://can01.anibis.ch/Chargements-Smart-Battery-Case-pour-iPhone-6s---Gris-anthracit/?1024x728/3/90/anibis/673/784/016/hSTTpn8haUCsihpkYseUgA_1.jpg", "site_section": "http://anibis.ch//fr/t%c3%a9l%c3%a9phonie--31/rssexport.aspx", "section_title": "Petites annonces Téléphonie", "url": "http://www.anibis.ch/fr/t%c3%a9l%c3%a9phonie--31/smart-battery-case-pour-iphone-6s-gris-anthracite--16784673.aspx", "country": "CH", "domain_rank": 8918, "title": "Smart Battery Case pour iPhone 6s - Gris anthracite", "performance_score": 0, "site": "anibis.ch", "participants_count": 0, "title_full": "Smart Battery Case pour iPhone 6s - Gris anthracite", "spam_score": 0.0, "site_type": "news", "published": "2016-10-03T23:11:00.000+03:00", "replies_count": 0, "uuid": "5911b845d75c4ff41514765c17d007faa38079da"}, "author": "", "url": "http://www.anibis.ch/fr/t%c3%a9l%c3%a9phonie--31/smart-battery-case-pour-iphone-6s-gris-anthracite--16784673.aspx", "ord_in_thread": 0, "title": "Smart Battery Case pour iPhone 6s - Gris anthracite", "locations": [], "entities": {"persons": [], "locations": [], "organizations": []}, "highlightText": "", "language": "french", "persons": [], "text": "60.– Description: \nLa Smart Battery Case a été spécialement conçue pour prolonger l’autonomie de l’iPhone 6s et de l’iPhone 6 tout en protégeant votre appareil. Sa doublure en microfibre douce protège efficacement votre appareil, tandis que le système de charnière élastomère souple facilite la mise en place et le retrait de la coque. La finition extérieure lisse et soyeuse du silicone offre un toucher agréable. Payer simplement et en toute sécurité? Envoyer et recevoir de l'argent avec", "external_links": [], "published": "2016-10-03T23:11:00.000+03:00", "crawled": "2016-10-03T19:40:32.981+03:00", "highlightTitle": ""}