{"organizations": [], "uuid": "48a4863ed11be1bc15ced55b2c70cb50651ba1b2", "thread": {"social": {"gplus": {"shares": 0}, "pinterest": {"shares": 0}, "vk": {"shares": 0}, "linkedin": {"shares": 0}, "facebook": {"likes": 0, "shares": 0, "comments": 0}, "stumbledupon": {"shares": 0}}, "site_full": "www.anibis.ch", "main_image": "https://can01.anibis.ch/Processeurs-de-studio-Thermionic-culture-compresseur-analogique/?1024x728/3/90/anibis/310/764/016/2A75j6w0ykKfzMcrLa5xJQ_1.jpg", "site_section": "http://anibis.ch//fr/musique-instruments--23/rssexport.aspx", "section_title": "Petites annonces Musique - Instruments", "url": "http://www.anibis.ch/fr/musique-instruments--23/thermionic-culture-compresseur-analogique--16764310.aspx", "country": "CH", "domain_rank": 8918, "title": "Thermionic culture compresseur analogique", "performance_score": 0, "site": "anibis.ch", "participants_count": 0, "title_full": "Thermionic culture compresseur analogique", "spam_score": 0.0, "site_type": "news", "published": "2016-10-02T05:37:00.000+03:00", "replies_count": 0, "uuid": "48a4863ed11be1bc15ced55b2c70cb50651ba1b2"}, "author": "", "url": "http://www.anibis.ch/fr/musique-instruments--23/thermionic-culture-compresseur-analogique--16764310.aspx", "ord_in_thread": 0, "title": "Thermionic culture compresseur analogique", "locations": [], "entities": {"persons": [], "locations": [], "organizations": []}, "highlightText": "", "language": "french", "persons": [], "text": " ", "external_links": [], "published": "2016-10-02T05:37:00.000+03:00", "crawled": "2016-10-02T01:11:36.773+03:00", "highlightTitle": ""}