{"organizations": [], "uuid": "3def5497f8742db791c7f9d3f0ce6b653de64305", "thread": {"social": {"gplus": {"shares": 0}, "pinterest": {"shares": 0}, "vk": {"shares": 0}, "linkedin": {"shares": 0}, "facebook": {"likes": 0, "shares": 0, "comments": 0}, "stumbledupon": {"shares": 0}}, "site_full": "www.7sur7.be", "main_image": "http://static1.7sur7.be/static/photo/2016/2/10/11/20161003063913/media_xll_9123536.jpg", "site_section": "http://www.7s7.be/rss.xml", "section_title": "7SUR7.be Info, sport et showbiz, 24/24, 7/7, plus de 350 mises à jour quotidiennes", "url": "http://www.7sur7.be/7s7/fr/1505/Monde/article/detail/2893918/2016/10/03/Debacle-de-la-gauche-de-Lula-au-premier-tour-des-municipales.dhtml", "country": "BE", "domain_rank": 8663, "title": "Débâcle de la gauche de Lula au premier tour des municipales", "performance_score": 0, "site": "7sur7.be", "participants_count": 1, "title_full": "Débâcle de la gauche de Lula au premier tour des municipales", "spam_score": 0.0, "site_type": "news", "published": "2016-10-03T12:50:00.000+03:00", "replies_count": 0, "uuid": "3def5497f8742db791c7f9d3f0ce6b653de64305"}, "author": "rédaction", "url": "http://www.7sur7.be/7s7/fr/1505/Monde/article/detail/2893918/2016/10/03/Debacle-de-la-gauche-de-Lula-au-premier-tour-des-municipales.dhtml", "ord_in_thread": 0, "title": "Débâcle de la gauche de Lula au premier tour des municipales", "locations": [], "entities": {"persons": [], "locations": [], "organizations": []}, "highlightText": "", "language": "french", "persons": [], "text": "Par: rédaction 3/10/16 - 06h50 Source: AFP Plus de 144 millions d?électeurs étaient appelés aux urnes pour désigner les maires et conseillers municipaux des 5.568 communes de ce pays de 206 millions d'habitants, plongé depuis 2015 dans une récession historique. Un second tour le 30 octobre départagera les candidats en ballotage dans les villes de plus de 200.000 habitants. © epa. Les électeurs brésiliens ont sévèrement sanctionné dimanche les candidats de gauche du Parti des travailleurs (PT), au 1er tour d'une élection municipale test après des mois de crise politique ayant débouché sur la destitution de la présidente Dilma Rousseff.", "external_links": [], "published": "2016-10-03T12:50:00.000+03:00", "crawled": "2016-10-03T07:59:39.279+03:00", "highlightTitle": ""}