{"organizations": [], "uuid": "73623e0eb5a8b7701ea6ef29767348f661eacb4c", "thread": {"social": {"gplus": {"shares": 0}, "pinterest": {"shares": 0}, "vk": {"shares": 0}, "linkedin": {"shares": 0}, "facebook": {"likes": 0, "shares": 0, "comments": 0}, "stumbledupon": {"shares": 0}}, "site_full": "www.metronews.fr", "main_image": "http://static.lci.fr/assets/images/og_image.png", "site_section": "http://www.metronews.fr/rss.xml", "section_title": "LCI - Toutes les actualités et infos", "url": "http://www.metronews.fr/replay/replay-l-invite-de-lci-matin-du-03-octobre-ingrid-betancourt-2005756.html", "country": "FR", "domain_rank": 6619, "title": "REPLAY - L'invité de LCI Matin du 03 octobre : Ingrid Betancourt", "performance_score": 0, "site": "metronews.fr", "participants_count": 0, "title_full": "REPLAY - L'invité de LCI Matin du 03 octobre : Ingrid Betancourt", "spam_score": 0.0, "site_type": "news", "published": "2016-10-03T17:35:00.000+03:00", "replies_count": 0, "uuid": "73623e0eb5a8b7701ea6ef29767348f661eacb4c"}, "author": "", "url": "http://www.metronews.fr/replay/replay-l-invite-de-lci-matin-du-03-octobre-ingrid-betancourt-2005756.html", "ord_in_thread": 0, "title": "REPLAY - L'invité de LCI Matin du 03 octobre : Ingrid Betancourt", "locations": [], "entities": {"persons": [], "locations": [], "organizations": []}, "highlightText": "", "language": "french", "persons": [], "text": "REPLAY - L'invité de LCI Matin du 03 octobre : Ingrid Betancourt 00:00 px Vous regardez Retrouvez sur LCI.fr le replay de L'invité d'Audrey Crespo-Mara du lundi 03 octobre 2016 : Ingrid Betancourt. 2016-10-03T09:35:01.471Z", "external_links": [], "published": "2016-10-03T17:35:00.000+03:00", "crawled": "2016-10-03T13:54:14.216+03:00", "highlightTitle": ""}