{"organizations": [], "uuid": "c4f9244cfdb3e7d6c9ebc8069a0dcb38918b9326", "thread": {"social": {"gplus": {"shares": 0}, "pinterest": {"shares": 0}, "vk": {"shares": 0}, "linkedin": {"shares": 0}, "facebook": {"likes": 526, "shares": 526, "comments": 0}, "stumbledupon": {"shares": 0}}, "site_full": "www.europe1.fr", "main_image": "http://cdn2-europe1.new2.ladmedia.fr/var/europe1/storage/images/europe1/culture/ca-y-est-renaud-a-fait-son-retour-sur-scene-2861923/29143204-1-fre-FR/Ca-y-est-Renaud-a-fait-son-retour-sur-scene-!.jpg", "site_section": "http://www.europe1.fr/var/export/rss/europe1/culture.xml", "section_title": "Europe 1: Culture", "url": "http://www.europe1.fr/culture/ca-y-est-renaud-a-fait-son-retour-sur-scene-2861923", "country": "FR", "domain_rank": 9784, "title": "Ça y est, Renaud a fait son retour sur scène !", "performance_score": 5, "site": "europe1.fr", "participants_count": 1, "title_full": "Ça y est, Renaud a fait son retour sur scène !", "spam_score": 0.0, "site_type": "news", "published": "2016-10-02T14:43:00.000+03:00", "replies_count": 0, "uuid": "c4f9244cfdb3e7d6c9ebc8069a0dcb38918b9326"}, "author": "Jean-Jacques Hery et B.B", "url": "http://www.europe1.fr/culture/ca-y-est-renaud-a-fait-son-retour-sur-scene-2861923", "ord_in_thread": 0, "title": "Ça y est, Renaud a fait son retour sur scène !", "locations": [], "entities": {"persons": [], "locations": [], "organizations": []}, "highlightText": "", "language": "french", "persons": [], "text": "Ça y est, Renaud a fait son retour sur scène ! 08h43, le 02   08h58, le 02 octobre 2016 A A 0 partage Le chanteur au bandana a vendu près de 700.000 exemplaires de son album \"Laisse béton\", sorti en avril. \nDix ans que ça n'était pas arrivé ! 10 ans ! Renaud est remonté sur scène, samedi soir à Evry, pour le premier concert d'une tournée marathon. Il y a presque 100 dates annoncées jusqu'à la fin avril 2017, en France, en Belgique et même en Suisse. Un menu copieux pour celui qui est l'un des chanteurs préférés des Français. \nCe come-back arrive six mois après un retour en fanfare chez les disquaires. Le chanteur a vendu près de 700.000 exemplaires de son album \" Laisse béton \" sorti en avril. Après s'être battu de longues années contre l'alcool et ses démons personnels, le chanteur se dit aujourd'hui \"toujours debout\". \nIl a retrouvé sa guitare et ses réflexes. Il est arrivé sur scène sous les vivas d'une foule conquise d'avance. Renaud \"toujours debout\", ému, derrière son micro. Et son éternel bandana rouge autour du cou. Il quand même fallu un peu de temps pour qu'il prenne ses aises dans cette petite salle de 2.800 places. Mais peu à peu, au fil des chansons, le chanteur énervant est apparu en forme. Il a retrouvé sa guitare et ses réflexes, avec la volonté de jouer ses nouvelles chansons même si clairement les grands classiques comme \" Mistral Gagnant \" ou \" La pêche à la ligne \" étaient beaucoup plus reprises en cœur que \" J'ai embrassé un flic \". — Jonathan SlashFrance (@joS2B) 1 octobre 2016 \nEt puis la question que tout le monde se pose. Comment était sa voix ? Et bien le mieux c'est de laisser une fan, Alice, répondre : \"il y a quelques petits loupés mais malgré tout, ce n'est pas un chanteur de voix à la base donc bon...\" On a senti des baisses de régimes, mais rien de grave !\", abonde un autre. #Renaud 2016 etait à #Evry ce soir pour son retour sur scène pic.twitter.com/Tm8AbyxLsN — sabine B (@sabineB4) 1 octobre 2016 \nRenaud, tel un phénix. t puis pendant le concert, entre les chansons, Renaud est revenu sur son alcoolisme, plaisantant notamment lorsqu’il buvait de l'eau : beurk\". Et après 2h30 de concert et un long rappel, Renaud a disparu. Sur l'écran géant. Sa silhouette s'est mué en phénix et s'est envolé, dans un sourire, vers une très longue série de concerts. Sur le même sujet :", "external_links": [], "published": "2016-10-02T14:43:00.000+03:00", "crawled": "2016-10-02T10:15:55.986+03:00", "highlightTitle": ""}