{"organizations": [], "uuid": "2f2e61b87e5f8df73b2be29a927f7e2468f016ba", "thread": {"social": {"gplus": {"shares": 0}, "pinterest": {"shares": 0}, "vk": {"shares": 0}, "linkedin": {"shares": 0}, "facebook": {"likes": 0, "shares": 0, "comments": 0}, "stumbledupon": {"shares": 0}}, "site_full": "www.anibis.ch", "main_image": "https://can01.anibis.ch/Series-TV-Coffret-serie-Bref-episodes-1-a-82/?1024x728/3/90/anibis/008/777/016/r77JMhi7REGDZrUGJPNFrg_1.jpg", "site_section": "http://anibis.ch//fr/films-,-dvd--9/rssexport.aspx", "section_title": "Petites annonces Films & DVD", "url": "http://www.anibis.ch/fr/films-~-dvd--9/coffret-s%c3%a9rie-bref-%c3%a9pisodes-1-%c3%a0-82--16777008.aspx", "country": "CH", "domain_rank": 8918, "title": "Coffret série \"Bref\" épisodes 1 à 82", "performance_score": 0, "site": "anibis.ch", "participants_count": 0, "title_full": "Coffret série \"Bref\" épisodes 1 à 82", "spam_score": 0.0, "site_type": "news", "published": "2016-10-03T03:01:00.000+03:00", "replies_count": 0, "uuid": "2f2e61b87e5f8df73b2be29a927f7e2468f016ba"}, "author": "", "url": "http://www.anibis.ch/fr/films-~-dvd--9/coffret-s%c3%a9rie-bref-%c3%a9pisodes-1-%c3%a0-82--16777008.aspx", "ord_in_thread": 0, "title": "Coffret série \"Bref\" épisodes 1 à 82", "locations": [], "entities": {"persons": [], "locations": [], "organizations": []}, "highlightText": "", "language": "french", "persons": [], "text": "Coffret série \"Bref\" épisodes 1 à 82 Type d'insertion: Payer simplement et en toute sécurité? Envoyer et recevoir de l'argent avec Cet utilisateur a confirmé son compte avec un numéro de mobile valable. cdejakoimoncompte@gmail.com Membre depuis le 23.10.2011 Êtes-vous intéressé par cette offre? Ecrivez un message à l’annonceur. Mon nom : Transmettre l'annonce par e-mail Vous connaissez quelqu'un qui pourrait s'intéresser à cette annonce ? Envoyez lui un e-mail grâce à ce formulaire. Expéditeur : Veuillez nous indiquer en quelques mots pourquoi cette annonce est une arnaque. e-mail* : Indiquez-nous d'autres annonces concernées (optionel): Multipostage (spam) A votre avis, pourquoi s'agit-il d'une fraude? Fraude   Envoyer \nLes annonces suivantes pourront peut-être aussi vous intéresser", "external_links": [], "published": "2016-10-03T03:01:00.000+03:00", "crawled": "2016-10-03T03:29:51.254+03:00", "highlightTitle": ""}