{"organizations": [], "uuid": "ad46951f367483c8934992f89fa446d9af3ee7d4", "thread": {"social": {"gplus": {"shares": 0}, "pinterest": {"shares": 0}, "vk": {"shares": 0}, "linkedin": {"shares": 0}, "facebook": {"likes": 0, "shares": 0, "comments": 0}, "stumbledupon": {"shares": 0}}, "site_full": "www.anibis.ch", "main_image": "https://can01.anibis.ch/Tables---Chaises-Table-octogonale-en-noyer/?1024x728/3/90/anibis/142/783/016/k-t1dy-U20afnwFJi_sCHg_1.jpg", "site_section": "http://anibis.ch//fr/m%c3%a9nage-,-maison--21/rssexport.aspx", "section_title": "Petites annonces Ménage & Maison", "url": "http://www.anibis.ch/fr/m%c3%a9nage-~-maison--21/table-octogonale-en-noyer--16783142.aspx", "country": "CH", "domain_rank": 8918, "title": "Table octogonale en noyer", "performance_score": 0, "site": "anibis.ch", "participants_count": 0, "title_full": "Table octogonale en noyer", "spam_score": 0.0, "site_type": "news", "published": "2016-10-03T20:17:00.000+03:00", "replies_count": 0, "uuid": "ad46951f367483c8934992f89fa446d9af3ee7d4"}, "author": "", "url": "http://www.anibis.ch/fr/m%c3%a9nage-~-maison--21/table-octogonale-en-noyer--16783142.aspx", "ord_in_thread": 0, "title": "Table octogonale en noyer", "locations": [], "entities": {"persons": [], "locations": [], "organizations": []}, "highlightText": "", "language": "french", "persons": [], "text": "Pouvez-vous nous indiquer l'article de loi? Illégal Merci d'indiquer le chapitre de notre CG? Interdit sur anibis.ch Pouvez-vous nous donner une preuve de ces insultes (copie d'email) Insulte Merci de nous donner le site original Contrefaçon Pouvez-vous nous donner l'URL du texte ou l'image original? Copyright Veuillez préciser la raison de votre signalement : Autre raison Envoyer \nLes annonces suivantes pourront peut-être aussi vous intéresser", "external_links": [], "published": "2016-10-03T20:17:00.000+03:00", "crawled": "2016-10-03T15:27:44.618+03:00", "highlightTitle": ""}