{"organizations": [], "uuid": "c36d97fd812c0d860f69b6fe048c93ce6251c7d0", "thread": {"social": {"gplus": {"shares": 0}, "pinterest": {"shares": 0}, "vk": {"shares": 0}, "linkedin": {"shares": 0}, "facebook": {"likes": 1, "shares": 1, "comments": 0}, "stumbledupon": {"shares": 0}}, "site_full": "sport24.lefigaro.fr", "main_image": "", "site_section": "http://www.lefigaro.fr/rss/figaro_flash-actu.xml", "section_title": "LE FIGARO - Le Figaro - Le Flash Actu", "url": "http://sport24.lefigaro.fr/football/ligue-1/fil-info/monaco-ecrase-metz-et-prend-la-tete-827000", "country": "FR", "domain_rank": 1013, "title": "Monaco écrase Metz et prend la tête", "performance_score": 0, "site": "lefigaro.fr", "participants_count": 0, "title_full": "Monaco écrase Metz et prend la tête", "spam_score": 0.0, "site_type": "news", "published": "2016-10-02T03:54:00.000+03:00", "replies_count": 0, "uuid": "c36d97fd812c0d860f69b6fe048c93ce6251c7d0"}, "author": "", "url": "http://sport24.lefigaro.fr/football/ligue-1/fil-info/monaco-ecrase-metz-et-prend-la-tete-827000", "ord_in_thread": 0, "title": "Monaco écrase Metz et prend la tête", "locations": [], "entities": {"persons": [], "locations": [], "organizations": []}, "highlightText": "", "language": "french", "persons": [], "text": "Monaco écrase Metz et prend la tête Partages Par La rédaction \n  21h54 \nL'AS Monaco s'est amusé sur la pelouse du FC Metz samedi soir lors de la 8e journée de Ligue 1 (0-7) . Lemar (7e), Germain (23e), Bernardo Silva (39e), Fabinho (68e sur penalty), Carrillo (72e, 83e) et Boschilia (89e) ont marqué pour les joueurs de la Principauté, qui prennent la tête du classement en attendant le match de Nice dimanche. Dans les autres rencontres, Caen, Nantes et Lille se sont donnés de l'air en battant respectivement Toulouse (1-0) , Bastia (1-0) et Nancy (1-0) . Match nul spectaculaire entre Dijon et Montpellier (3-3) . \nRésultats de la 8e journée : Vendredi", "external_links": [], "published": "2016-10-02T03:54:00.000+03:00", "crawled": "2016-10-01T23:08:17.071+03:00", "highlightTitle": ""}