{"organizations": [], "uuid": "ef141f14968911e2df405157117fdd26339472a5", "thread": {"social": {"gplus": {"shares": 0}, "pinterest": {"shares": 0}, "vk": {"shares": 0}, "linkedin": {"shares": 0}, "facebook": {"likes": 0, "shares": 0, "comments": 0}, "stumbledupon": {"shares": 0}}, "site_full": "fr.news.yahoo.com", "main_image": "https://s.yimg.com/uu/api/res/1.2/O5xdiEt4IK5.P3mgXc2vsQ--/aD00MjA7dz03NDA7c209MTthcHBpZD15dGFjaHlvbg--/http://media.zenfs.com/fr-FR/video/video.nonstopzapping.com/bda08d6e4f241cf6dea1d9dbf4dd057a", "site_section": "", "section_title": "", "url": "https://fr.news.yahoo.com/audiences-access-cyril-hanouna-au-084111441.html", "country": "GB", "domain_rank": 5, "title": "Audiences Access : Cyril Hanouna au top, Yann Barthès continue de chuter (vidéo) Video", "performance_score": 0, "site": "yahoo.com", "participants_count": 0, "title_full": "Audiences Access : Cyril Hanouna au top, Yann Barthès continue de chuter (vidéo) Video", "spam_score": 0.059, "site_type": "news", "published": "2016-09-29T16:41:00.000+03:00", "replies_count": 0, "uuid": "ef141f14968911e2df405157117fdd26339472a5"}, "author": "", "url": "https://fr.news.yahoo.com/audiences-access-cyril-hanouna-au-084111441.html", "ord_in_thread": 0, "title": "Audiences Access : Cyril Hanouna au top, Yann Barthès continue de chuter (vidéo) Video", "locations": [], "entities": {"persons": [], "locations": [], "organizations": []}, "highlightText": "", "language": "french", "persons": [], "text": "Non Stop Zapping 29 septembre 2016 Les jours se suivent et se ressemblent pour Cyril Hanouna. Mercredi soir, c’est encore lui qui a dominé les audiences des talk-shows d’access. Très bien parti la première semaine, Yann Barthès continue lui sa chute et est passé sous le million de téléspectateurs sur TMC. Non Stop Zapping vous en dit plus. Rebloguer ", "external_links": [], "published": "2016-09-29T16:41:00.000+03:00", "crawled": "2016-10-02T15:32:32.504+03:00", "highlightTitle": ""}