{"organizations": [], "uuid": "60b8f033f6ebe7d9266a9072a9bc42a795d589ef", "thread": {"social": {"gplus": {"shares": 0}, "pinterest": {"shares": 0}, "vk": {"shares": 0}, "linkedin": {"shares": 0}, "facebook": {"likes": 3, "shares": 3, "comments": 0}, "stumbledupon": {"shares": 0}}, "site_full": "www.rtl.fr", "main_image": "http://media.rtl.fr/online/image/2015/0521/7778428735_bruno-le-maire.jpg", "site_section": "http://www.rtl.fr/flux/une.rss", "section_title": "Flux de données - RTL.fr", "url": "http://www.rtl.fr/actu/politique/primaire-les-republicains-bruno-le-maire-ne-ralliera-personne-au-second-tour-7785092316", "country": "FR", "domain_rank": 6912, "title": "Primaire Les Républicains : Bruno Le Maire \"ne ralliera personne\" au second tour", "performance_score": 0, "site": "rtl.fr", "participants_count": 1, "title_full": "Primaire Les Républicains : Bruno Le Maire \"ne ralliera personne\" au second tour", "spam_score": 0.0, "site_type": "news", "published": "2016-10-03T18:51:00.000+03:00", "replies_count": 0, "uuid": "60b8f033f6ebe7d9266a9072a9bc42a795d589ef"}, "author": "Pauline De Saint-Rémy,Loïc Farge", "url": "http://www.rtl.fr/actu/politique/primaire-les-republicains-bruno-le-maire-ne-ralliera-personne-au-second-tour-7785092316", "ord_in_thread": 0, "title": "Primaire Les Républicains : Bruno Le Maire \"ne ralliera personne\" au second tour", "locations": [], "entities": {"persons": [], "locations": [], "organizations": []}, "highlightText": "", "language": "french", "persons": [], "text": "Accueil Actu Politique Primaire Les Républicains : Bruno Le Maire \"ne ralliera personne\" au second tour Primaire Les Républicains : Bruno Le Maire \"ne ralliera personne\" au second tour CONFIDENTIELS RTL - Alors que le scrutin de novembre se focalise sur le duel entre Nicolas Sarkozy et Alain Juppé, le député de l'Eure défend crânement ses chances. La page de l'émission : Les Confidentiels RTL > Présidentielle 2017 : François Hollande a aussi Alain Juppé dans son viseur Crédit Image : ERIC FEFERBERG / AFP | Crédits Média : RTL | Durée : 03:06 publié le 03/10/2016 à 12:51 Partager Commenter Imprimer \"Que les choses soient claires, pas de ralliement à personne, liberté totale\", a affirmé dimanche 2 octobre Bruno Le Maire. Chez Nicolas Sarkozy, la stratégie adoptée par le troisième homme laisse plutôt sceptique. \"C’est pour continuer à exister\", expliquent en substance les proches de l'ancien chef de l'État. \"Il avait déjà dit qu’il ne voulait pas être premier ministre, alors quoi il arrête sa carrière après ?\" , se moquait dans la soirée un proche de Sarkozy , ajoutant : \"Il y a façon et façon d’être neutre\". Sous-entendu : les sarkozystes continuent à se nourrir d’espoir. Bruno Le Maire est resté suffisamment vague dans sa formulation pour qu’un rapprochement soit encore possible. L'équipe de Bruno Le Maire nous a, par ailleurs, confirmé qu'il avait été proposé au député de l'Eure de débattre avec Emmanuel Macron. Un média a eu l’idée d’organiser la rencontre entre le candidat du renouveau autoproclamé et l’homme qui marche. Du côté de chez Bruno Le Maire, on est plutôt partant pour débattre avec le chouchou des sondages et ancien ministre de l’Économie. Le seul problème, c’est que comme le concédait lui-même un proche de Le Maire, \"pour débattre, il faut être deux\", et que du côté d’ Emmanuel Macron , bien qu’on reconnaisse quelques qualités à Le Maire, on est beaucoup moins chaud pour se mettre au niveau du troisième homme de la primaire de droite . La rédaction vous recommande", "external_links": [], "published": "2016-10-03T18:51:00.000+03:00", "crawled": "2016-10-03T14:23:24.771+03:00", "highlightTitle": ""}