{"organizations": [], "uuid": "179725c6c48cdeafb6762defd340e5d163f58cbf", "thread": {"social": {"gplus": {"shares": 0}, "pinterest": {"shares": 0}, "vk": {"shares": 0}, "linkedin": {"shares": 0}, "facebook": {"likes": 0, "shares": 0, "comments": 0}, "stumbledupon": {"shares": 0}}, "site_full": "www.lepoint.fr", "main_image": "http://www.lepoint.fr/images/2016/10/03/5589299lpw-5589298-article-jpg_3814225.jpg", "site_section": "http://www.lepoint.fr/carnets-de-justice/", "section_title": "Carnets de justice – Les chroniques judiciaires – Le Point", "url": "http://www.lepoint.fr/societe/drame-de-la-route-en-moselle-une-mere-et-ses-trois-enfants-tues-le-pere-grievement-blesse-03-10-2016-2073113_23.php", "country": "FR", "domain_rank": 4170, "title": "Drame de la route en Moselle: une mère et ses trois enfants tués, le père grièvement blessé", "performance_score": 0, "site": "lepoint.fr", "participants_count": 1, "title_full": "Drame de la route en Moselle: une mère et ses trois enfants tués, le père grièvement blessé - Le Point", "spam_score": 0.0, "site_type": "news", "published": "2016-10-03T11:33:00.000+03:00", "replies_count": 0, "uuid": "179725c6c48cdeafb6762defd340e5d163f58cbf"}, "author": "Le Point", "url": "http://www.lepoint.fr/societe/drame-de-la-route-en-moselle-une-mere-et-ses-trois-enfants-tues-le-pere-grievement-blesse-03-10-2016-2073113_23.php", "ord_in_thread": 0, "title": "Drame de la route en Moselle: une mère et ses trois enfants tués, le père grièvement blessé", "locations": [], "entities": {"persons": [], "locations": [], "organizations": []}, "highlightText": "", "language": "french", "persons": [], "text": "Une mère et ses trois enfants sont morts dans un accident de la route en Moselle, tandis que le père a été hospitalisé dans un état grave Une famille de cinq personnes a été durement touchée dimanche soir en Moselle dans un accident de la route: la mère et les trois enfants sont morts, tandis que le père a été hospitalisé dans un état grave, a-t-on appris lundi auprès des pompiers et de la gendarmerie.\nLe drame est survenu vers 22h, sur une route départementale entre Philippsbourg et Éguelshardt, à la lisière de l'Alsace et de la Lorraine. La famille, qui rentrait d'un mariage, se rendait chez elle à Bitche, à une dizaine de kilomètres de là.\nSelon les premiers éléments de l'enquête, le père de 38 ans a perdu le contrôle de son véhicule, et celui-ci s'est placé en travers de la route. Il a alors été percuté par une autre voiture qui arrivait en sens inverse.\nLa mère de 34 ans et les trois enfants de 5, 11 et 15 ans sont morts sur le coup. Le père, grièvement blessé, a été évacué en \"urgence absolue\", selon les pompiers.\nQuant au conducteur de l'autre véhicule, un homme de 73 ans qui rentrait chez lui à Strasbourg et était seul au volant, il a été plus légèrement blessé.\n03/10/2016 10:33:14 - Strasbourg (AFP) - © 2016 AFP", "external_links": ["http://static.lpnt.fr/static/img/loading/loading-panoramique.png"], "published": "2016-10-03T11:33:00.000+03:00", "crawled": "2016-10-03T15:47:58.124+03:00", "highlightTitle": ""}