{"organizations": [], "uuid": "da4dc5a5e854171c2f6dfd26a2e2356051d0b8f7", "thread": {"social": {"gplus": {"shares": 0}, "pinterest": {"shares": 0}, "vk": {"shares": 0}, "linkedin": {"shares": 0}, "facebook": {"likes": 0, "shares": 0, "comments": 0}, "stumbledupon": {"shares": 0}}, "site_full": "www.anibis.ch", "main_image": "https://can01.anibis.ch/Autres-appareils-de-photo-Appareil-photo-lubitel/?1024x728/3/90/anibis/418/784/016/bQVE7XtWMEuSFqUQH3czGA_1.jpg", "site_section": "http://anibis.ch//fr/photographie--26/rssexport.aspx", "section_title": "Petites annonces Photographie", "url": "http://www.anibis.ch/fr/photographie--26/appareil-photo-lubitel--16784418.aspx", "country": "CH", "domain_rank": 8918, "title": "Appareil photo lubitel", "performance_score": 0, "site": "anibis.ch", "participants_count": 0, "title_full": "Appareil photo lubitel", "spam_score": 0.0, "site_type": "news", "published": "2016-10-03T22:39:00.000+03:00", "replies_count": 0, "uuid": "da4dc5a5e854171c2f6dfd26a2e2356051d0b8f7"}, "author": "", "url": "http://www.anibis.ch/fr/photographie--26/appareil-photo-lubitel--16784418.aspx", "ord_in_thread": 0, "title": "Appareil photo lubitel", "locations": [], "entities": {"persons": [], "locations": [], "organizations": []}, "highlightText": "", "language": "french", "persons": [], "text": "Pouvez-vous nous indiquer l'article de loi? Illégal Merci d'indiquer le chapitre de notre CG? Interdit sur anibis.ch Pouvez-vous nous donner une preuve de ces insultes (copie d'email) Insulte Merci de nous donner le site original Contrefaçon Pouvez-vous nous donner l'URL du texte ou l'image original? Copyright Veuillez préciser la raison de votre signalement : Autre raison", "external_links": [], "published": "2016-10-03T22:39:00.000+03:00", "crawled": "2016-10-03T19:49:00.275+03:00", "highlightTitle": ""}