{"organizations": [], "uuid": "ad6425d28fe2796c5864294adc8a1b6f8ae27ad6", "thread": {"social": {"gplus": {"shares": 0}, "pinterest": {"shares": 0}, "vk": {"shares": 0}, "linkedin": {"shares": 0}, "facebook": {"likes": 0, "shares": 0, "comments": 0}, "stumbledupon": {"shares": 0}}, "site_full": "fr.sputniknews.com", "main_image": "https://cdnfr1.img.sputniknews.com/images/101878/23/1018782378.jpg", "site_section": "http://fr.sputniknews.com/export/rss2/archive/index.xml", "section_title": "Sputnik France - Actualités - Prises de Position - Radio", "url": "https://fr.sputniknews.com/international/201610031028020727-daech-baghdadi-empoisonnement/", "country": "RU", "domain_rank": 1616, "title": "Le chef de Daech empoisonné avec trois de ses lieutenants", "performance_score": 0, "site": "sputniknews.com", "participants_count": 0, "title_full": "Le chef de Daech empoisonné avec trois de ses lieutenants", "spam_score": 0.0, "site_type": "news", "published": "2016-10-03T18:23:00.000+03:00", "replies_count": 0, "uuid": "ad6425d28fe2796c5864294adc8a1b6f8ae27ad6"}, "author": "", "url": "https://fr.sputniknews.com/international/201610031028020727-daech-baghdadi-empoisonnement/", "ord_in_thread": 0, "title": "Le chef de Daech empoisonné avec trois de ses lieutenants", "locations": [], "entities": {"persons": [], "locations": [], "organizations": []}, "highlightText": "", "language": "french", "persons": [], "text": "Le chef de Daech empoisonné avec trois de ses lieutenants © East News. Balkis Press (mis à jour 12:28 03.10.2016) URL courte 4 1331 13 1 Le chef du groupe terroriste Daech Abou Bakr Baghdadi et trois de ses lieutenants ont été victimes d'un empoisonnement, rapporte l'agence Iraqi Media News Agency, citant une source anonyme. © Flickr/ Thierry Ehrmann Le chef de Daech aurait été éliminé « Le renseignement a fait savoir que le chef de Daech Abou Bakr Baghdadi et trois autres commandants avaient été empoisonnés lors du déjeuner », a annoncé l'interlocuteur de l'agence.\nSelon lui, l'incident s'est produit au sud-ouest de la ville de Mossoul, à proximité de la frontière syro-irakienne. Daech aurait ensuite procédéà des interpellations dans la zone concernée. \nLes quatre victimes de l'empoisonnement ont été transférées d'urgence vers un endroit inconnu, a ajouté la source. Un comédien norvégien se moque du chef de Daech dans une vidéo gay Abou Bakr Baghdadi dirige Daech depuis juin 2014. En juin dernier, le tabloïd britannique Mirror, citant une agence de presse des terroristes, a annoncé que Baghdadi avait trouvé la mort dans un bombardement de la ville de Raqqa, considérée comme la « capitale de Daech » en Syrie, mais ces informations n'ont pas été confirmées.\nSuivez Sputnik sur Telegram pour ne jamais manquer les actualités les plus importantes grâce à nos sélections du matin et du soir. Pour recevoir les actualités de notre chaîne, il suffit de télécharger l'application Telegram sur n'importe quel smartphone, tablette ou ordinateur puis cliquer sur le lien et appuyer sur « Join » \n ", "external_links": [], "published": "2016-10-03T18:23:00.000+03:00", "crawled": "2016-10-03T13:51:19.059+03:00", "highlightTitle": ""}