{"organizations": [], "uuid": "0cf32837a82a4d7f64a3a531aa93f5099ae11363", "thread": {"social": {"gplus": {"shares": 2}, "pinterest": {"shares": 0}, "vk": {"shares": 0}, "linkedin": {"shares": 16}, "facebook": {"likes": 460, "shares": 460, "comments": 0}, "stumbledupon": {"shares": 0}}, "site_full": "bfmbusiness.bfmtv.com", "main_image": "http://www.bfmtv.com/i/0/0/582/5b5a8c6798d7f134ab52bd1a4b6f6.jpg", "site_section": "http://bfmbusiness.bfmtv.com/rss/monde/international/", "section_title": "International - economie", "url": "http://bfmbusiness.bfmtv.com/monde/la-date-du-brexit-se-precise-1043368.html", "country": "FR", "domain_rank": 2868, "title": "La date du Brexit se précise", "performance_score": 4, "site": "bfmtv.com", "participants_count": 0, "title_full": "La date du Brexit se précise", "spam_score": 0.0, "site_type": "news", "published": "2016-10-02T18:30:00.000+03:00", "replies_count": 0, "uuid": "0cf32837a82a4d7f64a3a531aa93f5099ae11363"}, "author": "", "url": "http://bfmbusiness.bfmtv.com/monde/la-date-du-brexit-se-precise-1043368.html", "ord_in_thread": 0, "title": "La date du Brexit se précise", "locations": [], "entities": {"persons": [], "locations": [], "organizations": []}, "highlightText": "", "language": "french", "persons": [], "text": "La date du Brexit se précise 02/10/2016 à 10h57 Imprimer Theresa May, la Première ministre britannique, a indiqué dimanche que le Royaume-Uni enclencherait la procédure de sortie de l'UE \"avant fin mars\" 2017. \nPressée de fournir un calendrier en vue d'une sortie de l'Union européenne , Theresa May a annoncé que le Royaume-Uni allait déclencher la procédure \"avant fin mars 2017\". \n\"Nous déclencherons l'article 50 avant fin mars l'an prochain\", a déclaré la Première ministre britannique, interrogée sur la BBC. \nElle a par ailleurs annoncé vouloir saisir au printemps 2017 le Parlement britannique pour abroger l'acte d'adhésion de son pays à l'Union européenne, dans un entretien au Sunday Times . \nLa loi ne prendra toutefois effet que lorsque le Royaume-Uni aura effectivement quitté l'UE. May veut une \"transition en douceur\" \nLa Première ministre a promis une \"transition en douceur\" pendant laquelle le Parlement britannique sera invité à décider quelles lois européennes resteront en vigueur au Royaume-Uni. \nTout en disant vouloir \"le meilleur accord\" possible pour le commerce et de \"bonnes relations\" avec les membres de l'UE, elle a assuré que son gouvernement répondrait à l'attente exprimée par les électeurs britanniques en matière de contrôle des migrations intra-européennes. \n\"Cela marquera la première étape pour faire du Royaume-Uni un pays souverain et indépendant à nouveau\", a déclaré Theresa May, soulignant que cela signifiera \"la fin de l'autorité de l'UE au Royaume-Uni\". Par Y.D. avec AFP", "external_links": [], "published": "2016-10-02T18:30:00.000+03:00", "crawled": "2016-10-02T15:43:22.263+03:00", "highlightTitle": ""}