{"organizations": [], "uuid": "b0c63dcaf82f128cb234ea4fc7cd36bde2df13b6", "thread": {"social": {"gplus": {"shares": 0}, "pinterest": {"shares": 0}, "vk": {"shares": 0}, "linkedin": {"shares": 0}, "facebook": {"likes": 0, "shares": 0, "comments": 0}, "stumbledupon": {"shares": 0}}, "site_full": "www.goal.com", "main_image": "http://images.performgroup.com/di/library/Goal_Colombia/de/3b/james-rodriguez-real-madrid-270916_3kxpnx14vx7c1hiwfi2qtmlrf.jpg?t=1834693175&amp;w=620&amp;h=430", "site_section": "", "section_title": "", "url": "http://www.goal.com/fr/news/32/espagne/2016/10/02/28114722/real-madrid-james-victime-dune-l%C3%A9sion-musculaire", "country": "GB", "domain_rank": 529, "title": "Real Madrid, James victime d'une lésion musculaire - Goal.com", "performance_score": 0, "site": "goal.com", "participants_count": 0, "title_full": "Real Madrid, James victime d'une lésion musculaire - Goal.com", "spam_score": 0.678, "site_type": "news", "published": "2016-10-03T05:21:00.000+03:00", "replies_count": 0, "uuid": "b0c63dcaf82f128cb234ea4fc7cd36bde2df13b6"}, "author": "", "url": "http://www.goal.com/fr/news/32/espagne/2016/10/02/28114722/real-madrid-james-victime-dune-l%C3%A9sion-musculaire", "ord_in_thread": 0, "title": "Real Madrid, James victime d'une lésion musculaire - Goal.com", "locations": [], "entities": {"persons": [], "locations": [], "organizations": []}, "highlightText": "", "language": "french", "persons": [], "text": "Real Madrid, James victime d'une lésion musculaire \nJames Rodriguez - Real Madrid 270916 Getty Images 0 2 oct. 2016 21:21:33 Blessé à l'entraînement avant le match du Real Madrid contre Eibar, James Rodriguez souffre d'une lésion musculaire à la jambe gauche. \nJames Rodriguez n'a pas pu disputer ce dimanche le match de son équipe du Real Madrid contre Eibar (1-1). Il a déclaré forfait après une blessure contractée à l'échauffement. \nReal Madrid, Benzema et Varane sortis sur blessure \nQuelques minutes après la rencontre, le Real Madrid a communiqué concernant la blessure de son milieu de terrain colombien. Le joueur de 25 ans souffre d'une lésion musculaire à la jambe gauche. Si la durée d'indisponibilité de James n'a pas été communiquée, le Colombien devrait probablement rester à Madrid durant la trêve internationale. \nL'international colombien devrait donc manquer les matches de qualifications pour le Mondial 2018 de sa sélection. Des nouvelles concernant la blessure du joueur du Real Madrid devrait arriver dans les prochains jours. Relatifs ", "external_links": [], "published": "2016-10-03T05:21:00.000+03:00", "crawled": "2016-10-02T23:36:55.414+03:00", "highlightTitle": ""}