{"organizations": [], "uuid": "532e63e7ed7c5c352ad75f02f7e9dacb29904636", "thread": {"social": {"gplus": {"shares": 0}, "pinterest": {"shares": 0}, "vk": {"shares": 0}, "linkedin": {"shares": 0}, "facebook": {"likes": 0, "shares": 0, "comments": 0}, "stumbledupon": {"shares": 0}}, "site_full": "www.dhnet.be", "main_image": "http://r0.ldh.be/img/logoMain-474.png", "site_section": "http://dhnet.be/rss/infos.xml", "section_title": "DH.be - Dernières dépèches", "url": "http://www.dhnet.be/dernieres-depeches/belga/jupiler-pro-league-mouscron-domine-eupen-1-4-westerlo-laisse-la-lanterne-rouge-a-waasland-beveren-57f02377cd70871fc423dc27", "country": "BE", "domain_rank": 5754, "title": "Jupiler Pro League - Mouscron domine Eupen (1-4), Westerlo laisse la lanterne rouge à ...", "performance_score": 0, "site": "dhnet.be", "participants_count": 0, "title_full": "Jupiler Pro League - Mouscron domine Eupen (1-4), Westerlo laisse la lanterne rouge à ...", "spam_score": 0.0, "site_type": "news", "published": "2016-10-02T03:57:00.000+03:00", "replies_count": 0, "uuid": "532e63e7ed7c5c352ad75f02f7e9dacb29904636"}, "author": "", "url": "http://www.dhnet.be/dernieres-depeches/belga/jupiler-pro-league-mouscron-domine-eupen-1-4-westerlo-laisse-la-lanterne-rouge-a-waasland-beveren-57f02377cd70871fc423dc27", "ord_in_thread": 0, "title": "Jupiler Pro League - Mouscron domine Eupen (1-4), Westerlo laisse la lanterne rouge à ...", "locations": [], "entities": {"persons": [], "locations": [], "organizations": []}, "highlightText": "", "language": "french", "persons": [], "text": "  Jupiler Pro League - Mouscron domine Eupen (1-4), Westerlo laisse la lanterne rouge à Waasland-Beveren \n  22h57 BRUXELLES (Belgique) Les rencontres de la 9e journée de la Jupiler Pro League disputées samedi soir ont provoqué des changements dans le bas du classement. Victorieux d'Eupen (1-4), Mouscron est remonté en 12e position tandis que les 'Pandas' ne comptent plus qu'un point d'avance sur la dernière place. Westerlo a battu Waasland-Beveren 1-0 lui refilant la lanterne rouge au passage. Vainqueur de Courtrai (2-1), Lokeren a renoué avec la victoire après trois matches. Eupen et Mouscron ont offert aux spectateurs du Kehrweg   animée. Diedhiou ouvrait le score en faveur des 'Hurlus' d'un tir de l'extérieur du pied dès la 3e minute. Quelques minutes plus tard, un coup-franc d'Hubert était repoussé par la transversale, privant Mouscron du 0-2. Au lieu de cela, Eupen égalisait. Henry Onyekuru profitait d'un contre favorable et s'en allait tromper Delac (15e). Stojanovic redonnait l'avantage à Mouscron au terme d'un beau mouvement collectif (41e). En seconde période, Diedhiou était à la réception d'un centre de Tirpan pour le troisième but mouscronnois, son deuxième de la soirée (55e). Diedhiou réalisait le triplé sur les suites d'un contre à la 72e minute`(1-4, score final). Annys (77e) a offert une précieuse victoire 1-0 à Westerlo contre Waasland-Beveren. Lokeren s'est donné de l'air en battant 2-1 Courtrai grâce aux buts de Jaja (51e) et Marko Miric (57e). Joazinho a réduit l'écart (90e). Au classement, Mouscron, 9 points, remonte en 12e position, juste derrière Lokeren (10). Westerlo (7) quitte la dernière place et revient à la hauteur d'Eupen. Waasland-Beveren, 6 points, est la nouvelle lanterne rouge. (Belga) © 2016 Belga. Tous droits de reproduction et de représentation réservés. Toutes les informations reproduites dans cette rubrique (dépêches, photos, logos) sont protégées par des droits de propriété intellectuelle détenus par Belga. Par conséquent, aucune de ces informations ne peut être reproduite, modifiée, rediffusée, traduite, exploitée commercialement ou réutilisée de quelque manière que ce soit sans l'accord préalable écrit de Belga.", "external_links": [], "published": "2016-10-02T03:57:00.000+03:00", "crawled": "2016-10-02T00:04:18.916+03:00", "highlightTitle": ""}