{"organizations": [], "uuid": "4362f6731f5e5b76b3d8456638c52e5a1fae3bab", "thread": {"social": {"gplus": {"shares": 0}, "pinterest": {"shares": 0}, "vk": {"shares": 0}, "linkedin": {"shares": 0}, "facebook": {"likes": 3, "shares": 3, "comments": 0}, "stumbledupon": {"shares": 0}}, "site_full": "www.dhnet.be", "main_image": "http://rd.ldh.be/image/3d/57f10c11cd70e9985fe8a23d.jpg", "site_section": "http://www.dhnet.be/rss.xml", "section_title": "DH.be - La Une", "url": "http://www.dhnet.be/regions/namur-luxembourg/fiff-le-dernier-dardenne-en-ouverture-photos-57f108bfcd70e9985fe8a1a5", "country": "BE", "domain_rank": 5754, "title": "FIFF: le dernier Dardenne en ouverture (PHOTOS)", "performance_score": 0, "site": "dhnet.be", "participants_count": 1, "title_full": "FIFF: le dernier Dardenne en ouverture (PHOTOS)", "spam_score": 0.0, "site_type": "news", "published": "2016-10-02T20:31:00.000+03:00", "replies_count": 0, "uuid": "4362f6731f5e5b76b3d8456638c52e5a1fae3bab"}, "author": "Veronesi/Swijsen", "url": "http://www.dhnet.be/regions/namur-luxembourg/fiff-le-dernier-dardenne-en-ouverture-photos-57f108bfcd70e9985fe8a1a5", "ord_in_thread": 0, "title": "FIFF: le dernier Dardenne en ouverture (PHOTOS)", "locations": [], "entities": {"persons": [], "locations": [], "organizations": []}, "highlightText": "", "language": "french", "persons": [], "text": "Les foodtrucks en soutien au commerce namurois Namur-Luxembourg \nLa 31e édition du Festival international du film francophone (FIFF) de Namur a été officiellement lancée vendredi soir avec la projection – dans cinq salles – du film des frères Jean-Pierre et Luc Dardenne, La fille inconnue . Les acteurs Christelle Cornil et Louka Minnella, qui jouent dans ce film, ont accompagné les cinéastes tandis que Jérémie Rénier avait prévenu la veille qu’il ne pourrait finalement pas être là. \nQuelques heures auparavant, nous avons rencontré les frères liégeois. Un peu échaudés par Cannes qui n’avait pas adoré leur nouveau film… \nLuc et Jean-Pierre Dardenne, pourquoi venir présenter votre nouveau film en ouverture à Namur alors que vous l’aviez déjà montréà Cannes ? \n“C’est un choix avec le distributeur. Le film devait sortir le 5 octobre partout. Finalement, la France a choisi de le sortir le 12. On s’est posé la question : qu’est-ce qu’on fait ? On s’est dit que c’était bien de le présenter d’abord à Namur. C’est un festival important, pas seulement pour la Wallonie, mais pour tout le marché belge.” \nLe FIFF est en danger financièrement. Qu’en pensez-vous ? \n“Il ne faut pas que ce festival s’arrête. C’est un bel événement qui a une réputation internationale. Ce festival a son identité, surtout dans la qualité de sa sélection. Il faut retrouver de l’argent ailleurs. 1 €, ce n’est pas le Pérou. Pourquoi ne pas lancer un crowdfunding pour soutenir le festival ?” \nVos films sont toujours très graves, même quand vous les traitez sous forme de polar. \n“C’est notre patte. On ne veut pas à tout prix la garder mais c’est nous. Des films sombres, graves, on ne sait faire que ça. C’est comme un peintre, il a son style. Pour nous, c’est pareil. On fait ce qu’on peut, ce qu’on sait faire. La comédie, ce n’est pas notre truc. On n’appartient pas à la race des réalisateurs qui veulent explorer différentes choses à tout prix.” \nOn a annoncé que votre prochain film serait sur les attaques terroristes : vrai ? \n“Faux. On a d’ailleurs fait un démenti. À l’heure actuelle, on ne sait pas encore de quoi parlera notre prochain film. On va partir faire des avant-premières en France et ailleurs pour accompagner la sortie de celui-ci. Et c’est souvent dans ces périodes-là, où on est seuls tous les deux, où on a le temps de discuter, que naissent les idées pour les suivants. On en saura sans doute plus dans trois mois.” Sur le même sujet :", "external_links": [], "published": "2016-10-02T20:31:00.000+03:00", "crawled": "2016-10-02T16:58:44.239+03:00", "highlightTitle": ""}