{"organizations": [], "uuid": "4a04dfb10a76f772cd105f3d1984203f6700e40d", "thread": {"social": {"gplus": {"shares": 0}, "pinterest": {"shares": 0}, "vk": {"shares": 0}, "linkedin": {"shares": 0}, "facebook": {"likes": 1, "shares": 1, "comments": 0}, "stumbledupon": {"shares": 0}}, "site_full": "www.europe1.fr", "main_image": "http://cdn2-europe1.new2.ladmedia.fr/var/europe1/storage/images/europe1/sport/foot-ligue-1-tous-les-resultats-de-la-8eme-journee-2861815/29155681-1-fre-FR/Foot-Ligue-1-tous-les-resultats-de-la-8eme-journee.jpg", "site_section": "http://www.europe1.fr/var/export/rss/europe1/actus.xml", "section_title": "Europe 1: Actus", "url": "http://www.europe1.fr/sport/foot-ligue-1-tous-les-resultats-de-la-8eme-journee-2861815", "country": "FR", "domain_rank": 9784, "title": "Foot-Ligue 1 : tous les résultats de la 8ème journée", "performance_score": 0, "site": "europe1.fr", "participants_count": 1, "title_full": "Foot-Ligue 1 : tous les résultats de la 8ème journée", "spam_score": 0.0, "site_type": "news", "published": "2016-10-02T03:52:00.000+03:00", "replies_count": 0, "uuid": "4a04dfb10a76f772cd105f3d1984203f6700e40d"}, "author": "B.V", "url": "http://www.europe1.fr/sport/foot-ligue-1-tous-les-resultats-de-la-8eme-journee-2861815", "ord_in_thread": 0, "title": "Foot-Ligue 1 : tous les résultats de la 8ème journée", "locations": [], "entities": {"persons": [], "locations": [], "organizations": []}, "highlightText": "", "language": "french", "persons": [], "text": "Foot-Ligue 1 : tous les résultats de la 8ème journée 21h52, le 01 octobre 2016, modifié à 22h01, le 01 octobre 2016 A Valère Germain et les Monégasques ont marché sur Metz.@ JEAN-CHRISTOPHE VERHAEGEN / AFP 0 partage L'AS Monaco s'est offert un carton à Metz pour prendre provisoirement la tête de la Ligue 1, samedi. \nLe réalisme monégasque a encore parlé. Hyper-efficace en première période, l'AS Monaco a balayé le FC Metz (7-0), samedi soir à Saint-Symphorien, pour la 8ème journée de Ligue 1. Parfaitement lancés par l'ouverture du score de Thomas Lemar, les hommes de Leonardo Jardim ont parfaitement enchaîné : Valère Germain, Bernardo Silva, Fabinho (sur pénalty), Guido Carrillo (auteur d'un doublé) et Boschilia ont tous marqué pour mettre la pression sur l'OGC Nice. Leaders avant la soirée de samedi, les Aiglons devront dominer Lorient, dimanche, pour reprendre la tête du classement. \nBeaucoup plus bas dans le classement, les Lillois respirent un peu mieux après avoir décroché leur deuxième succès de la saison, contre Nancy (1-0). Les hommes de Frédéric Antonetti sont toujours dans la zone rouge mais ils remontent à la 18e place et enfoncent leur adversaire lorrain à la 20e, sur un but d'Eder, qui n'avait plus marqué depuis la finale de l'Euro remportée par le Portugal contre la France. \nGrand spectacle à Dijon. Comme les Lillois, Nantes, qui recevait Bastia, et Caen, opposé à Toulouse, se sont imposés à domicile sur le plus petit des scores. Le spectacle était à Dijon samedi soir. Accrocheurs jusqu'au bout, les Bourguignons ont su répondre au triplé de Rodrigue Ninga. Les deux équipes naviguent juste au-dessus de la zone de relégation. \nLes résultats :", "external_links": [], "published": "2016-10-02T03:52:00.000+03:00", "crawled": "2016-10-02T00:59:33.917+03:00", "highlightTitle": ""}