{"organizations": [], "uuid": "67c263b3c865c4a89bf2ebe8040d4ff81e9ae783", "thread": {"social": {"gplus": {"shares": 0}, "pinterest": {"shares": 0}, "vk": {"shares": 0}, "linkedin": {"shares": 1}, "facebook": {"likes": 0, "shares": 0, "comments": 0}, "stumbledupon": {"shares": 0}}, "site_full": "www.ladepeche.fr", "main_image": "http://static.ladepeche.fr/content/media/image/zoom/2016/09/30/assiette-speedkingz1200.jpg", "site_section": "http://www.ladepeche.fr/sante/famille/", "section_title": "Famille et santé : le dossier - ladepeche.fr", "url": "http://www.ladepeche.fr/article/2016/09/30/2429911-grossesse-vitamine-b3-reduit-risque-eczema-chez-enfant.html", "country": "FR", "domain_rank": 5847, "title": "Grossesse : la vitamine B3 réduit le risque d’eczéma chez l’enfant - 30/09/2016", "performance_score": 0, "site": "ladepeche.fr", "participants_count": 1, "title_full": "Grossesse : la vitamine B3 réduit le risque d’eczéma chez l’enfant - 30/09/2016 - ladepeche.fr", "spam_score": 0.0, "site_type": "news", "published": "2016-09-30T10:52:00.000+03:00", "replies_count": 0, "uuid": "67c263b3c865c4a89bf2ebe8040d4ff81e9ae783"}, "author": "DestinationSante", "url": "http://www.ladepeche.fr/article/2016/09/30/2429911-grossesse-vitamine-b3-reduit-risque-eczema-chez-enfant.html", "ord_in_thread": 0, "title": "Grossesse : la vitamine B3 réduit le risque d’eczéma chez l’enfant - 30/09/2016", "locations": [], "entities": {"persons": [], "locations": [], "organizations": []}, "highlightText": "", "language": "french", "persons": [], "text": "L’administration de nicotinamide – une forme de vitamine B3 – aux femmes enceintes pourrait réduire le risque pour l’enfant à naître de développer un eczéma. Cette découverte d’une équipe britannique ouvre la voie à une méthode préventive contre cette pathologie invalidante.\nAu total, les chercheurs de la Medical Research Council Lifecourse Epidemiology Unit (Université de Southampton) ont suivi 497 femmes enceintes. Toutes appartenaient à la cohorte Southampton Women’s Survey . Le taux de nicotinamide de chacune a été analysé au cours de leur grossesse. Ce nutriment est une forme de vitamine B3 , présent notamment dans le poisson, la viande, le poulet, les champignons, les noix et le café. Ensuite, leurs enfants, une fois nés, ont été examinés. L’éventuelle apparition d’un eczéma a, en particulier, été enregistrée aux âges de 6 et 12 mois.\nPrincipal constat, les petits de mères avec des taux élevés de nicotinamide au cours de la grossesse présentent une baisse de 30% du risque de développer un eczéma atopique à 12 mois. « Ces résultats confortent l’idée que l’eczéma trouve son origine dès le développement fœtal », soulignent les auteurs. « Ils pourraient permettre de développer des méthodes préventives contre cette pathologie cutanée. »\n« De plus amples études seront nécessaires pour étudier ce phénomène », admet le Pr Keith Godfrey, directeur du NIHR Southampton Biomedical Research Centre in Nutrition. « Mais ces résultats constituent en tout cas une preuve supplémentaire de l’importance d’une alimentation équilibrée pendant la grossesse. »", "external_links": ["http://www.observatoire-des-aliments.fr/sante/vitamines/vitamine-b3-pp"], "published": "2016-09-30T10:52:00.000+03:00", "crawled": "2016-10-02T19:48:36.009+03:00", "highlightTitle": ""}