{"organizations": [], "uuid": "041935a39d51cf66c91ad4189f1f78191453d57e", "thread": {"social": {"gplus": {"shares": 0}, "pinterest": {"shares": 0}, "vk": {"shares": 0}, "linkedin": {"shares": 0}, "facebook": {"likes": 0, "shares": 0, "comments": 0}, "stumbledupon": {"shares": 0}}, "site_full": "www.dealabs.com", "main_image": "https://static.dealabs.com/deal_image_orig/57f1abe10211b7.70753298.jpg", "site_section": "http://www.dealabs.com/rss/new.xml", "section_title": "Dealabs.com : Tous les nouveaux deals", "url": "https://www.dealabs.com/bons-plans/jusqu-30-de-rduction-sur-une-slection-de-produits---ex-foie-gras-cru--/265422", "country": "US", "domain_rank": 8128, "title": "Jusqu'à 30% de réduction immédiate sur une sélection de produits - Ex: Boîte de 400g de Foie gras cru de canard du Sud-Ouest à 22.35€ @ Picard", "performance_score": 0, "site": "dealabs.com", "participants_count": 1, "title_full": "Jusqu'à 30% de réduction immédiate sur une sélection de produits - Ex: Boîte de 400g de Foie gras cru de canard du Sud-Ouest à 22.35€ @ Picard", "spam_score": 0.0, "site_type": "news", "published": "2016-10-03T10:52:00.000+03:00", "replies_count": 0, "uuid": "041935a39d51cf66c91ad4189f1f78191453d57e"}, "author": "Inkizitor", "url": "https://www.dealabs.com/bons-plans/jusqu-30-de-rduction-sur-une-slection-de-produits---ex-foie-gras-cru--/265422", "ord_in_thread": 0, "title": "Jusqu'à 30% de réduction immédiate sur une sélection de produits - Ex: Boîte de 400g de Foie gras cru de canard du Sud-Ouest à 22.35€ @ Picard", "locations": [], "entities": {"persons": [], "locations": [], "organizations": []}, "highlightText": "", "language": "french", "persons": [], "text": "Voir le deal Jusqu'à 30% de réduction immédiate sur une sélection de produits - Ex: Boîte de 400g de Foie gras cru de canard du Sud-Ouest à 22.35€ @ Picard Posté le 03/10/2016 à 02h52    Modifié il y a 1 min 33 s \nnew\n22.35€\n31.95€ (-31%)\nExpire le : 16/10/2016\nDu 3 au 16 octobre 2016, en magasin et en ligne.\n\nPlusieurs produits très intéressants comme le foie gras ou les queues de langouste\nLa liste complète ici: http://www.pica rd.fr/10-jour s-shopping", "external_links": [], "published": "2016-10-03T10:52:00.000+03:00", "crawled": "2016-10-03T04:09:21.315+03:00", "highlightTitle": ""}