{"organizations": [], "uuid": "2fb0763cee49e9eeb23b5c2ed04ecd4477665db5", "thread": {"social": {"gplus": {"shares": 0}, "pinterest": {"shares": 0}, "vk": {"shares": 0}, "linkedin": {"shares": 0}, "facebook": {"likes": 145, "shares": 145, "comments": 0}, "stumbledupon": {"shares": 0}}, "site_full": "france3-regions.francetvinfo.fr", "main_image": "http://france3-regions.francetvinfo.fr/bretagne/sites/regions_france3/files/styles/top_big/public/assets/images/2016/10/02/glenan.jpg?itok=F2gqwhK4", "site_section": "http://france3-regions.francetvinfo.fr/actu/rss", "section_title": "Régions", "url": "http://france3-regions.francetvinfo.fr/bretagne/glenan-29-un-plongeur-apneiste-derive-puis-est-sauve-1099591.html", "country": "FR", "domain_rank": 3566, "title": "Glénan (29) : un plongeur apnéiste dérive puis est sauvé", "performance_score": 1, "site": "francetvinfo.fr", "participants_count": 1, "title_full": "Glénan (29) : un plongeur apnéiste dérive puis est sauvé", "spam_score": 0.0, "site_type": "news", "published": "2016-10-02T22:47:00.000+03:00", "replies_count": 0, "uuid": "2fb0763cee49e9eeb23b5c2ed04ecd4477665db5"}, "author": "Baptiste Galmiche", "url": "http://france3-regions.francetvinfo.fr/bretagne/glenan-29-un-plongeur-apneiste-derive-puis-est-sauve-1099591.html", "ord_in_thread": 0, "title": "Glénan (29) : un plongeur apnéiste dérive puis est sauvé", "locations": [], "entities": {"persons": [], "locations": [], "organizations": []}, "highlightText": "", "language": "french", "persons": [], "text": "Bretagne Glénan (29) : un plongeur apnéiste dérive puis est sauvé \nCe samedi, un plongeur apléniste, en difficulté en raison du vent d'Ouest soutenu, avait dérivé. Il a été retrouvé sain et sauf. Par Baptiste Galmiche 02/10/2016 à 16:47 © DR Ce samedi, vers 15 h 30, un semi-rigide alerte le Centre Régional Opérationnel de Surveillance et de Sauvetage (CROSS) d'Étel de la disparition d'un apnéiste dans l'archipel des Glénan (29). La zone de recherche se situerait à environ 1 km au Sud-Est du phare de Penfret. Le CROSS diffuse un message d'alerte, reçu par la Marine nationale. Leur avion de patrouille maritime, \"Atlantique 2\", effectuait au même moment un vol d'entraînement dans la zone. Il entame donc les recherches et localise l'apnéiste dans l'eau peu après 16 h. \"Atlantique 2\" informe donc le semi-rigide qui avait donné l'alerte. L'homme est retrouvé sai et sauf et avait dérivé de près de 2 km de sa position initiale. L'état de la mer rendait sa localisation très difficile. Consignes de sécurité Cette opération de recherche et de sauvetage, à l'issue favorable, donne l'occasion à la préfecture maritime de l'Atlantique de rappeler les consignes de sécurité en mer : avant le départ, vérifier les conditions météorologiques, ainsi que les coefficients de marées et la force des courants ; vérifier la validité des équipements de sécurité et particulièrement des fusées de détresse rouges ; avoir sur soi une VHF portable, un téléphone portable mis dans une pochette étanche et des feux à mains clignotants afin d'être repéré plus rapidement par les secours ; équiper tous les membres d'équipage ou les passagers de gilets de sauvetage qui doivent être portés dès la montée à bord et durant toute la navigation ; prévenir quelqu'un à terre de l'heure de son départ et de son heure de retour estimée.", "external_links": [], "published": "2016-10-02T22:47:00.000+03:00", "crawled": "2016-10-02T18:19:05.270+03:00", "highlightTitle": ""}