{"organizations": [], "uuid": "5099ef73dd7a5ca876bac1672f4160cc79b7a867", "thread": {"social": {"gplus": {"shares": 0}, "pinterest": {"shares": 0}, "vk": {"shares": 0}, "linkedin": {"shares": 0}, "facebook": {"likes": 0, "shares": 0, "comments": 0}, "stumbledupon": {"shares": 0}}, "site_full": "sports.orange.fr", "main_image": "http://media2.woopic.com/504/f/470x264/q/85/fd/p/media365-sport-news|887|9e8|a1cb46cf13fd0b0ed812d9b35e/bedimo-beaucoup-de-rage|2729275_ukku03-H_ext.jpg", "site_section": "", "section_title": "", "url": "http://sports.orange.fr/football/ligue-1/article/bedimo-beaucoup-de-rage-CNT000000uzl15.html", "country": "FR", "domain_rank": 208, "title": "Bedimo : \"Beaucoup de rage\" - Orange Sport", "performance_score": 0, "site": "orange.fr", "participants_count": 0, "title_full": "Bedimo : \"Beaucoup de rage\" - Orange Sport", "spam_score": 0.273, "site_type": "news", "published": "2016-10-03T03:06:00.000+03:00", "replies_count": 0, "uuid": "5099ef73dd7a5ca876bac1672f4160cc79b7a867"}, "author": "", "url": "http://sports.orange.fr/football/ligue-1/article/bedimo-beaucoup-de-rage-CNT000000uzl15.html", "ord_in_thread": 0, "title": "Bedimo : \"Beaucoup de rage\" - Orange Sport", "locations": [], "entities": {"persons": [], "locations": [], "organizations": []}, "highlightText": "", "language": "french", "persons": [], "text": "L1-L2 : Quatre matchs pour Crivelli, Hantz et Moulin convoqués publié le 2 octobre \nHenri Bedimo est revenu sur le nul frustrant de l'OM à Angers (1-1) dimanche après-midi à l'occasion de la 8e journée de Ligue 1. Le latéral olympien reconnait qu'il y a du positif à retirer de cette rencontre et juge l'avancée des automatismes entre les joueurs. \"On a beaucoup de rage en prenant un but comme ça vu le scénario. C'est frustrant, il y a beaucoup de déception. La petite lueur de satisfaction, c'est qu'on a montré un tout autre visage que lors de nos dernières sorties à l'extérieur. Il nous a manqué 30 secondes pour remporter ce match. Prendre un but comme ça... Je manque de mots pour qualifier ça. C'est difficile cet après-midi de reprocher quoi que ce soit aux joueurs. On a répondu présent sur ce qu'ils nous ont imposé, c'est à dire les duels dans chaque zone. On s'est créé pas mal de situations, avec un peu plus de fraîcheur on aurait pu tuer le match. Il y a beaucoup de regrets par rapport au scénario. Il y a du mieux dans nos déplacements maintenant. Il va falloir bien récupérer et essayer de garder la dynamique qu'on a à domicile.\" ", "external_links": [], "published": "2016-10-03T03:06:00.000+03:00", "crawled": "2016-10-02T22:41:44.156+03:00", "highlightTitle": ""}