{"organizations": [], "uuid": "2df5c9bd6840d3d5d2310ac8444038b5162dab97", "thread": {"social": {"gplus": {"shares": 0}, "pinterest": {"shares": 0}, "vk": {"shares": 0}, "linkedin": {"shares": 0}, "facebook": {"likes": 0, "shares": 0, "comments": 0}, "stumbledupon": {"shares": 0}}, "site_full": "www.anibis.ch", "main_image": "http://www.anibis.ch/img/anibis-logo-share.png", "site_section": "http://anibis.ch//fr/rencontres--28/rssexport.aspx", "section_title": "Petites annonces Rencontres", "url": "http://www.anibis.ch/fr/rencontres--28/homme-48-ans-recherche-une-belle-histoire--16768645.aspx", "country": "CH", "domain_rank": 8918, "title": "Homme 48 ans recherche une belle histoire", "performance_score": 0, "site": "anibis.ch", "participants_count": 0, "title_full": "Homme 48 ans recherche une belle histoire", "spam_score": 0.0, "site_type": "news", "published": "2016-10-02T14:02:00.000+03:00", "replies_count": 0, "uuid": "2df5c9bd6840d3d5d2310ac8444038b5162dab97"}, "author": "", "url": "http://www.anibis.ch/fr/rencontres--28/homme-48-ans-recherche-une-belle-histoire--16768645.aspx", "ord_in_thread": 0, "title": "Homme 48 ans recherche une belle histoire", "locations": [], "entities": {"persons": [], "locations": [], "organizations": []}, "highlightText": "", "language": "french", "persons": [], "text": "Homme 48 ans recherche une belle histoire Type d'insertion: 72 Description: Bonjour, je recherche une femme pour apprendre à la connaître et pourquoi pas faire un bout de chemin ensemble ... je suis toujours de bonne humeur et aime le respect. j aime les balade en moto , voyage, resto et des petits week-end à deux.. j aime le sport la natation et le vélo. .au plaisir de vous lire Payer simplement et en toute sécurité? Envoyer et recevoir de l'argent avec", "external_links": [], "published": "2016-10-02T14:02:00.000+03:00", "crawled": "2016-10-02T09:09:20.372+03:00", "highlightTitle": ""}