{"organizations": [], "uuid": "c21fa78aad53179d153193b31e4a1c4e5e56ff98", "thread": {"social": {"gplus": {"shares": 0}, "pinterest": {"shares": 0}, "vk": {"shares": 0}, "linkedin": {"shares": 0}, "facebook": {"likes": 0, "shares": 0, "comments": 0}, "stumbledupon": {"shares": 0}}, "site_full": "www.anibis.ch", "main_image": "https://can01.anibis.ch/Femmes-Sudiste-envie-de-saventurer...-Belles-formes-croq/?1024x728/3/90/anibis/323/033/016/952fCn5sz06zIQM_ck3b-A_1.jpg", "site_section": "http://anibis.ch//fr/erotique--15/rssexport.aspx", "section_title": "Petites annonces Erotique", "url": "http://www.anibis.ch/fr/erotique--15/sudiste-envie-de-s'aventurer-belles-formes-croquantes--16033323.aspx", "country": "CH", "domain_rank": 8918, "title": "Sudiste envie de s'aventurer... Belles formes croquantes", "performance_score": 0, "site": "anibis.ch", "participants_count": 0, "title_full": "Sudiste envie de s'aventurer... Belles formes croquantes", "spam_score": 0.0, "site_type": "news", "published": "2016-10-04T04:04:00.000+03:00", "replies_count": 0, "uuid": "c21fa78aad53179d153193b31e4a1c4e5e56ff98"}, "author": "", "url": "http://www.anibis.ch/fr/erotique--15/sudiste-envie-de-s'aventurer-belles-formes-croquantes--16033323.aspx", "ord_in_thread": 0, "title": "Sudiste envie de s'aventurer... Belles formes croquantes", "locations": [], "entities": {"persons": [], "locations": [], "organizations": []}, "highlightText": "", "language": "french", "persons": [], "text": "Sudiste envie de s'aventurer... Belles formes croquantes Type d'insertion: \nEtudiante Sexy qui aime s'aventurer .... \n100% natural et trés coquine.. \nLuxurieuse mais Simple , je connais et apprécie tous les plaisirs de la vie, je saurai vous offrir un moment raffiné de volupté sensuelle et érotique et être la complice dévouée de vos plaisirs.. \nDe nature classe et rafinée, je saurais en privé faire tomber les limites pour que nous nous évadions dans un monde de voluptés ! \nJe suis ouverte a vos propositions et curieuse de decouvrir de nouvelles personnes et de nouvelles sensations.. tout est nouveau pour moi ... \nA bientot", "external_links": [], "published": "2016-10-04T04:04:00.000+03:00", "crawled": "2016-10-03T23:39:31.717+03:00", "highlightTitle": ""}