{"organizations": [], "uuid": "e7d62da252d1098e46fff29e3c717bc7339d13bb", "thread": {"social": {"gplus": {"shares": 0}, "pinterest": {"shares": 0}, "vk": {"shares": 0}, "linkedin": {"shares": 0}, "facebook": {"likes": 1, "shares": 1, "comments": 0}, "stumbledupon": {"shares": 0}}, "site_full": "www.lexpress.fr", "main_image": "http://static.lexpress.fr/medias_11166/w_605,h_350,c_fill,g_north/v1475317029/la-tcheque-petra-kvitova-remporte-le-tournoi-de-wuhan-le-1er-octobre-2016_5717165.jpg", "site_section": "http://www.lexpress.fr/rss/alaune.xml", "section_title": "LEXPRESS.fr - Rss A la Une", "url": "http://www.lexpress.fr/actualites/1/sport/tennis-kvitova-surclasse-cibulkova-en-finale-du-tournoi-de-wuhan_1836513.html", "country": "FR", "domain_rank": 3353, "title": "Tennis: Kvitova surclasse Cibulkova en finale du tournoi de Wuhan", "performance_score": 0, "site": "lexpress.fr", "participants_count": 1, "title_full": "Tennis: Kvitova surclasse Cibulkova en finale du tournoi de Wuhan - L'Express", "spam_score": 0.0, "site_type": "news", "published": "2016-10-01T20:10:00.000+03:00", "replies_count": 0, "uuid": "e7d62da252d1098e46fff29e3c717bc7339d13bb"}, "author": "lexpress.fr", "url": "http://www.lexpress.fr/actualites/1/sport/tennis-kvitova-surclasse-cibulkova-en-finale-du-tournoi-de-wuhan_1836513.html", "ord_in_thread": 0, "title": "Tennis: Kvitova surclasse Cibulkova en finale du tournoi de Wuhan", "locations": [], "entities": {"persons": [], "locations": [], "organizations": []}, "highlightText": "", "language": "french", "persons": [], "text": "Wuhan (Chine) - La Tchèque Petra Kvitova, 26 ans et 16e mondiale, a surclassé la Slovaque Dominika Cibulkova (27 ans, N.12 mondiale) en deux sets expéditifs 6-1, 6-1, pour remporter le tournoi de Wuhan samedi, son premier titre de la saison. Demi-finaliste aux JO de Rio, Kvitova n'a concédé que deux jeux, en un peu plus d'une heure de match, pour décrocher le dix-huitième titre de sa carrière, le deuxième à Wuhan (2013, 2016). Elle n'avait plus remporté de tournoi sur le circuit WTA depuis août 2015. \n ", "external_links": [], "published": "2016-10-01T20:10:00.000+03:00", "crawled": "2016-10-01T13:27:00.322+03:00", "highlightTitle": ""}