{"organizations": [], "uuid": "9f087058f55b81f9936e5d15d430d1f1ef2da843", "thread": {"social": {"gplus": {"shares": 0}, "pinterest": {"shares": 0}, "vk": {"shares": 0}, "linkedin": {"shares": 0}, "facebook": {"likes": 0, "shares": 0, "comments": 0}, "stumbledupon": {"shares": 0}}, "site_full": "www.anibis.ch", "main_image": "https://can01.anibis.ch/Series-TV-Smallville-saison-5/?1024x728/3/90/anibis/832/750/016/Xhtab0zfw0qev4amuDgTdw_1.jpg", "site_section": "http://anibis.ch//fr/films-,-dvd--9/rssexport.aspx", "section_title": "Petites annonces Films & DVD", "url": "http://www.anibis.ch/fr/films-~-dvd--9/smallville-saison-5--16750832.aspx", "country": "CH", "domain_rank": 8918, "title": "Smallville saison 5", "performance_score": 0, "site": "anibis.ch", "participants_count": 0, "title_full": "Smallville saison 5", "spam_score": 0.0, "site_type": "news", "published": "2016-10-01T00:45:00.000+03:00", "replies_count": 0, "uuid": "9f087058f55b81f9936e5d15d430d1f1ef2da843"}, "author": "", "url": "http://www.anibis.ch/fr/films-~-dvd--9/smallville-saison-5--16750832.aspx", "ord_in_thread": 0, "title": "Smallville saison 5", "locations": [], "entities": {"persons": [], "locations": [], "organizations": []}, "highlightText": "", "language": "french", "persons": [], "text": "Pouvez-vous nous indiquer l'article de loi? Illégal Merci d'indiquer le chapitre de notre CG? Interdit sur anibis.ch Pouvez-vous nous donner une preuve de ces insultes (copie d'email) Insulte Merci de nous donner le site original Contrefaçon Pouvez-vous nous donner l'URL du texte ou l'image original? Copyright Veuillez préciser la raison de votre signalement : Autre raison", "external_links": [], "published": "2016-10-01T00:45:00.000+03:00", "crawled": "2016-10-01T12:49:34.342+03:00", "highlightTitle": ""}