{"organizations": [], "uuid": "d66a70479e450f319d7fb9e0b116aa197221d86b", "thread": {"social": {"gplus": {"shares": 0}, "pinterest": {"shares": 0}, "vk": {"shares": 0}, "linkedin": {"shares": 0}, "facebook": {"likes": 4, "shares": 4, "comments": 0}, "stumbledupon": {"shares": 0}}, "site_full": "actu.orange.fr", "main_image": "http://media1.woopic.com/api/v1/images/661%2Fmagic-article-actu%2F81d%2Fd1b%2F76a6edef67024fe7460681c934%2Fmeteo-les-temperatures-de-septembre-ont-explose-les-compteurs%7C81dd1b76a6edef67024fe7460681c934.jpg?format=470x264&amp;facedetect=1&amp;quality=85", "site_section": "", "section_title": "", "url": "http://actu.orange.fr/france/meteo-les-temperatures-de-septembre-ont-explose-les-compteurs-magic-CNT000000uwFkT.html", "country": "FR", "domain_rank": 208, "title": "Météo : les températures de septembre ont explosé les compteurs sur Orange Actualités", "performance_score": 0, "site": "orange.fr", "participants_count": 0, "title_full": "Météo : les températures de septembre ont explosé les compteurs sur Orange Actualités", "spam_score": 0.049, "site_type": "news", "published": "2016-10-01T22:04:00.000+03:00", "replies_count": 0, "uuid": "d66a70479e450f319d7fb9e0b116aa197221d86b"}, "author": "", "url": "http://actu.orange.fr/france/meteo-les-temperatures-de-septembre-ont-explose-les-compteurs-magic-CNT000000uwFkT.html", "ord_in_thread": 0, "title": "Météo : les températures de septembre ont explosé les compteurs sur Orange Actualités", "locations": [], "entities": {"persons": [], "locations": [], "organizations": []}, "highlightText": "", "language": "french", "persons": [], "text": "Météo : un pic de chaleur et des records battus Orange avec AFP, publié le samedi 01 octobre 2016 à 14h04 \nLes conditions estivales qui ont régné sur l'Hexagone ont laissé des traces quasi-historiques en termes de chiffres. Selon un rapport publié par Météo France, la température moyenne enregistrée sur le territoire a frôlé les 20 degrés entre le 1er et le 30 septembre. Sur l'ensemble du mois, la température a été supérieure à la normale de 2,4°C. \nCes chiffres font de cette période le 3e mois de septembre le plus chaud depuis 1900, derrière 1949 (+3.0°C) et 1961 (+2,6°C). Ces chiffres ont été emmenés par une première quinzaine torride, pendant laquelle de nombreux nouveaux records mensuels ont été établis en terme de pics de chaleur, comme à Dax. À Paris, les effets combinés de la vague de chaleur et de \"l'îlot de chaleur\" que forme l'agglomération parisienne ont empêché les températures de redescendre, menant à de nouveaux records en terme de \"minimales\". Le 13 septembre au matin, la température enregistrée au pied de la Tour Eiffel était ainsi supérieure de 12 degrés à la normale.SÉCHERESSECes fortes températures sont allées de pair avec un ensoleillement décrit comme \"excédentaire\" sur la quasi-totalité du pays. Conséquence fâcheuse : la pluviométrie a été très largement déficitaire sur la presque intégralité du territoire, de l'ordre de 40% en moyenne. Les zones les plus touchées vont de l'intérieur de la Bretagne à la Vendée, du Cotentin au Roussillon, du nord de l'Auvergne au CentreèVal de Laire, le long de la vallée du Rhône, ainsi que des frontières du Nord et de l'Alsace.. Publicité ", "external_links": [], "published": "2016-10-01T22:04:00.000+03:00", "crawled": "2016-10-01T22:13:33.465+03:00", "highlightTitle": ""}