{"organizations": [], "uuid": "35ab979c43c792d08cbf5a85f5cc8f8490026c73", "thread": {"social": {"gplus": {"shares": 0}, "pinterest": {"shares": 0}, "vk": {"shares": 0}, "linkedin": {"shares": 0}, "facebook": {"likes": 0, "shares": 0, "comments": 0}, "stumbledupon": {"shares": 0}}, "site_full": "www.anibis.ch", "main_image": "https://can01.anibis.ch/Autres-Gilet-de-sauvetage-enfant/?1024x728/3/90/anibis/252/776/016/Q9yfG1Mm20OlG34acjexyQ_1.jpg", "site_section": "http://anibis.ch//fr/nautisme--24/rssexport.aspx", "section_title": "Petites annonces Nautisme", "url": "http://www.anibis.ch/fr/nautisme--24/gilet-de-sauvetage-enfant--16776252.aspx", "country": "CH", "domain_rank": 8918, "title": "Gilet de sauvetage enfant", "performance_score": 0, "site": "anibis.ch", "participants_count": 0, "title_full": "Gilet de sauvetage enfant", "spam_score": 0.0, "site_type": "news", "published": "2016-10-03T01:45:00.000+03:00", "replies_count": 0, "uuid": "35ab979c43c792d08cbf5a85f5cc8f8490026c73"}, "author": "", "url": "http://www.anibis.ch/fr/nautisme--24/gilet-de-sauvetage-enfant--16776252.aspx", "ord_in_thread": 0, "title": "Gilet de sauvetage enfant", "locations": [], "entities": {"persons": [], "locations": [], "organizations": []}, "highlightText": "", "language": "french", "persons": [], "text": "Pouvez-vous nous indiquer l'article de loi? Illégal Merci d'indiquer le chapitre de notre CG? Interdit sur anibis.ch Pouvez-vous nous donner une preuve de ces insultes (copie d'email) Insulte Merci de nous donner le site original Contrefaçon Pouvez-vous nous donner l'URL du texte ou l'image original? Copyright Veuillez préciser la raison de votre signalement : Autre raison", "external_links": [], "published": "2016-10-03T01:45:00.000+03:00", "crawled": "2016-10-02T23:14:36.641+03:00", "highlightTitle": ""}