{"organizations": [], "uuid": "a47876b312d9cb909cb2da7323a2f20ee2d81677", "thread": {"social": {"gplus": {"shares": 0}, "pinterest": {"shares": 0}, "vk": {"shares": 0}, "linkedin": {"shares": 0}, "facebook": {"likes": 0, "shares": 0, "comments": 0}, "stumbledupon": {"shares": 0}}, "site_full": "www.anibis.ch", "main_image": "https://can01.anibis.ch/Autres-Apple-iPhone-6-Plus-128Gb-tres-neuf/?1024x728/3/90/anibis/268/786/016/rg_u0cxqE0ScGEdbgQ9RBQ_1.jpg", "site_section": "http://anibis.ch//fr/t%c3%a9l%c3%a9phonie--31/rssexport.aspx", "section_title": "Petites annonces Téléphonie", "url": "http://www.anibis.ch/fr/t%c3%a9l%c3%a9phonie--31/apple-iphone-6-plus-128gb-tr%c3%a8s-neuf--16786268.aspx", "country": "CH", "domain_rank": 8918, "title": "Apple iPhone 6 Plus 128Gb très neuf", "performance_score": 0, "site": "anibis.ch", "participants_count": 0, "title_full": "Apple iPhone 6 Plus 128Gb très neuf", "spam_score": 0.0, "site_type": "news", "published": "2016-10-04T02:23:00.000+03:00", "replies_count": 0, "uuid": "a47876b312d9cb909cb2da7323a2f20ee2d81677"}, "author": "", "url": "http://www.anibis.ch/fr/t%c3%a9l%c3%a9phonie--31/apple-iphone-6-plus-128gb-tr%c3%a8s-neuf--16786268.aspx", "ord_in_thread": 0, "title": "Apple iPhone 6 Plus 128Gb très neuf", "locations": [], "entities": {"persons": [], "locations": [], "organizations": []}, "highlightText": "", "language": "french", "persons": [], "text": "Apple iPhone 6 Plus 128Gb très neuf Type d'insertion: 450.– / Prix à discuter Description: \nje vends mon iPhone 6S Plus 128Gb avec la boîte et les accessoires et une coque d'origine Apple libre tout opérateur fonctionne très bien il est comme neuf Payer simplement et en toute sécurité? Envoyer et recevoir de l'argent avec Cet utilisateur a confirmé son compte avec un numéro de mobile valable. guedesdan Membre depuis le 03.10.2016 Êtes-vous intéressé par cette offre? Ecrivez un message à l’annonceur. Mon nom : Transmettre l'annonce par e-mail Vous connaissez quelqu'un qui pourrait s'intéresser à cette annonce ? Envoyez lui un e-mail grâce à ce formulaire. Expéditeur : Veuillez nous indiquer en quelques mots pourquoi cette annonce est une arnaque. e-mail* : Indiquez-nous d'autres annonces concernées (optionel): Multipostage (spam) A votre avis, pourquoi s'agit-il d'une fraude? Fraude Pouvez-vous nous indiquer l'article de loi? Illégal Merci d'indiquer le chapitre de notre CG? Interdit sur anibis.ch Pouvez-vous nous donner une preuve de ces insultes (copie d'email) Insulte Merci de nous donner le site original Contrefaçon Pouvez-vous nous donner l'URL du texte ou l'image original? Copyright Veuillez préciser la raison de votre signalement : Autre raison Envoyer \nLes annonces suivantes pourront peut-être aussi vous intéresser", "external_links": [], "published": "2016-10-04T02:23:00.000+03:00", "crawled": "2016-10-03T21:53:23.175+03:00", "highlightTitle": ""}