{"organizations": [], "uuid": "d9349961ae17803bff99a6b66f570f4ce9bc8365", "thread": {"social": {"gplus": {"shares": 0}, "pinterest": {"shares": 0}, "vk": {"shares": 0}, "linkedin": {"shares": 0}, "facebook": {"likes": 0, "shares": 0, "comments": 0}, "stumbledupon": {"shares": 0}}, "site_full": "www.7sur7.be", "main_image": "http://static3.7sur7.be/static/photo/2016/14/7/13/20161003115653/media_xll_9124213.jpg", "site_section": "http://www.7s7.be/rss.xml", "section_title": "7SUR7.be Info, sport et showbiz, 24/24, 7/7, plus de 350 mises à jour quotidiennes", "url": "http://www.7sur7.be/7s7/fr/31262/Ligue-Jupiler/article/detail/2894254/2016/10/03/Pourquoi-Preud-homme-s-en-est-pris-au-public-brugeois.dhtml", "country": "BE", "domain_rank": 8663, "title": "Pourquoi Preud'homme s'en est pris au public brugeois", "performance_score": 0, "site": "7sur7.be", "participants_count": 1, "title_full": "Pourquoi Preud'homme s'en est pris au public brugeois", "spam_score": 0.0, "site_type": "news", "published": "2016-10-03T17:59:00.000+03:00", "replies_count": 0, "uuid": "d9349961ae17803bff99a6b66f570f4ce9bc8365"}, "author": "Michaël Bouche", "url": "http://www.7sur7.be/7s7/fr/31262/Ligue-Jupiler/article/detail/2894254/2016/10/03/Pourquoi-Preud-homme-s-en-est-pris-au-public-brugeois.dhtml", "ord_in_thread": 0, "title": "Pourquoi Preud'homme s'en est pris au public brugeois", "locations": [], "entities": {"persons": [], "locations": [], "organizations": []}, "highlightText": "", "language": "french", "persons": [], "text": "3/10/16 - 11h59 © belga. Abdoulay Diaby n'a toujours pas ouvert son compteur buts cette saison et est très loin du niveau qu'il affichait l'année dernière. © belga. © photo news. \nAbdoulay Diaby n'a toujours pas ouvert son compteur buts cette saison et est très loin du niveau qu'il avait l'année dernière.La patience des supporters brugeois semble avoir atteint ses limites. Une poignée de fans n'ont pas hésité à prendre l'attaquant malien en grippe et ont scandé le nom de Jelle Vossen, chouchou du public Blauw en Zwart, ce qui a énervé Michel Preud'homme.Le coach des Brugeois s'est directement adressé aux supporters derrière le banc de touche et leur a fait comprendre par un geste de la main qu'il désapprouvait leur attitude.\"Je leur ai demandé de soutenir Diaby au lieu de le viser. C'est exact, oui\", a reconnu MPH. Lire aussi", "external_links": [], "published": "2016-10-03T17:59:00.000+03:00", "crawled": "2016-10-03T13:29:27.462+03:00", "highlightTitle": ""}