{"organizations": [], "uuid": "d0dc08db11c2956978caa1c5ed93f839f42c829d", "thread": {"social": {"gplus": {"shares": 0}, "pinterest": {"shares": 0}, "vk": {"shares": 0}, "linkedin": {"shares": 0}, "facebook": {"likes": 0, "shares": 0, "comments": 0}, "stumbledupon": {"shares": 0}}, "site_full": "www.anibis.ch", "main_image": "https://can01.anibis.ch/Vestes-Vestes-moto-Harley-davidson-original-cuir-100--exc/?1024x728/3/90/anibis/384/785/016/IDTorFw4KkKcQhPB-pwsKg_1_270.jpg", "site_section": "http://anibis.ch//fr/moto-,-v%c3%a9lo--11/rssexport.aspx", "section_title": "Petites annonces Moto & vélo", "url": "http://www.anibis.ch/fr/moto-~-v%c3%a9lo--11/vestes-moto-harley-davidson-original-cuir-100-excellent--16785384.aspx", "country": "CH", "domain_rank": 8918, "title": "Vestes moto Harley davidson original cuir 100% excellent", "performance_score": 0, "site": "anibis.ch", "participants_count": 0, "title_full": "Vestes moto Harley davidson original cuir 100% excellent", "spam_score": 0.0, "site_type": "news", "published": "2016-10-04T00:36:00.000+03:00", "replies_count": 0, "uuid": "d0dc08db11c2956978caa1c5ed93f839f42c829d"}, "author": "", "url": "http://www.anibis.ch/fr/moto-~-v%c3%a9lo--11/vestes-moto-harley-davidson-original-cuir-100-excellent--16785384.aspx", "ord_in_thread": 0, "title": "Vestes moto Harley davidson original cuir 100% excellent", "locations": [], "entities": {"persons": [], "locations": [], "organizations": []}, "highlightText": "", "language": "french", "persons": [], "text": "Vestes moto Harley davidson original cuir 100% excellent Type d'insertion: \nveste homme legendary since 1903 (L) 500.- \nveste homme XL limited ediction Harley davidson 800.- Payer simplement et en toute sécurité? Envoyer et recevoir de l'argent avec Cet utilisateur a confirmé son compte avec un numéro de mobile valable. Rjdcm Membre depuis le 26.01.2014 Téléphone : +41 762641697 Transmettre l'annonce par e-mail Vous connaissez quelqu'un qui pourrait s'intéresser à cette annonce ? Envoyez lui un e-mail grâce à ce formulaire. Expéditeur : Veuillez nous indiquer en quelques mots pourquoi cette annonce est une arnaque. e-mail* : Indiquez-nous d'autres annonces concernées (optionel): Multipostage (spam) A votre avis, pourquoi s'agit-il d'une fraude? Fraude Pouvez-vous nous indiquer l'article de loi? Illégal Merci d'indiquer le chapitre de notre CG? Interdit sur anibis.ch Pouvez-vous nous donner une preuve de ces insultes (copie d'email) Insulte Merci de nous donner le site original Contrefaçon Pouvez-vous nous donner l'URL du texte ou l'image original? Copyright Veuillez préciser la raison de votre signalement : Autre raison Envoyer \nLes annonces suivantes pourront peut-être aussi vous intéresser", "external_links": [], "published": "2016-10-04T00:36:00.000+03:00", "crawled": "2016-10-03T19:57:19.306+03:00", "highlightTitle": ""}