{"organizations": [], "uuid": "49192b7f9186f10131edcdece1aecc185108bde2", "thread": {"social": {"gplus": {"shares": 0}, "pinterest": {"shares": 0}, "vk": {"shares": 0}, "linkedin": {"shares": 0}, "facebook": {"likes": 0, "shares": 0, "comments": 0}, "stumbledupon": {"shares": 0}}, "site_full": "questions.sncf.com", "main_image": "http://dimelo-answers-production.s3-eu-west-1.amazonaws.com/100/179c5f36814961b0/logo_original.png?57c3235", "site_section": "http://questions.sncf.com/xml/answers", "section_title": "[SNCF Questions & Réponses] Dernières réponses", "url": "http://questions.sncf.com/questions/1192796-appli-tgv-pro", "country": "FR", "domain_rank": 9271, "title": "Pas d'appli TGV Pro...", "performance_score": 0, "site": "sncf.com", "participants_count": 1, "title_full": "Pas d'appli TGV Pro...", "spam_score": 0.0, "site_type": "news", "published": "2016-10-03T15:10:00.000+03:00", "replies_count": 0, "uuid": "49192b7f9186f10131edcdece1aecc185108bde2"}, "author": "Lucie de l'Equipe SNCF", "url": "http://questions.sncf.com/questions/1192796-appli-tgv-pro", "ord_in_thread": 0, "title": "Pas d'appli TGV Pro...", "locations": [], "entities": {"persons": [], "locations": [], "organizations": []}, "highlightText": "", "language": "french", "persons": [], "text": "Equipe \nBonjour, \nJe reviens vers vous car votre abonnement est désormais accessible dans notre base de donnée informatique. \nCependant, cet abonnement n'est pas associé à votre carte Grand Voyageur ce qui empêche la dématérialisation. \nJ'effectue la demande de dédoublonnage auprès de nos services ce jour. Un délai de traitement d'environ 15 jours est nécessaire pour rapprocher vos 2 comptes et associer votre abonnement fréquence à votre carte Grand Voyageur. \nVous recevrez un mail de notre service quand la dématérialisation sera possible. \nBonne journée.", "external_links": [], "published": "2016-10-03T15:10:00.000+03:00", "crawled": "2016-10-03T10:16:00.730+03:00", "highlightTitle": ""}