{"organizations": [], "uuid": "8d31724a0e5b0327044a7d3d7cb03bd09f80e29e", "thread": {"social": {"gplus": {"shares": 0}, "pinterest": {"shares": 0}, "vk": {"shares": 0}, "linkedin": {"shares": 0}, "facebook": {"likes": 0, "shares": 0, "comments": 0}, "stumbledupon": {"shares": 0}}, "site_full": "www.lefigaro.fr", "main_image": "http://i.f1g.fr/media/ext/orig/www.lefigaro.fr/img/logo-figaro-1200x360.jpg", "site_section": "http://www.lefigaro.fr/rss/figaro_flash-actu.xml", "section_title": "LE FIGARO - Le Figaro - Le Flash Actu", "url": "http://www.lefigaro.fr/flash-actu/2016/09/30/97001-20160930FILWWW00285-travail-dissimule-12-interpelles-14m-amasse.php", "country": "FR", "domain_rank": 1013, "title": "Travail dissimulé: 12 interpellés, 1,4M€ amassé", "performance_score": 0, "site": "lefigaro.fr", "participants_count": 0, "title_full": "Travail dissimulé: 12 interpellés, 1,4M€ amassé", "spam_score": 0.0, "site_type": "news", "published": "2016-09-30T23:49:00.000+03:00", "replies_count": 0, "uuid": "8d31724a0e5b0327044a7d3d7cb03bd09f80e29e"}, "author": "", "url": "http://www.lefigaro.fr/flash-actu/2016/09/30/97001-20160930FILWWW00285-travail-dissimule-12-interpelles-14m-amasse.php", "ord_in_thread": 0, "title": "Travail dissimulé: 12 interpellés, 1,4M€ amassé", "locations": [], "entities": {"persons": [], "locations": [], "organizations": []}, "highlightText": "", "language": "french", "persons": [], "text": "Travail dissimulé: 12 interpellés, 1,4M€ amassé Par lefigaro.fr avec AFP Publié le 30/09/2016 à 17:49 Douze personnes ont été interpellées pour \"travail illégal aggravé, blanchiment et fraude\", des délits qui leur ont permis d'amasser près d'1,4 million d'euros, a-t-on appris aujourd'hui auprès de la gendarmerie de la Haute-Vienne. Une information judiciaire a été ouverte par le Parquet de Limoges, le Procureur de la République, Gilbert Emery, ayant précisé que les gardes à vue étaient terminées, sans en dire plus. Le préjudice estimé de ce commerce illégal atteint les 950.000 euros, tandis que les avoirs criminels saisis, à savoir véhicules, sommes en liquide et placements immobiliers, atteindraient les 430.000 euros, selon les gendarmes. Après deux ans d'enquête, 90 militaires, déployés sur sept sites simultanément en Haute-Vienne, ont procédé mardi à \"l'interpellation de 12 personnes âgées de 30 à 60 ans, dont deux femmes\", a précisé la gendarmerie. L'enquête a débuté en octobre 2014 à la suite du signalement d'une activité suspecte sur un site de négoce automobile en cessation d'activité sur la commune de Nieul, au nord de Limoges. \"Les recherches ont démontré que cette entreprise réalisait des revenus substantiels par la revente de pièces détachées de véhicules vétustes ou accidentés. Elle pratiquait également le commerce de palettes de bois par le biais d'autres sociétés\", a expliqué le commandant Yves-Olivier Braud. Publicité", "external_links": [], "published": "2016-09-30T23:49:00.000+03:00", "crawled": "2016-10-01T01:30:41.462+03:00", "highlightTitle": ""}