{"organizations": [], "uuid": "2f2cba3d02ebcacb1247f8ef478cccfb9fb10ffe", "thread": {"social": {"gplus": {"shares": 0}, "pinterest": {"shares": 0}, "vk": {"shares": 0}, "linkedin": {"shares": 0}, "facebook": {"likes": 0, "shares": 0, "comments": 0}, "stumbledupon": {"shares": 0}}, "site_full": "fr.news.yahoo.com", "main_image": "", "site_section": "https://ca.news.yahoo.com/?format=rss", "section_title": "Yahoo Actualités - Toute l'actualité en France et dans le monde", "url": "https://fr.news.yahoo.com/video/g%C3%A9orgie-le-pape-c%C3%A9l%C3%A8bre-une-200027216.html", "country": "US", "domain_rank": 5, "title": "Géorgie: le pape célèbre une messe à Tbilissi Video", "performance_score": 0, "site": "yahoo.com", "participants_count": 0, "title_full": "Géorgie: le pape célèbre une messe à Tbilissi Video", "spam_score": 0.0, "site_type": "news", "published": "2016-10-02T03:00:00.000+03:00", "replies_count": 0, "uuid": "2f2cba3d02ebcacb1247f8ef478cccfb9fb10ffe"}, "author": "", "url": "https://fr.news.yahoo.com/video/g%C3%A9orgie-le-pape-c%C3%A9l%C3%A8bre-une-200027216.html", "ord_in_thread": 0, "title": "Géorgie: le pape célèbre une messe à Tbilissi Video", "locations": [], "entities": {"persons": [], "locations": [], "organizations": []}, "highlightText": "", "language": "french", "persons": [], "text": "Le pape François poursuivait samedi 1er octobre sa visite en Géorgie où il a célébré une messe dans un stade de Tbilissi. Le souverain pontife a dit apporter \"consolation\" à la petite communauté catholique géorgienne. Durée : 00:38", "external_links": [], "published": "2016-10-02T03:00:00.000+03:00", "crawled": "2016-10-02T02:54:39.532+03:00", "highlightTitle": ""}