{"organizations": [], "uuid": "fcd13d107ad5b5063cb407277715c557a8835a9e", "thread": {"social": {"gplus": {"shares": 0}, "pinterest": {"shares": 0}, "vk": {"shares": 0}, "linkedin": {"shares": 0}, "facebook": {"likes": 0, "shares": 0, "comments": 0}, "stumbledupon": {"shares": 0}}, "site_full": "www.maxifoot.fr", "main_image": "", "site_section": "http://rss.maxifoot.com/football-general.xml", "section_title": "Maxifoot.fr", "url": "http://www.maxifoot.fr/football-rss247476/om-accord.php", "country": "FR", "domain_rank": 9818, "title": "Real : la terrible stat de Benzema", "performance_score": 0, "site": "maxifoot.fr", "participants_count": 0, "title_full": "Real : la terrible stat de Benzema", "spam_score": 0.0, "site_type": "news", "published": "2016-10-03T19:45:00.000+03:00", "replies_count": 0, "uuid": "fcd13d107ad5b5063cb407277715c557a8835a9e"}, "author": "", "url": "http://www.maxifoot.fr/football-rss247476/om-accord.php", "ord_in_thread": 0, "title": "Real : la terrible stat de Benzema", "locations": [], "entities": {"persons": [], "locations": [], "organizations": []}, "highlightText": "", "language": "french", "persons": [], "text": "« - Texte: - + Titularisж face Я Eibar (1-1) dimanche en championnat, l’empЖche pas la presse espagnole de le pointer du doigt. Auteur d’une premiУre pжriode trУs dжcevante, le Franуais a жtж transparent. La preuve avec cette terrible statistique : l’ancien Lyonnais n’a touchж que 5 ballons ! Un chiffre alarmant lorsque l’on sait Я quel point Benzema aime participer au jeu des Merengue. C’est certain, l", "external_links": [], "published": "2016-10-03T19:45:00.000+03:00", "crawled": "2016-10-03T15:38:27.857+03:00", "highlightTitle": ""}