{"organizations": [], "uuid": "f0f0555a4dab7330e07865f9c945802896b6c266", "thread": {"social": {"gplus": {"shares": 0}, "pinterest": {"shares": 0}, "vk": {"shares": 0}, "linkedin": {"shares": 0}, "facebook": {"likes": 0, "shares": 0, "comments": 0}, "stumbledupon": {"shares": 0}}, "site_full": "www.anibis.ch", "main_image": "https://can01.anibis.ch/Accessoires-Android-2-chargeur-pour-surface-pro----pro-2-et--pro-3/?1024x728/3/90/anibis/595/776/016/i8SjH1L41kCyCx8F5POznQ_1.jpg", "site_section": "http://anibis.ch//fr/ordinateurs-,-bureau--17/rssexport.aspx", "section_title": "Petites annonces Ordinateurs & Bureau", "url": "http://www.anibis.ch/fr/ordinateurs-~-bureau--17/2-chargeur-pour-surface-pro-pro-2-et-pro-3--16776595.aspx", "country": "CH", "domain_rank": 8918, "title": "2 chargeur pour surface pro / pro 2 et pro 3", "performance_score": 0, "site": "anibis.ch", "participants_count": 0, "title_full": "2 chargeur pour surface pro / pro 2 et pro 3", "spam_score": 0.0, "site_type": "news", "published": "2016-10-03T03:03:00.000+03:00", "replies_count": 0, "uuid": "f0f0555a4dab7330e07865f9c945802896b6c266"}, "author": "", "url": "http://www.anibis.ch/fr/ordinateurs-~-bureau--17/2-chargeur-pour-surface-pro-pro-2-et-pro-3--16776595.aspx", "ord_in_thread": 0, "title": "2 chargeur pour surface pro / pro 2 et pro 3", "locations": [], "entities": {"persons": [], "locations": [], "organizations": []}, "highlightText": "", "language": "french", "persons": [], "text": "2 chargeur pour surface pro / pro 2 et pro 3 Type d'insertion: \n1 x chargeur délivrant 48 W 12V \n1 x chargeur délivrant 30 W 12V \néquipé d’un port USB pour recharger un périphérique \n20.- le chargeur les deux 40.- \nenvois par post 7.- Payer simplement et en toute sécurité? Envoyer et recevoir de l'argent avec Cet utilisateur a confirmé son compte avec un numéro de mobile valable. maximm Membre depuis le 16.09.2012 Téléphone : +41 767504426 Êtes-vous intéressé par cette offre? Ecrivez un message à l’annonceur. Mon nom : Transmettre l'annonce par e-mail Vous connaissez quelqu'un qui pourrait s'intéresser à cette annonce ? Envoyez lui un e-mail grâce à ce formulaire. Expéditeur : Veuillez nous indiquer en quelques mots pourquoi cette annonce est une arnaque. e-mail* : Indiquez-nous d'autres annonces concernées (optionel): Multipostage (spam) A votre avis, pourquoi s'agit-il d'une fraude? Fraude Pouvez-vous nous indiquer l'article de loi? Illégal Merci d'indiquer le chapitre de notre CG? Interdit sur anibis.ch Pouvez-vous nous donner une preuve de ces insultes (copie d'email) Insulte Merci de nous donner le site original Contrefaçon Pouvez-vous nous donner l'URL du texte ou l'image original? Copyright Veuillez préciser la raison de votre signalement : Autre raison", "external_links": [], "published": "2016-10-03T03:03:00.000+03:00", "crawled": "2016-10-03T01:02:45.224+03:00", "highlightTitle": ""}