{"organizations": [], "uuid": "501f1d9aa8827777b9bbcfabbddebb3ad36dd755", "thread": {"social": {"gplus": {"shares": 0}, "pinterest": {"shares": 0}, "vk": {"shares": 0}, "linkedin": {"shares": 0}, "facebook": {"likes": 0, "shares": 0, "comments": 0}, "stumbledupon": {"shares": 0}}, "site_full": "fr.finance.yahoo.com", "main_image": "https://s.yimg.com/bt/api/res/1.2/TJau2aQ7o9oNmqbk82RG6A--/YXBwaWQ9eW5ld3NfbGVnbztpbD1wbGFuZTtxPTc1O3c9NjAw/http://globalfinance.zenfs.com/fr_FR/Finance/FR_AFTP_LATRIBUNE_LIVE_1/viktor-orban-appelle-les-europeens-a-changer-leur-politique-en-matiere-d-immigration.jpg", "site_section": "https://fr.finance.yahoo.com/actualites/partenaire-latribune/?format=rss", "section_title": "Archives des articles La Tribune - Yahoo France Finance", "url": "https://fr.finance.yahoo.com/actualites/hongrois-appel%C3%A9s-%C3%A0-voter-contre-160711356.html", "country": "US", "domain_rank": 5, "title": "Les Hongrois appelés à voter contre l’accueil des migrants", "performance_score": 0, "site": "yahoo.com", "participants_count": 0, "title_full": "Les Hongrois appelés à voter contre l’accueil des migrants", "spam_score": 0.0, "site_type": "news", "published": "2016-10-03T00:07:00.000+03:00", "replies_count": 0, "uuid": "501f1d9aa8827777b9bbcfabbddebb3ad36dd755"}, "author": "", "url": "https://fr.finance.yahoo.com/actualites/hongrois-appel%C3%A9s-%C3%A0-voter-contre-160711356.html", "ord_in_thread": 0, "title": "Les Hongrois appelés à voter contre l’accueil des migrants", "locations": [], "entities": {"persons": [], "locations": [], "organizations": []}, "highlightText": "", "language": "french", "persons": [], "text": "L'Obs - il y a 1 heure 7 minutes La campagne débutera officiellement le 17 décembre. … Suite » Les Hongrois appelés à voter contre l’accueil des migrants La Tribune - il y a 1 heure 12 minutes Une majorité des huit millions d’électeurs hongrois devrait se prononcer ce dimanche contre la politique européenne de répartition des demandeurs d’asile entre les pays de l’Union européenne. … Suite » L'Inde a ratifié l'accord de Paris sur le climat AFP - il y a 1 heure 12 minutes L'Inde, troisième émetteur mondial de gaz à effet de serre, a ratifié dimanche l'accord de Paris sur le climat, grand pas vers son entrée en vigueur désormais imminente. … Suite » Climat : grâce à la ratification indienne, l’Accord de Paris près de pouvoir entrer en vigueur La Tribune - il y a 1 heure 16 minutes Comme annoncé, en ce jour anniversaire de la mort du Mahatma Ghandi, l’Inde a ratifié l’accord issu de la COP 21, portant à 51,89% le total des émissions couvertes par les pays ayant ratifié l’accord. ... … Suite » Wall Street évoluera encore au gré du dossier Deutsche Bank Reuters - il y a 1 heure 42   21   25 minutes Rihanna est décidément une fashionista à part. La belle de la Barbade a fait une sortie plus que remarquée en soirée ce samedi. La styliste de la griffe Fenty X Puma, qui a fait sensation mercredi... … Suite » Ce placement immobilier rapporte 7 fois plus que le Livret A BFM Business - il y a 2 heures 30   33   34   6  ", "external_links": [], "published": "2016-10-03T00:07:00.000+03:00", "crawled": "2016-10-02T20:22:07.776+03:00", "highlightTitle": ""}