{"organizations": [], "uuid": "7d89c2110453cba07510d3ce9fae4c3bfb7d5a87", "thread": {"social": {"gplus": {"shares": 0}, "pinterest": {"shares": 0}, "vk": {"shares": 0}, "linkedin": {"shares": 0}, "facebook": {"likes": 0, "shares": 0, "comments": 0}, "stumbledupon": {"shares": 0}}, "site_full": "www.dhnet.be", "main_image": "http://r0.ldh.be/img/logoMain-474.png", "site_section": "http://www.dhnet.be/rss/infos.xml", "section_title": "DH.be - Dernières dépèches", "url": "http://www.dhnet.be/dernieres-depeches/belga/achats-en-hausse-lors-du-troisieme-sunday-shopday-57f14318cd70871fc42456bb", "country": "BE", "domain_rank": 5754, "title": "Achats en hausse lors du troisième Sunday shopday", "performance_score": 0, "site": "dhnet.be", "participants_count": 0, "title_full": "Achats en hausse lors du troisième Sunday shopday", "spam_score": 0.0, "site_type": "news", "published": "2016-10-03T00:24:00.000+03:00", "replies_count": 0, "uuid": "7d89c2110453cba07510d3ce9fae4c3bfb7d5a87"}, "author": "", "url": "http://www.dhnet.be/dernieres-depeches/belga/achats-en-hausse-lors-du-troisieme-sunday-shopday-57f14318cd70871fc42456bb", "ord_in_thread": 0, "title": "Achats en hausse lors du troisième Sunday shopday", "locations": [], "entities": {"persons": [], "locations": [], "organizations": []}, "highlightText": "", "language": "french", "persons": [], "text": "  Achats en hausse lors du troisième Sunday shopday \n  19h24 BRUXELLES (Belgique) Le nombre de paiements électroniques enregistrés lors de la 3e édition du Sunday shopday, ce dimanche, a progressé de 25% par rapport à l'année dernière et de 40% par rapport à 2013, a indiqué Comeos, la fédération du commerce et des services qui organise l'événement dominical annuel en collaboration avec Worldline.Des milliers de magasins répartis dans plus de 300 villes et communes ont participéà cette 3e édition. \"Ceux qui ont participé au Sunday shopday ont non seulement profité des activités et attentions à leur égard, mais ils ont aussi fait des achats. C'est ce qui ressort des chiffres de Worldline, qui enregistre à 18 heures 25% d'opérations électroniques en plus qu'au même moment l'année dernière\", a précisé Comeos. Au total, 2.004.044 transactions ont été comptabilisées cette année. La quatrième édition du Sunday shopday aura lieu le dimanche 1er octobre 2017. (Belga) © 2016 Belga.   Belga.   Belga.", "external_links": [], "published": "2016-10-03T00:24:00.000+03:00", "crawled": "2016-10-02T20:32:53.157+03:00", "highlightTitle": ""}