{"organizations": [], "uuid": "a6290d5525cc1b56810ab12acb27e545965af2c7", "thread": {"social": {"gplus": {"shares": 0}, "pinterest": {"shares": 0}, "vk": {"shares": 0}, "linkedin": {"shares": 0}, "facebook": {"likes": 2, "shares": 2, "comments": 0}, "stumbledupon": {"shares": 0}}, "site_full": "video.eurosport.fr", "main_image": "http://i.eurosport.com/2016/10/03/1943559-40866672-1600-900.jpg", "site_section": "http://www.eurosport.fr/rss.xml", "section_title": "Eurosport - Top des infos", "url": "http://video.eurosport.fr/football/video-koscielny-fabinho-et-kimmich.-l-equipe-du-week-end-sait-aussi-bien-defendre-qu-attaquer_vid925774/video.shtml", "country": "FR", "domain_rank": 3169, "title": "Avec Koscielny, Fabinho et Kimmich, l'équipe du week-end sait aussi bien défendre qu'attaquer", "performance_score": 0, "site": "eurosport.fr", "participants_count": 0, "title_full": "Avec Koscielny, Fabinho et Kimmich, l'équipe du week-end sait aussi bien défendre qu'attaquer", "spam_score": 0.0, "site_type": "news", "published": "2016-10-04T00:40:00.000+03:00", "replies_count": 0, "uuid": "a6290d5525cc1b56810ab12acb27e545965af2c7"}, "author": "", "url": "http://video.eurosport.fr/football/video-koscielny-fabinho-et-kimmich.-l-equipe-du-week-end-sait-aussi-bien-defendre-qu-attaquer_vid925774/video.shtml", "ord_in_thread": 0, "title": "Avec Koscielny, Fabinho et Kimmich, l'équipe du week-end sait aussi bien défendre qu'attaquer", "locations": [], "entities": {"persons": [], "locations": [], "organizations": []}, "highlightText": "", "language": "french", "persons": [], "text": "VIDEO - Koscielny, Fabinho et Kimmich... L'équipe du week-end sait aussi bien défendre qu'attaquer Mis à jour Il y a 2 heures Publié le 03/10/2016 à 18:17 OPTA TEAM - Ce week-end, les buteurs européens ne jouaient pas que sur le front des attaques. En effet, Laurent Koscielny (Arsenal), Fabinho (Monaco) et Kimmich (Bayern Munich) ont tous réussi à trouver le chemin des filets. Eurosport disponible uniquement sur CANALSAT", "external_links": [], "published": "2016-10-04T00:40:00.000+03:00", "crawled": "2016-10-04T00:35:24.734+03:00", "highlightTitle": ""}