{"organizations": [], "uuid": "35a0a4e333d246cd811b1f0319e31c6410e10800", "thread": {"social": {"gplus": {"shares": 0}, "pinterest": {"shares": 0}, "vk": {"shares": 0}, "linkedin": {"shares": 0}, "facebook": {"likes": 0, "shares": 0, "comments": 0}, "stumbledupon": {"shares": 0}}, "site_full": "www.anibis.ch", "main_image": "https://can01.anibis.ch/Autres-Casio-bracelet-metallique--A163W/?1024x728/3/90/anibis/266/787/016/f_Jw8SL1i0C-NBYGAVvV5w_1.jpg", "site_section": "http://anibis.ch//fr/bijouterie-,-horlogerie--5/rssexport.aspx", "section_title": "Petites annonces Bijouterie & Horlogerie", "url": "http://www.anibis.ch/fr/bijouterie-~-horlogerie--5/casio-bracelet-m%c3%a9tallique-a163w--16787266.aspx", "country": "CH", "domain_rank": 8918, "title": "Casio bracelet métallique A163W", "performance_score": 0, "site": "anibis.ch", "participants_count": 0, "title_full": "Casio bracelet métallique A163W", "spam_score": 0.0, "site_type": "news", "published": "2016-10-04T04:04:00.000+03:00", "replies_count": 0, "uuid": "35a0a4e333d246cd811b1f0319e31c6410e10800"}, "author": "", "url": "http://www.anibis.ch/fr/bijouterie-~-horlogerie--5/casio-bracelet-m%c3%a9tallique-a163w--16787266.aspx", "ord_in_thread": 0, "title": "Casio bracelet métallique A163W", "locations": [], "entities": {"persons": [], "locations": [], "organizations": []}, "highlightText": "", "language": "french", "persons": [], "text": "  Envoyer \nLes annonces suivantes pourront peut-être aussi vous intéresser", "external_links": [], "published": "2016-10-04T04:04:00.000+03:00", "crawled": "2016-10-03T23:29:19.505+03:00", "highlightTitle": ""}