{"organizations": [], "uuid": "797ed10a0297d03d368a51dc92a1ebd1629b46fe", "thread": {"social": {"gplus": {"shares": 0}, "pinterest": {"shares": 0}, "vk": {"shares": 0}, "linkedin": {"shares": 0}, "facebook": {"likes": 0, "shares": 0, "comments": 0}, "stumbledupon": {"shares": 0}}, "site_full": "www.dhnet.be", "main_image": "http://r0.ldh.be/img/logoMain-474.png", "site_section": "http://www.dhnet.be/rss/infos/afp.xml", "section_title": "DH.be - Dernières dépèches AFP", "url": "http://www.dhnet.be/dernieres-depeches/afp/medecine-le-nobel-recompense-un-japonais-specialiste-de-l-autophagie-57f23638cd70e9985fe91781", "country": "BE", "domain_rank": 5754, "title": "Médecine: le Nobel récompense un Japonais spécialiste de l'autophagie", "performance_score": 0, "site": "dhnet.be", "participants_count": 1, "title_full": "Médecine: le Nobel récompense un Japonais spécialiste de l'autophagie", "spam_score": 0.0, "site_type": "news", "published": "2016-10-03T17:42:00.000+03:00", "replies_count": 0, "uuid": "797ed10a0297d03d368a51dc92a1ebd1629b46fe"}, "author": "Hugues HONORE", "url": "http://www.dhnet.be/dernieres-depeches/afp/medecine-le-nobel-recompense-un-japonais-specialiste-de-l-autophagie-57f23638cd70e9985fe91781", "ord_in_thread": 0, "title": "Médecine: le Nobel récompense un Japonais spécialiste de l'autophagie", "locations": [], "entities": {"persons": [], "locations": [], "organizations": []}, "highlightText": "", "language": "french", "persons": [], "text": "  Médecine: le Nobel récompense un Japonais spécialiste de l'autophagie \n  12h42 Stockholm (AFP) \nLe prix de Nobel de médecine a récompensé lundi le Japonais Yoshinori Ohsumi pour ses découvertes sur l'autophagie, processus par lequel nos cellules digèrent leurs propres déchets et qui, en cas de dysfonctionnement, déclenche la maladie de Parkinson ou le diabète. \nM. Ohsumi, 71 ans, a fait l'essentiel de sa carrière de biologiste à l'Université de Tokyo, où ses expériences ont donné des clés essentielles à la compréhension du renouvellement des cellules, du vieillissement et de la réponse du corps à la faim et aux infections. \n\"Les difficultés àétudier le phénomène faisaient qu'on en savait peu jusqu'à ce que, dans une série d'expériences brillantes au début des années 1990, Yoshinori Ohsumi utilise de la levure de boulanger pour identifier les gènes essentiels à l'autophagie\", a expliqué l'Assemblée Nobel de l'Institut Karolinska, qui décerne le prix. \n\"Il a ensuite poursuivi pour élucider les mécanismes sous-jacents à l'autophagie dans la levure et démontré qu'un mécanisme sophistiqué similaire était employé dans nos cellules\", a-t-elle ajouté. \nLe nom d'autophagie a été donné au processus par le Belge Christian de Duve, qui avait été l'un des trois lauréats du Nobel de médecine en 1974. Il était également au coeur des travaux ayant valu en 2004 le Nobel de chimie à l'Américain Irwin Rose et aux Israéliens Aaron Ciechanover et Avram Hershko. \nLe processus est essentiel au renouvellement cellulaire. Nos cellules s'autodétruisent en s'enfermant dans des vésicules à double membrane avant d'être livrées aux lysosomes, organismes ordinairement chargés de digérer et détruire déchets et bactéries. \n- Maladies lysosomales - \nSon mauvais fonctionnement peut entraîner toutes sortes de maladies, dont celles dites \"lysosomales\", d'origine génétique, ou encore la maladie de Huntington, d'Alzheimer, de Crohn, des myopathies, etc. \n\"Les perturbations de l'autophagie ontété liées à la maladie de Parkinson, au diabète de type 2 et d'autres troubles qui apparaissent chez les personnes âgées\", selon le jury. \n\"Les mutations des gènes de l'autophagie peuvent provoquer des maladies génétiques. Une recherche intense est actuellement menée pour développer des traitements qui puissent viser l'autophagie dans différentes affections\", a-t-il souligné. \nProfesseur honoraire à l'Université de technologie de Tokyo (surnommée Tokodai), il remporte huit millions de couronnes suédoises (834.000 euros). \nIl \"était un peu surpris\", a raconté le secrétaire du jury Thomas Perlmann, qui lui a téléphoné avant l'annonce. \n\"Si la fonction d'autophagie est défectueuse, les cellules nerveuses ne peuvent pas fonctionner correctement. Dans des études expérimentales on a aussi vu que l'embryon ne peut se développer normalement\", a souligné le président de l'assemblée Nobel de médecine, Rune Toftgård, sur la télévision SVT. \nEn 2015, le prix était alléà l'Irlando-Américain William Campbell, au Japonais Satoshi Omura et à la Chinoise Tu Youyou pour leurs découvertes de traitements contre les infections parasitaires et le paludisme. \nLa médecine est traditionnellement le premier des prix Nobel décernés chaque année. Doivent suivre la physique mardi, la chimie mercredi, la paix vendredi, le prix d'économie le 10 octobre et la littérature le 13.  ", "external_links": [], "published": "2016-10-03T17:42:00.000+03:00", "crawled": "2016-10-03T13:52:53.167+03:00", "highlightTitle": ""}