{"organizations": [], "uuid": "390f80ff94597197b1c7b02bd1a96af764cc6c41", "thread": {"social": {"gplus": {"shares": 1}, "pinterest": {"shares": 0}, "vk": {"shares": 0}, "linkedin": {"shares": 0}, "facebook": {"likes": 95, "shares": 95, "comments": 0}, "stumbledupon": {"shares": 0}}, "site_full": "la1ere.francetvinfo.fr", "main_image": "http://la1ere.francetvinfo.fr/guadeloupe/sites/regions_outremer/files/styles/top_big/public/assets/images/2016/09/30/14527494_10154533212807170_1206526108_n.jpg?itok=pGEJZyM6", "site_section": "http://www.la1ere.fr/societe/rss", "section_title": "outre-mer 1ère - société", "url": "http://la1ere.francetvinfo.fr/guadeloupe/est-il-encore-possible-d-eduquer-402307.html", "country": "FR", "domain_rank": 3566, "title": "Est-il encore possible d'éduquer ?", "performance_score": 0, "site": "francetvinfo.fr", "participants_count": 1, "title_full": "Est-il encore possible d'éduquer ?", "spam_score": 0.0, "site_type": "news", "published": "2016-10-01T04:48:00.000+03:00", "replies_count": 0, "uuid": "390f80ff94597197b1c7b02bd1a96af764cc6c41"}, "author": "FJO avec O. Ménel et P. Labeca", "url": "http://la1ere.francetvinfo.fr/guadeloupe/est-il-encore-possible-d-eduquer-402307.html", "ord_in_thread": 0, "title": "Est-il encore possible d'éduquer ?", "locations": [], "entities": {"persons": [], "locations": [], "organizations": []}, "highlightText": "", "language": "french", "persons": [], "text": "Je suis à l'école chez moi ... \nIls ont fait le choix de ne pas envoyer leurs enfants à l’école. Pourquoi ? Comment ces parents assurent-ils les cours ? Est-ce que tous les parents sont libres de faire l’école à la maison ? le Centre National d’Enseignement à distance leur permet de faire ce choix Mis à jour le dimanche 18 Septembre 2016 à 08:35", "external_links": [], "published": "2016-10-01T04:48:00.000+03:00", "crawled": "2016-10-01T05:39:35.484+03:00", "highlightTitle": ""}