{"organizations": [], "uuid": "5110445f5827fae58b6da3f48be848422191e816", "thread": {"social": {"gplus": {"shares": 0}, "pinterest": {"shares": 0}, "vk": {"shares": 0}, "linkedin": {"shares": 0}, "facebook": {"likes": 0, "shares": 0, "comments": 0}, "stumbledupon": {"shares": 0}}, "site_full": "actu.orange.fr", "main_image": "http://media2.woopic.com/api/v1/images/661%2Fleparisien-actu-articles%2Fc49%2F1c4%2Fe97492c0f1c50b7faf9dec36a1%2Fmanif-interdite-a-calais-trois-crs-blesses-dans-des-heurts-pres-de-la-jungle%7C6167283_calais_1000x625.jpg?format=470x264&amp;facedetect=1&amp;quality=85", "site_section": "", "section_title": "", "url": "http://actu.orange.fr/societe/fait-divers/manif-interdite-a-calais-trois-crs-blesses-dans-des-heurts-pres-de-la-jungle-leparisien-CNT000000uwYaI.html", "country": "FR", "domain_rank": 208, "title": "Manif interdite à Calais : trois CRS blessés dans des heurts près de la «Jungle» sur Orange Actualités", "performance_score": 0, "site": "orange.fr", "participants_count": 0, "title_full": "Manif interdite à Calais : trois CRS blessés dans des heurts près de la «Jungle» sur Orange Actualités", "spam_score": 0.209, "site_type": "news", "published": "2016-10-02T03:05:00.000+03:00", "replies_count": 0, "uuid": "5110445f5827fae58b6da3f48be848422191e816"}, "author": "", "url": "http://actu.orange.fr/societe/fait-divers/manif-interdite-a-calais-trois-crs-blesses-dans-des-heurts-pres-de-la-jungle-leparisien-CNT000000uwYaI.html", "ord_in_thread": 0, "title": "Manif interdite à Calais : trois CRS blessés dans des heurts près de la «Jungle» sur Orange Actualités", "locations": [], "entities": {"persons": [], "locations": [], "organizations": []}, "highlightText": "", "language": "french", "persons": [], "text": "Jets de pierres, canons à eau et bus bloqués : une manifestation interdite à Calais dégénère Leparisien.fr avec AFP, publié le samedi 01 octobre 2016 à 19h05 \nLa manifestation avait été interdite. Des heurts ont pourtant éclaté samedi aux abords de la «Jungle» de Calais entre des forces de l'ordre et des migrants appuyés par des militants d'ultra-gauche, faisant trois blessés légers chez les CRS, a indiqué la préfecture du Pas-de-Calais. Selon des journalistes indépendants, la situation se serait apaisée en début de soirée. Ces échauffourées sont intervenues alors que la préfecture avait interdit en milieu de semaine une manifestation de soutien aux migrants, prévue samedi et qui devait partir de la «Jungle» pour atteindre le centre de la cité portuaire. Saisi en référé, le tribunal administratif de Lille avait validé cette interdiction vendredi soir. ", "external_links": [], "published": "2016-10-02T03:05:00.000+03:00", "crawled": "2016-10-01T22:13:34.513+03:00", "highlightTitle": ""}