{"organizations": [], "uuid": "50d2c83cdfca168997f831231ebae89f562f5259", "thread": {"social": {"gplus": {"shares": 0}, "pinterest": {"shares": 0}, "vk": {"shares": 0}, "linkedin": {"shares": 0}, "facebook": {"likes": 0, "shares": 0, "comments": 0}, "stumbledupon": {"shares": 0}}, "site_full": "actu.orange.fr", "main_image": "http://media1.woopic.com/api/v1/images/661%2Fafp-news%2Fa29%2Fc94%2F8e233a52e1b3136a21a87f10b2%2Fvalls-sonne-la-mobilisation-en-faveur-du-vrai-faux-candidat-hollande%7C000_GP5PC-highDef.jpg?format=470x264&amp;facedetect=1&amp;quality=85", "site_section": "", "section_title": "", "url": "http://actu.orange.fr/politique/valls-sonne-la-mobilisation-en-faveur-du-vrai-faux-candidat-hollande-CNT000000uzdY9.html", "country": "FR", "domain_rank": 208, "title": "Valls sonne la mobilisation en faveur du vrai-faux candidat Hollande sur Orange Actualités", "performance_score": 0, "site": "orange.fr", "participants_count": 0, "title_full": "Valls sonne la mobilisation en faveur du vrai-faux candidat Hollande sur Orange Actualités", "spam_score": 0.217, "site_type": "news", "published": "2016-10-03T05:16:00.000+03:00", "replies_count": 0, "uuid": "50d2c83cdfca168997f831231ebae89f562f5259"}, "author": "", "url": "http://actu.orange.fr/politique/valls-sonne-la-mobilisation-en-faveur-du-vrai-faux-candidat-hollande-CNT000000uzdY9.html", "ord_in_thread": 0, "title": "Valls sonne la mobilisation en faveur du vrai-faux candidat Hollande sur Orange Actualités", "locations": [], "entities": {"persons": [], "locations": [], "organizations": []}, "highlightText": "", "language": "french", "persons": [], "text": "Valls \"inquiet\" par la primaire à gauche et les \"nombreux risques\" pour Hollande AFP, publié le dimanche 02 octobre 2016 à 21h16 Présidentielle: Valls sonne \"la mobilisation\" à gauche et se pose en \"premier de cordée\" pour défendre le bilan du probable candidat Hollande... \nManuel Valls a \"sonné\" dimanche \"la mobilisation\" à gauche pour la présidentielle de 2017 et s'est posé en \"premier de cordée\" pour défendre le bilan du probable candidat François Hollande... ou à défaut le sien. \n\"Je ne mise pas sur l'empêchement du président de la République ni sur la défaite de la gauche. La politique, c'est une affaire de convictions, pas de sondages. J'en ai assez qu'on choisisse à la place des Français. L'élection présidentielle, elle est en avril et en mai\", a posé, dès le début de l'émission Le Grand Jury (RTL Le Figaro LCI), le Premier ministre que beaucoup imaginent prêt à prendre la place du chef de l'Etat si celui-ci renonçait à briguer un second mandat. \nValls, qui veut \"réveiller la gauche\", a martelé sa volonté de \"défendre le bilan de ce quinquennat\" en évoquant de nombreux aspects: la compétitivité des entreprises, l'emploi, l'école, la sécurité des Français, etc. \nAlors que le chômage a augmenté de 1,4% en août, et que François Hollande a conditionné une nouvelle candidature à la présidentielle à \"l'inversion de la courbe du chômage\", le Premier ministre a estimé que \"ce qui compte, c'est la durée, et nous aurons l'occasion de le juger encore à la fin de l'année.\" \nSurtout, M. Valls a délivré en lieu et place de François Hollande -et via une anaphore lui aussi- les arguments en faveur d'un nouveau quinquennat: \"Si j'étais à la place du président, je dirais la chose suivante: +je suis fier comme président d'avoir sauvé le Mali, d'avoir permis à la Grèce de rester dans la zone euro, de ce peuple français qui a manifesté sa résistance et sa résilience (...) après tous les attentats, je suis fier d'avoir engagé la France dans la voie de la compétitivité\", a-t-il énuméré. \nLe chef de l'Etat, qui ne se prononcera officiellement qu'en décembre, a profité dimanche après-midi d'un hommage à Émile Zola -\"ne pas s'abandonner à la facilité\" et aller \"jusqu'au bout\"- pour laisser clairement transparaître sa volonté de se lancer dans la course pour 2017, à sept mois de la présidentielle. \n\"C'est impossible\" que M. Hollande \"renonce\" à y aller, s'est exclamée dimanche sur France 2 sa ministre de l'Education nationale, Najat Vallaud-Belkacem. \n- Valls le \"loyal\" - \nLe Premier ministre a délivré, en une heure d'émission, moult avertissements. A une partie de la gauche, tout d'abord, \"honteuse d'assumer les responsabilités (...). Ca suffit d'être déprimé, d'être honteux, gouverner la France, c'est une énorme fierté\". \nA ceux qui diviseraient cette gauche, Arnaud Montebourg et Benoît Hamon, ciblés mais non nommés, il lâche: \"on ne s'improvise pas candidat à la présidentielle, on ne prépare pas le prochain congrès du PS, on n'est pas en train d'anticiper la défaite à la présidentielle pour préparer la suite\". M. Montebourg, déjà candidat, a annoncé dimanche soir qu'il passerait par la case primaire du PS, tout comme M. Hamon. \nEmmanuel Macron n'est pas épargné non plus, avec son \"populisme light\", et parce qu'il \"se trompe sur ce qu'est la laïcité et plus profondément sur ce qu'est la France\". \nLe chef du gouvernement s'est posé en premier des \"hollandais\", martelant en contraste de l'ancien ministre de l'Economie sa \"loyauté\" à l'égard du chef de l'Etat... sans toutefois répondre directement à la question : \"François Hollande est-il le meilleur candidat pour la gauche ?\" \nAux électeurs de gauche tentés de participer à la primaire de la droite, Manuel Valls rappelle le programme économique et social \"brutal\" des \"Républicains\". Il a fait le distingo entre les deux favoris, Alain Juppé et Nicolas Sarkozy, disant avoir \"parfois un problème avec ce que défend comme valeurs\" le prédécesseur de M. Hollande. \nSurtout, il a fait une énième fois du FN son \"ennemi\", dénonçant \"le vrai visage cynique et anti-populaire\" du parti dirigé par Marine Le Pen à Hayange, où le maire veut priver d'un local le Secours populaire, qu'il juge trop \"pro-migrants\". \n\"La gauche doit faire attention\" à ne pas \"oublier l'élément essentiel\", l'extrême droite, s'est-il inquiété. Publicité ", "external_links": [], "published": "2016-10-03T05:16:00.000+03:00", "crawled": "2016-10-02T22:41:43.525+03:00", "highlightTitle": ""}