{"organizations": [], "uuid": "fde7b56da8098a389b6d615def4476aeb9f64c42", "thread": {"social": {"gplus": {"shares": 0}, "pinterest": {"shares": 0}, "vk": {"shares": 0}, "linkedin": {"shares": 0}, "facebook": {"likes": 0, "shares": 0, "comments": 0}, "stumbledupon": {"shares": 0}}, "site_full": "www.anibis.ch", "main_image": "https://can01.anibis.ch/Italie-Residence-Porto-Rotondo-trois,-Sardaigne-Italie/?1024x728/3/90/anibis/453/763/016/V5OX3BB2RkiKLvcIiE3hEA_1.jpg", "site_section": "http://anibis.ch//fr/vacances-voyages--33/rssexport.aspx", "section_title": "Petites annonces Vacances - Voyages", "url": "http://www.anibis.ch/fr/vacances-voyages--33/residence-porto-rotondo-trois,-sardaigne-italie--16763453.aspx", "country": "CH", "domain_rank": 8918, "title": "Residence Porto Rotondo trois, Sardaigne Italie", "performance_score": 0, "site": "anibis.ch", "participants_count": 0, "title_full": "Residence Porto Rotondo trois, Sardaigne Italie", "spam_score": 0.0, "site_type": "news", "published": "2016-10-02T02:42:00.000+03:00", "replies_count": 0, "uuid": "fde7b56da8098a389b6d615def4476aeb9f64c42"}, "author": "", "url": "http://www.anibis.ch/fr/vacances-voyages--33/residence-porto-rotondo-trois,-sardaigne-italie--16763453.aspx", "ord_in_thread": 0, "title": "Residence Porto Rotondo trois, Sardaigne Italie", "locations": [], "entities": {"persons": [], "locations": [], "organizations": []}, "highlightText": "", "language": "french", "persons": [], "text": "Residence Porto Rotondo trois, Sardaigne Italie Type d'insertion: 14'000.– Description: \nVente la propriété de trois semaines de Septembre 36-37-38, Sardaigne Residence Porto Rotondo trois localités Rudargia, Appartement C26 rez-de-chaussée, 5 lits avec tout le confort afin de passer des moments heureux. Deux-pièces 5-lit salon avec trois lits, cuisine, chambre double, salle de bains, véranda. Contacter Serge 00393286518356  ", "external_links": [], "published": "2016-10-02T02:42:00.000+03:00", "crawled": "2016-10-01T22:05:12.572+03:00", "highlightTitle": ""}