{"organizations": [], "uuid": "30c0ad062ee9e8061d3c53853b95f507424956b6", "thread": {"social": {"gplus": {"shares": 0}, "pinterest": {"shares": 0}, "vk": {"shares": 0}, "linkedin": {"shares": 0}, "facebook": {"likes": 14, "shares": 14, "comments": 0}, "stumbledupon": {"shares": 0}}, "site_full": "www.lequipe.fr", "main_image": "http://medias.lequipe.fr/img-photo-jpg/football-soccer-bayern-munich-v-hertha-bsc-berlin-german-bundesliga-allianz-arena-munich-ge/1500000000744364/67:322,2048:1319-665-335-70/5dbf4.jpg", "site_section": "http://www.lequipe.fr/rss/actu_rss_Football.xml", "section_title": "L'Equipe.fr Actu Football", "url": "http://www.lequipe.fr/Football/Actualites/Bayern-munich-arjen-robben-est-titulaire-contre-cologne/732858", "country": "FR", "domain_rank": 977, "title": "Foot - ALL - Bayern - Bayern Munich : Arjen Robben est titulaire contre Cologne", "performance_score": 0, "site": "lequipe.fr", "participants_count": 0, "title_full": "Foot - ALL - Bayern - Bayern Munich : Arjen Robben est titulaire contre Cologne", "spam_score": 0.0, "site_type": "news", "published": "2016-10-01T20:17:00.000+03:00", "replies_count": 0, "uuid": "30c0ad062ee9e8061d3c53853b95f507424956b6"}, "author": "", "url": "http://www.lequipe.fr/Football/Actualites/Bayern-munich-arjen-robben-est-titulaire-contre-cologne/732858", "ord_in_thread": 0, "title": "Foot - ALL - Bayern - Bayern Munich : Arjen Robben est titulaire contre Cologne", "locations": [], "entities": {"persons": [], "locations": [], "organizations": []}, "highlightText": "", "language": "french", "persons": [], "text": "Partager sur Facebook Tweeter 0 Partages \nArjen Robben est titulaire avec le Bayern. (Reuters) Carlo Ancelotti, l'entraîneur du Bayern Munich, a titularisé Arjen Robben pour la réception du FC Cologne ce samedi (15h30), rencontre de la 6e journée de Bundesliga . L'Italien a aligné une équipe mixte, laissant plusieurs de ses cadres sur le banc : Jerome Boateng, Philipp Lahm, Arturo Vidal, Thomas Müller et David Alaba. Mit Arjen #Robben gegen den @fckoeln ! #FCBKOE Verfolgt die Ankunft des #FCBayern jetzt live auf https://t.co/ARPJxWe8Iy ! pic.twitter.com/Ztwv9nWNDa — FC Bayern München (@FCBayern) October 1, 2016 INFOS", "external_links": [], "published": "2016-10-01T20:17:00.000+03:00", "crawled": "2016-10-01T15:28:42.876+03:00", "highlightTitle": ""}