{"organizations": [], "uuid": "b2239714616d14676d50e7d52c065e0d97173e84", "thread": {"social": {"gplus": {"shares": 0}, "pinterest": {"shares": 0}, "vk": {"shares": 0}, "linkedin": {"shares": 0}, "facebook": {"likes": 0, "shares": 0, "comments": 0}, "stumbledupon": {"shares": 0}}, "site_full": "rmcsport.bfmtv.com", "main_image": "http://rmcsport.bfmtv.com/db3/e45e2a8edf71b4034c93dcbda49e0.jpeg", "site_section": "http://rmcsport.bfmtv.com/rss/football/euro/", "section_title": "Euro - sport", "url": "http://rmcsport.bfmtv.com/mediaplayer/video/ligue-1-galtier-inquiet-avant-le-derby-face-a-lyon-872681.html", "country": "FR", "domain_rank": 2868, "title": "Ligue 1 : Galtier inquiet avant le derby face à Lyon", "performance_score": 0, "site": "bfmtv.com", "participants_count": 0, "title_full": "Ligue 1 : Galtier inquiet avant le derby face à Lyon", "spam_score": 0.0, "site_type": "news", "published": "2016-10-02T04:15:00.000+03:00", "replies_count": 0, "uuid": "b2239714616d14676d50e7d52c065e0d97173e84"}, "author": "", "url": "http://rmcsport.bfmtv.com/mediaplayer/video/ligue-1-galtier-inquiet-avant-le-derby-face-a-lyon-872681.html", "ord_in_thread": 0, "title": "Ligue 1 : Galtier inquiet avant le derby face à Lyon", "locations": [], "entities": {"persons": [], "locations": [], "organizations": []}, "highlightText": "", "language": "french", "persons": [], "text": "  Galtier inquiet avant le derby face à Lyon Voila dix matchs que l'AS Saint-Etienne n'a plus perdu ! Pour autant, avant le déplacement chez le voisin lyonnais, dimanche (21 heures) au Parc OL, l'entraîneur Stéphanois Christophe Galtier n'est pas serein, lui qui devra s'appuyer sur une équipe amoindrie. Voila dix matchs que l'AS Saint-Etienne n'a plus perdu ! Pour autant, avant le déplacement chez le voisin lyonnais, dimanche (21 heures) au Parc OL, l'entraîneur Stéphanois Christophe Galtier n'est pas serein, lui qui devra s'appuyer sur une équipe amoindrie.  ", "external_links": [], "published": "2016-10-02T04:15:00.000+03:00", "crawled": "2016-10-01T23:28:26.697+03:00", "highlightTitle": ""}