{"organizations": [], "uuid": "72db840e49547261bf6fae8f4c28d33b40099890", "thread": {"social": {"gplus": {"shares": 0}, "pinterest": {"shares": 0}, "vk": {"shares": 0}, "linkedin": {"shares": 0}, "facebook": {"likes": 0, "shares": 0, "comments": 0}, "stumbledupon": {"shares": 0}}, "site_full": "www.lefigaro.fr", "main_image": "http://i.f1g.fr/media/ext/orig/www.lefigaro.fr/img/logo-figaro-1200x360.jpg", "site_section": "http://www.lefigaro.fr/rss/figaro_flash-actu.xml", "section_title": "LE FIGARO - Le Figaro - Le Flash Actu", "url": "http://www.lefigaro.fr/flash-actu/2016/10/03/97001-20161003FILWWW00047-la-meteo-du-lundi-3-octobre-2016.php", "country": "FR", "domain_rank": 1013, "title": "La météo du lundi 3 octobre 2016", "performance_score": 0, "site": "lefigaro.fr", "participants_count": 0, "title_full": "La météo du lundi 3 octobre 2016", "spam_score": 0.0, "site_type": "news", "published": "2016-10-03T14:44:00.000+03:00", "replies_count": 0, "uuid": "72db840e49547261bf6fae8f4c28d33b40099890"}, "author": "", "url": "http://www.lefigaro.fr/flash-actu/2016/10/03/97001-20161003FILWWW00047-la-meteo-du-lundi-3-octobre-2016.php", "ord_in_thread": 0, "title": "La météo du lundi 3 octobre 2016", "locations": [], "entities": {"persons": [], "locations": [], "organizations": []}, "highlightText": "", "language": "french", "persons": [], "text": "La météo du lundi 3 octobre 2016 Mis à jour Retrouvez les prévisions du lundi 3 octobre avec La Chaîne Météo: Publicité \nLe Figaro en illimité et un plaisir de lecture inédit dans votre nouveau rendez-vous avec l'information. Vous utilisez un bloqueur de publicité Pour poursuivre la lecture de nos articles, nous vous proposons deux solutions : PASSER À Tout Le Figaro en illimité Le journal en numérique dès 22h Le site Premium, sans publicité L’information sur tous les écrans", "external_links": [], "published": "2016-10-03T14:44:00.000+03:00", "crawled": "2016-10-03T10:29:39.488+03:00", "highlightTitle": ""}