{"organizations": [], "uuid": "d21d1808637b67bb6ab0b7db8771583971e830f7", "thread": {"social": {"gplus": {"shares": 0}, "pinterest": {"shares": 0}, "vk": {"shares": 0}, "linkedin": {"shares": 0}, "facebook": {"likes": 0, "shares": 0, "comments": 0}, "stumbledupon": {"shares": 0}}, "site_full": "www.anibis.ch", "main_image": "https://can01.anibis.ch/Autres-Boitier-dalimentatio-cougar-a760-plus-bronze/?1024x728/3/90/anibis/300/764/016/B50Vh2KXY0CB8YqueqqwLQ_1.jpg", "site_section": "http://anibis.ch//fr/ordinateurs-,-bureau--17/rssexport.aspx", "section_title": "Petites annonces Ordinateurs & Bureau", "url": "http://www.anibis.ch/fr/ordinateurs-~-bureau--17/boitier-d'alimentatio-cougar-a760-plus-bronze--16764300.aspx", "country": "CH", "domain_rank": 8918, "title": "Boitier d'alimentatio cougar a760 plus bronze", "performance_score": 0, "site": "anibis.ch", "participants_count": 0, "title_full": "Boitier d'alimentatio cougar a760 plus bronze", "spam_score": 0.0, "site_type": "news", "published": "2016-10-02T05:33:00.000+03:00", "replies_count": 0, "uuid": "d21d1808637b67bb6ab0b7db8771583971e830f7"}, "author": "", "url": "http://www.anibis.ch/fr/ordinateurs-~-bureau--17/boitier-d'alimentatio-cougar-a760-plus-bronze--16764300.aspx", "ord_in_thread": 0, "title": "Boitier d'alimentatio cougar a760 plus bronze", "locations": [], "entities": {"persons": [], "locations": [], "organizations": []}, "highlightText": "", "language": "french", "persons": [], "text": "Boitier d'alimentatio cougar a760 plus bronze Type d'insertion: Alimentation tres silencieuse, ideale pour mini itx par exemple. 760w Payer simplement et en toute sécurité? Envoyer et recevoir de l'argent avec Cet utilisateur a confirmé son compte avec un numéro de mobile valable. kaosan73 Membre depuis le 28.09.2016 Êtes-vous intéressé par cette offre? Ecrivez un message à l’annonceur. Mon nom : Transmettre l'annonce par e-mail Vous connaissez quelqu'un qui pourrait s'intéresser à cette annonce ? Envoyez lui un e-mail grâce à ce formulaire. Expéditeur : Veuillez nous indiquer en quelques mots pourquoi cette annonce est une arnaque. e-mail* : Indiquez-nous d'autres annonces concernées (optionel): Multipostage (spam) A votre avis, pourquoi s'agit-il d'une fraude? Fraude  ", "external_links": [], "published": "2016-10-02T05:33:00.000+03:00", "crawled": "2016-10-02T00:36:44.552+03:00", "highlightTitle": ""}