{"organizations": [], "uuid": "99826002180ccc9568188ecd626cdc2a90811026", "thread": {"social": {"gplus": {"shares": 0}, "pinterest": {"shares": 0}, "vk": {"shares": 0}, "linkedin": {"shares": 0}, "facebook": {"likes": 0, "shares": 0, "comments": 0}, "stumbledupon": {"shares": 0}}, "site_full": "www.leparisien.fr", "main_image": "http://s1.lprs1.fr/assets/img/placeholder_ogimage.png", "site_section": "http://www.leparisien.fr/actus/mery", "section_title": "Mery - Toute l'info sur Mery - le Parisien", "url": "http://www.leparisien.fr/espace-premium/val-d-oise-95/son-telephone-avait-ete-vole-au-commissariat-06-09-2016-6096721.php", "country": "FR", "domain_rank": 2525, "title": "Son téléphone avait été volé au commissariat", "performance_score": 0, "site": "leparisien.fr", "participants_count": 1, "title_full": "Son téléphone avait été volé au commissariat - le Parisien", "spam_score": 0.0, "site_type": "news", "published": "2016-09-06T08:00:00.000+03:00", "replies_count": 0, "uuid": "99826002180ccc9568188ecd626cdc2a90811026"}, "author": "leparisien.fr", "url": "http://www.leparisien.fr/espace-premium/val-d-oise-95/son-telephone-avait-ete-vole-au-commissariat-06-09-2016-6096721.php", "ord_in_thread": 0, "title": "Son téléphone avait été volé au commissariat", "locations": [], "entities": {"persons": [], "locations": [], "organizations": []}, "highlightText": "", "language": "french", "persons": [], "text": "U n homme de 39 ans a déposé plainte pour le vol de son téléphone, dérobé alors qu'il s'était rendu au commissariat de Cergy la veille. Une enquête a été effectuée par les fonctionnaires qui ont retrouvé la trace du téléphone à Saint-Ouen-l'Aumône et identifié le suspect parmi les personnes qui étaient venues au commissariat et qui se seraient emparées de l'appareil. Ils repèrent dimanche le téléphone dans un bar de la rue du Général-Leclerc et découvrent vers 16 heures le voleur présumé qui sort de l'établissement. Interpellé, il est trouvé en possession d'une carte d'identité volée, mais pas du téléphone dont il s'est manifestement débarrassé. Le suspect de 48 ans, qui réside à Méry-sur-Oise, a été placé en garde à vue.\n Le Parisien", "external_links": [], "published": "2016-09-06T08:00:00.000+03:00", "crawled": "2016-10-03T10:17:50.515+03:00", "highlightTitle": ""}