{"organizations": [], "uuid": "d4dbd89ffedcd7e85eea588c91dd0c9f4bb5a408", "thread": {"social": {"gplus": {"shares": 0}, "pinterest": {"shares": 0}, "vk": {"shares": 0}, "linkedin": {"shares": 0}, "facebook": {"likes": 0, "shares": 0, "comments": 0}, "stumbledupon": {"shares": 0}}, "site_full": "www.anibis.ch", "main_image": "http://www.anibis.ch/img/anibis-logo-share.png", "site_section": "http://anibis.ch//fr/sant%c3%a9-beaut%c3%a9--29/rssexport.aspx", "section_title": "Petites annonces Santé - Beauté", "url": "http://www.anibis.ch/fr/sant%c3%a9-beaut%c3%a9--29/massage-du-dos--16787734.aspx", "country": "CH", "domain_rank": 8918, "title": "Massage du dos", "performance_score": 0, "site": "anibis.ch", "participants_count": 0, "title_full": "Massage du dos", "spam_score": 0.0, "site_type": "news", "published": "2016-10-04T04:58:00.000+03:00", "replies_count": 0, "uuid": "d4dbd89ffedcd7e85eea588c91dd0c9f4bb5a408"}, "author": "", "url": "http://www.anibis.ch/fr/sant%c3%a9-beaut%c3%a9--29/massage-du-dos--16787734.aspx", "ord_in_thread": 0, "title": "Massage du dos", "locations": [], "entities": {"persons": [], "locations": [], "organizations": []}, "highlightText": "", "language": "french", "persons": [], "text": " ", "external_links": [], "published": "2016-10-04T04:58:00.000+03:00", "crawled": "2016-10-04T00:02:27.430+03:00", "highlightTitle": ""}