{"organizations": [], "uuid": "8af92ab24d5b592db35ed74adc23ab50a21b28c6", "thread": {"social": {"gplus": {"shares": 0}, "pinterest": {"shares": 0}, "vk": {"shares": 0}, "linkedin": {"shares": 0}, "facebook": {"likes": 0, "shares": 0, "comments": 0}, "stumbledupon": {"shares": 0}}, "site_full": "www.anibis.ch", "main_image": "https://can01.anibis.ch/Recepteurs-satellite-Parabole-80-cm/?1024x728/3/90/anibis/064/778/016/OR01PjGJlkqeuCZAJNA9ug_1.jpg", "site_section": "http://anibis.ch//fr/audio-tv-vid%c3%a9o--32/rssexport.aspx", "section_title": "Petites annonces Audio - TV - Vidéo", "url": "http://www.anibis.ch/fr/audio-tv-vid%c3%a9o--32/parabole-80-cm--16778064.aspx", "country": "CH", "domain_rank": 8918, "title": "Parabole 80 cm", "performance_score": 0, "site": "anibis.ch", "participants_count": 0, "title_full": "Parabole 80 cm", "spam_score": 0.0, "site_type": "news", "published": "2016-10-03T05:00:00.000+03:00", "replies_count": 0, "uuid": "8af92ab24d5b592db35ed74adc23ab50a21b28c6"}, "author": "", "url": "http://www.anibis.ch/fr/audio-tv-vid%c3%a9o--32/parabole-80-cm--16778064.aspx", "ord_in_thread": 0, "title": "Parabole 80 cm", "locations": [], "entities": {"persons": [], "locations": [], "organizations": []}, "highlightText": "", "language": "french", "persons": [], "text": " ", "external_links": [], "published": "2016-10-03T05:00:00.000+03:00", "crawled": "2016-10-03T02:00:20.581+03:00", "highlightTitle": ""}