{"organizations": [], "uuid": "7d6bfd899c614cb3eb4f3ac64674461f660be280", "thread": {"social": {"gplus": {"shares": 0}, "pinterest": {"shares": 0}, "vk": {"shares": 0}, "linkedin": {"shares": 0}, "facebook": {"likes": 0, "shares": 0, "comments": 0}, "stumbledupon": {"shares": 0}}, "site_full": "www.anibis.ch", "main_image": "https://can01.anibis.ch/Valais-Appartement-spacieux-a-louer/?1024x728/3/90/anibis/408/782/016/8GHvHlRuK0WfDp4KHzQYMA_1_180.jpg", "site_section": "http://anibis.ch//fr/immobilier--16/rssexport.aspx", "section_title": "Petites annonces Immobilier", "url": "http://www.anibis.ch/fr/immobilier--16/appartement-spacieux-%c3%a0-louer--16782408.aspx", "country": "CH", "domain_rank": 8918, "title": "Appartement spacieux à louer", "performance_score": 0, "site": "anibis.ch", "participants_count": 0, "title_full": "Appartement spacieux à louer", "spam_score": 0.0, "site_type": "news", "published": "2016-10-03T19:09:00.000+03:00", "replies_count": 0, "uuid": "7d6bfd899c614cb3eb4f3ac64674461f660be280"}, "author": "", "url": "http://www.anibis.ch/fr/immobilier--16/appartement-spacieux-%c3%a0-louer--16782408.aspx", "ord_in_thread": 0, "title": "Appartement spacieux à louer", "locations": [], "entities": {"persons": [], "locations": [], "organizations": []}, "highlightText": "", "language": "french", "persons": [], "text": "01.12.2015 Description: \nGrand 4 pièces et demi, situé dans un quartier tranquille ( bord de Dranse ), hôpital et écoles à proximité. \nL'appartement se compose ainsi : entrée(espace pour meuble de rangement) 1 salon/salle à manger 1 cuisine agencée ( frigo neuf et plaques vitrocéramique ) 1 salle de douche 1 salle de bain baignoire 3 chambres 1 balcon côté cuisine 1 long balcon ( accès et chambre parentale ) -1 place de parc \n1900.- charges et place de parc comprises. Disponible au plus tard pour le 1er décembre. Possibilité d'emménager avant. Utile en cas de déménagement MOVU – Les meilleurs alliés pour les déménagements et les nettoyages. En savoir plus Fraude ?", "external_links": [], "published": "2016-10-03T19:09:00.000+03:00", "crawled": "2016-10-03T14:48:17.251+03:00", "highlightTitle": ""}