{"organizations": [], "uuid": "37c7cb5b632dd7045e0d0c231f2a8d96c9db492e", "thread": {"social": {"gplus": {"shares": 0}, "pinterest": {"shares": 0}, "vk": {"shares": 0}, "linkedin": {"shares": 0}, "facebook": {"likes": 0, "shares": 0, "comments": 0}, "stumbledupon": {"shares": 0}}, "site_full": "www.anibis.ch", "main_image": "http://www.anibis.ch/img/anibis-logo-share.png", "site_section": "http://anibis.ch//fr/emploi--14/rssexport.aspx", "section_title": "Petites annonces Emploi", "url": "http://www.anibis.ch/fr/emploi--14/dame-cherche-heures-de-menage--16782943.aspx", "country": "CH", "domain_rank": 8918, "title": "Dame cherche heures de menage", "performance_score": 0, "site": "anibis.ch", "participants_count": 0, "title_full": "Dame cherche heures de menage", "spam_score": 0.0, "site_type": "news", "published": "2016-10-03T20:55:00.000+03:00", "replies_count": 0, "uuid": "37c7cb5b632dd7045e0d0c231f2a8d96c9db492e"}, "author": "", "url": "http://www.anibis.ch/fr/emploi--14/dame-cherche-heures-de-menage--16782943.aspx", "ord_in_thread": 0, "title": "Dame cherche heures de menage", "locations": [], "entities": {"persons": [], "locations": [], "organizations": []}, "highlightText": "", "language": "french", "persons": [], "text": "Dame cherche heures de menage Type d'insertion: 50 % Description: \nDame permis c expérience cherche heures de menage parlant le français habitué avec les personnes âgées et enfants, disponible de suite.(de préférence entre Morges et Lausanne) \nmerci de votre appel Cet utilisateur a confirmé son compte avec un numéro de mobile valable. Ana1023 Membre depuis le 03.10.2016 Téléphone : +41 796160867 Êtes-vous intéressé par cette offre? Ecrivez un message à l’annonceur. Mon nom : Transmettre l'annonce par e-mail Vous connaissez quelqu'un qui pourrait s'intéresser à cette annonce ? Envoyez lui un e-mail grâce à ce formulaire. Expéditeur : Veuillez nous indiquer en quelques mots pourquoi cette annonce est une arnaque. e-mail* : Indiquez-nous d'autres annonces concernées (optionel): Multipostage (spam) A votre avis, pourquoi s'agit-il d'une fraude? Fraude Pouvez-vous nous indiquer l'article de loi? Illégal Merci d'indiquer le chapitre de notre CG? Interdit sur anibis.ch Pouvez-vous nous donner une preuve de ces insultes (copie d'email) Insulte Merci de nous donner le site original Contrefaçon Pouvez-vous nous donner l'URL du texte ou l'image original? Copyright Veuillez préciser la raison de votre signalement : Autre raison", "external_links": [], "published": "2016-10-03T20:55:00.000+03:00", "crawled": "2016-10-03T17:05:34.879+03:00", "highlightTitle": ""}