{"organizations": [], "uuid": "be8ce14be330803b10f682f7cf98085906e05364", "thread": {"social": {"gplus": {"shares": 0}, "pinterest": {"shares": 0}, "vk": {"shares": 0}, "linkedin": {"shares": 0}, "facebook": {"likes": 77, "shares": 77, "comments": 0}, "stumbledupon": {"shares": 0}}, "site_full": "www.eurosport.fr", "main_image": "http://i.eurosport.com/2016/10/01/1941986-40835212-1600-900.jpg", "site_section": "http://www.eurosport.fr/rss.xml", "section_title": "Eurosport - Top des infos", "url": "http://www.eurosport.fr/formule-1/grand-prix-de-malaisie/2016/en-tete-lewis-hamilton-abandonne-sur-casse-moteur-a-15-tours-de-l-arrivee_sto5889715/story.shtml", "country": "FR", "domain_rank": 3169, "title": "\"Non, non, non...\" En tête, Hamilton a cassé son moteur et abandonné à 15 tours de l'arrivée", "performance_score": 0, "site": "eurosport.fr", "participants_count": 0, "title_full": "\"Non, non, non...\" En tête, Hamilton a cassé son moteur et abandonné à 15 tours de l'arrivée", "spam_score": 0.0, "site_type": "news", "published": "2016-10-02T16:18:00.000+03:00", "replies_count": 0, "uuid": "be8ce14be330803b10f682f7cf98085906e05364"}, "author": "", "url": "http://www.eurosport.fr/formule-1/grand-prix-de-malaisie/2016/en-tete-lewis-hamilton-abandonne-sur-casse-moteur-a-15-tours-de-l-arrivee_sto5889715/story.shtml", "ord_in_thread": 0, "title": "\"Non, non, non...\" En tête, Hamilton a cassé son moteur et abandonné à 15 tours de l'arrivée", "locations": [], "entities": {"persons": [], "locations": [], "organizations": []}, "highlightText": "", "language": "french", "persons": [], "text": "il y a 5 minutes 0 0 0 GRAND PRIX DE MALAISIE - Alors qu'il se dirigeait vers une très probable victoire, Lewis Hamilton (Mercedes) a abandonné à quinze tours de l'arrivée du Grand Prix de Malaisie. Son moteur Mercedes a rendu l'âme au bout de la ligne droite des stands, contraignant le Britannique à se garer. Les deux Red Bull récupèrent donc la tête. Incroyable coup de théâtre à Sepang. Alors qu'il menait la course et se dirigeait vers la victoire, Lewis Hamilton (Mercedes) a été contraint à l'abandon dimanche, à quinze tours de l'arrivée du Grand Prix de Malaisie. Le Britannique a vu son moteur exploser au bout de la ligne droite des stands alors qu'il devançait les deux Red Bull de Daniel Ricciardo et Max Verstappen de plus de vingt secondes. \"Non, non, non !\", a lâché un Hamilton totalement dépité dans sa radio avant d'immobiliser sa monoplace sur le bas côté dans l'épingle du virage 1. Alors que Nico Rosberg a lui aussi connu des mésaventures, notamment au départ en étant accroché par Sebastian Vettel ( Ferrari ), Hamilton aurait pu reprendre les commandes du championnat en cas de succès. Mais finalement, c'est son coéquipier qui creuse l'écart dans le sprint final pour le titre mondial (23 points d'avance après la 3e place de l'Allemand à l'arrivée). Un gros coup derrière la tête pour le triple champion du monde. 0 Lire et réagir", "external_links": [], "published": "2016-10-02T16:18:00.000+03:00", "crawled": "2016-10-02T11:58:53.566+03:00", "highlightTitle": ""}