{"organizations": [], "uuid": "5ada716ab8cbd192731b4b10b7f1b40bba9433d8", "thread": {"social": {"gplus": {"shares": 0}, "pinterest": {"shares": 0}, "vk": {"shares": 0}, "linkedin": {"shares": 0}, "facebook": {"likes": 0, "shares": 0, "comments": 0}, "stumbledupon": {"shares": 0}}, "site_full": "www.lefigaro.fr", "main_image": "http://i.f1g.fr/media/ext/orig/www.lefigaro.fr/img/logo-figaro-1200x360.jpg", "site_section": "http://news.google.fr/news?pz=1&cf=all&ned=fr&hl=fr&q=%22CAC+40%22&output=rss", "section_title": "\"CAC 40\" - Google Actualités", "url": "http://www.lefigaro.fr/flash-eco/2016/10/03/97002-20161003FILWWW00228-le-cac-40-termine-en-legere-hausse.php", "country": "FR", "domain_rank": 1013, "title": "Le CAC 40 termine en légère hausse - Le Figaro", "performance_score": 0, "site": "lefigaro.fr", "participants_count": 0, "title_full": "Le CAC 40 termine en légère hausse - Le Figaro", "spam_score": 0.0, "site_type": "news", "published": "2016-10-03T23:47:00.000+03:00", "replies_count": 0, "uuid": "5ada716ab8cbd192731b4b10b7f1b40bba9433d8"}, "author": "", "url": "http://www.lefigaro.fr/flash-eco/2016/10/03/97002-20161003FILWWW00228-le-cac-40-termine-en-legere-hausse.php", "ord_in_thread": 0, "title": "Le CAC 40 termine en légère hausse - Le Figaro", "locations": [], "entities": {"persons": [], "locations": [], "organizations": []}, "highlightText": "", "language": "french", "persons": [], "text": "Le CAC 40 termine en légère hausse Par Lefigaro.fr avec AFP Publié le 03/10/2016 à 17:47 La Bourse de Paris a opté pour la prudence lundi, finissant en légère hausse(+0,12%), les investisseurs se plaçant déjà dans l'attente de plusieurs rendez-vous macroéconomiques cette semaine. L'indice CAC 40 a pris 5,30 points à 4.453,56 points, dans un volume d'échanges très faible de 1,9 milliard d'euros. Vendredi, le marché parisien avait terminé en légère hausse de 0,10% après une séance agitée. Publicité", "external_links": [], "published": "2016-10-03T23:47:00.000+03:00", "crawled": "2016-10-04T01:28:41.799+03:00", "highlightTitle": ""}