{"organizations": [], "uuid": "e6e9848efa0749e3121d7a5c857c434c85bd857e", "thread": {"social": {"gplus": {"shares": 0}, "pinterest": {"shares": 0}, "vk": {"shares": 0}, "linkedin": {"shares": 0}, "facebook": {"likes": 0, "shares": 0, "comments": 0}, "stumbledupon": {"shares": 0}}, "site_full": "www.dealabs.com", "main_image": "https://static.dealabs.com/deal_image_orig/57f23bc64f7665.10217044.jpg", "site_section": "http://www.dealabs.com/rss/new.xml", "section_title": "Dealabs.com : Tous les nouveaux deals", "url": "https://www.dealabs.com/gratuit/abonns-tv-orange-la-chaine-m6-music-en-clair-du-6-au-19-octobre/265512", "country": "US", "domain_rank": 8128, "title": "[Abonnés TV Orange] M6 Music gratuit - du 6 au 19 octobre @ Orange", "performance_score": 0, "site": "dealabs.com", "participants_count": 2, "title_full": "[Abonnés TV Orange] M6 Music gratuit - du 6 au 19 octobre @ Orange", "spam_score": 0.0, "site_type": "news", "published": "2016-10-03T21:04:00.000+03:00", "replies_count": 1, "uuid": "e6e9848efa0749e3121d7a5c857c434c85bd857e"}, "author": "Cthulhu24", "url": "https://www.dealabs.com/gratuit/abonns-tv-orange-la-chaine-m6-music-en-clair-du-6-au-19-octobre/265512", "ord_in_thread": 0, "title": "[Abonnés TV Orange] M6 Music gratuit - du 6 au 19 octobre @ Orange", "locations": [], "entities": {"persons": [], "locations": [], "organizations": []}, "highlightText": "", "language": "french", "persons": [], "text": "Voir le deal A partir du 06/10 [Abonnés TV Orange] M6 Music gratuit - du 6 au 19 octobre @ Orange   13h04    Modifié il y a 2 min 27 s \nnew\nGratuit\nExpire le : 19/10/2016\nLa chaîne M6 Music sera en clair pour les abonnés à la TV d'Orange du 6 au 19 octobre\n\nAu programme, des hits, des tubes, des clips, des tubes, des clips et des hits ...! \n\nProgrammes M6 Music : http://www.m6.f r/m6music2/guides-tv/m6music -hits.html", "external_links": [], "published": "2016-10-03T21:04:00.000+03:00", "crawled": "2016-10-03T14:14:54.083+03:00", "highlightTitle": ""}