{"organizations": [], "uuid": "26a70cd6cfce9043e13841f2d0381ce2f6969da1", "thread": {"social": {"gplus": {"shares": 0}, "pinterest": {"shares": 0}, "vk": {"shares": 0}, "linkedin": {"shares": 0}, "facebook": {"likes": 0, "shares": 0, "comments": 0}, "stumbledupon": {"shares": 0}}, "site_full": "www.dhnet.be", "main_image": "http://r0.ldh.be/img/logoMain-474.png", "site_section": "http://www.dhnet.be/rss/infos.xml", "section_title": "DH.be - Dernières dépèches", "url": "http://www.dhnet.be/dernieres-depeches/belga/ing-les-syndicats-remontes-face-a-l-absence-de-concertation-57f2027bcd70871fc424a76a", "country": "BE", "domain_rank": 5754, "title": "ING: les syndicats remontés face à l'absence de concertation", "performance_score": 0, "site": "dhnet.be", "participants_count": 0, "title_full": "ING: les syndicats remontés face à l'absence de concertation", "spam_score": 0.0, "site_type": "news", "published": "2016-10-03T14:01:00.000+03:00", "replies_count": 0, "uuid": "26a70cd6cfce9043e13841f2d0381ce2f6969da1"}, "author": "", "url": "http://www.dhnet.be/dernieres-depeches/belga/ing-les-syndicats-remontes-face-a-l-absence-de-concertation-57f2027bcd70871fc424a76a", "ord_in_thread": 0, "title": "ING: les syndicats remontés face à l'absence de concertation", "locations": [], "entities": {"persons": [], "locations": [], "organizations": []}, "highlightText": "", "language": "french", "persons": [], "text": "  ING: les syndicats remontés face à l'absence de concertation \n  09h01 BRUXELLES (BELGIË) Les syndicats de la banque ING étaient remontés lundi matin après l'annonce en conseil d'entreprise extraordinaire de la suppression d'ici 2021 de plus de 3.100 emplois chez ING Belgique et Record Bank. \"Une telle absence de concertation est inadmissible. Nous allons nous réunir en front commun pour décider d'actions à mener\", a commenté Pierre Merveille secrétaire SETCa, responsable du secteur Finances à Bruxelles. \"Tous les services de la banque vont être touchés par cette restructuration. Le déclenchement d'une procédure Renault dans une banque, c'est assez surprenant\", a indiqué un représentant CNE. \"Généralement, quand une grande banque commence, les autres suivent\", redoute Geoffrey Hantsot, représentant national CNE, qui n'exclut pas la tenue d'actions ce lundi. D'après un représentant du SETCa, le Premier ministre Charles Michel devait rencontrer les responsables syndicaux en début d'après-midi pour aborder le dossier ING. (Belga) © 2016 Belga. Tous droits de reproduction et de représentation réservés. Toutes les informations reproduites dans cette rubrique (dépêches, photos, logos) sont protégées par des droits de propriété intellectuelle détenus par Belga. Par conséquent, aucune de ces informations ne peut être reproduite, modifiée, rediffusée, traduite, exploitée commercialement ou réutilisée de quelque manière que ce soit sans l'accord préalable écrit de Belga.", "external_links": [], "published": "2016-10-03T14:01:00.000+03:00", "crawled": "2016-10-03T10:47:08.668+03:00", "highlightTitle": ""}