{"organizations": [], "uuid": "b5b32a5584796888d1d8be16afe9ccfcba7017cc", "thread": {"social": {"gplus": {"shares": 0}, "pinterest": {"shares": 0}, "vk": {"shares": 0}, "linkedin": {"shares": 0}, "facebook": {"likes": 0, "shares": 0, "comments": 0}, "stumbledupon": {"shares": 0}}, "site_full": "www.dhnet.be", "main_image": "http://r0.ldh.be/img/logoMain-474.png", "site_section": "http://dhnet.be/rss/infos/afp.xml", "section_title": "DH.be - Dernières dépèches AFP", "url": "http://www.dhnet.be/dernieres-depeches/afp/dans-les-vignes-francaises-un-japonais-laisse-faire-la-nature-57efd47dcd70e9985fe84765", "country": "BE", "domain_rank": 5754, "title": "Dans les vignes françaises, un Japonais laisse faire la nature", "performance_score": 0, "site": "dhnet.be", "participants_count": 1, "title_full": "Dans les vignes françaises, un Japonais laisse faire la nature", "spam_score": 0.0, "site_type": "news", "published": "2016-10-01T22:20:00.000+03:00", "replies_count": 0, "uuid": "b5b32a5584796888d1d8be16afe9ccfcba7017cc"}, "author": "Sandra LAFFONT", "url": "http://www.dhnet.be/dernieres-depeches/afp/dans-les-vignes-francaises-un-japonais-laisse-faire-la-nature-57efd47dcd70e9985fe84765", "ord_in_thread": 0, "title": "Dans les vignes françaises, un Japonais laisse faire la nature", "locations": [], "entities": {"persons": [], "locations": [], "organizations": []}, "highlightText": "", "language": "french", "persons": [], "text": "Vous êtes ici: Accueil > Dernières dépêches Dans les vignes françaises, un Japonais laisse faire la nature \nPublié le 01 octobre 2016 à 17h20 Cornas (France) (AFP) \nIl n'y a qu'une poignée de vignerons japonais installés en France. Hirotake Ooka est l'un d'eux. Mélange d'aventurier fantasque et de grand sage, il est avec son vin plus royaliste que le roi. \nLorsqu'il montre son modeste domaine ardéchois (sud), surplombant le fleuve Rhône sur trois hectares, il s'empresse de préciser: \"là avant, ce n'était que des bois. J'ai tout arraché moi-même pour y planter mes ceps\". De la syrah, sur du granit. \nEn contre-bas de sa parcelle, trois vendangeurs récoltent, essoufflés, le raisin à la main, triant grain par grain les grappes sur un coteau tombant à pic. \"On peut pas faire une bonne purée avec des patates pourries\", s'amuse-t-il dans un français presque parfait. \nIl faut imaginer le culot et le courage de cet étranger pour ambitionner de faire du vin naturel à Cornas, dans cette vallée du Rhône où, comme ailleurs, la plupart des domaines se transmettent de génération en génération. \n- Jusqu'au-boutiste - \nC'est lors d'un séjour en France à 20 ans qu'il découvre le vin. \"A Tokyo, je buvais surtout de la bière, le vin, je trouvais ça snob.\" Mais lorsqu'un caviste français lui sort un cru bourgeois du Bordelais, millésime 1982, acheté pour son père, tout bascule. Étudiant en chimie, il lâche tout pour obtenir un diplôme en viticulture/?nologie au coeur d'une des plus célèbres régions viticoles de France, à Bordeaux (sud-ouest). \nTrès vite, il choisit de quitter la région. Trop d'argent et des paysages uniformes: il préfère quand les vignes côtoient les vergers. Dans la région rurale de l'Ardèche, il est \"pas mal accueilli\". \nIl y a quand même \"des gens qui ne comprennent pas sa façon de faire. Il est beaucoup plus extrême que nous dans sa conduite de la vigne: c'est un non-interventionniste\", observe Thierry Allemand, un des pionniers des vins naturels en France qui connaît bien \"Hiro\" pour l'avoir formé pendant des années. \n\"Ma philosophie: faire du vin juste avec des raisins, sans levure, sans sucre et sans sulfites. Dans la vigne aussi, j'aimerais faire le plus naturel possible\", confirme Hirotake, 42 ans, front dégarni et les yeux de ceux qui ont le feu sacré. \nIl laisse ainsi ses vignes batifoler avec les mauvaises herbes et les bois alentour en espérant que la biodiversité fera, un jour, son oeuvre de régulation. \nMais pour l'heure, Hirotake a essuyé beaucoup d'échecs: en 2013, il a perdu 90% de sa récolte à cause du \"black rot\" (pourriture noire) et cette année, après un cru 2015 exceptionnel, c'est le mildiou qui a eu raison de 70% de ses volumes. Il a bien fallu appliquer quelques traitements sur ses parcelles mais que du \"bio\", du purin d'orties ou des décoctions de prêle. \nPour réussir à remplir 30.000 bouteilles par an, il doit aussi acheter du raisin aux collègues sur les appellations voisines. \n- En slip dans la cuve - \nSon vin, Thierry Allemand le décrit comme \"très frais, tendu, plutôt long\". \"Il est très bien fait, avec un goût long en bouche\", confirme Takashi Maki, un de ses vendangeurs. Hirotake lui reste modeste, car après seulement cinq cuvées à Cornas, la recherche de l'équilibre parfait continue. \nAprès la vendange, Hirotake se met en slip, enfile un harnais et monte dans sa cuve pour remuer avec ses pieds le raisin fraîchement récolté. \"Je pige au pied, ça me donne plein d'informations sur les arômes, la température, la vitesse de vinification.\" \n\"Je m'attache car c'est dangereux, avec tout ce gaz carbonique qui s'échappe, il m'en faudrait peu pour mourir noyé.\" \nEn fin de journée et avec la fatigue, le regard d'Hirotake s'assombrit. De la France, il en revient un peu, agacé par la bureaucratie et les grèves à répétition. D'ailleurs, sa femme et ses trois enfants vont repartir vivre au Japon. \nLui envisage d'ailleurs d'y créer un domaine. Plus de la moitié de sa production est déjà vendue dans son pays. Et il aimerait apporter sa pierre à la viticulture japonaise dans un pays déjà très friand de vins naturels. © 2016 AFP. Tous droits de reproduction et de représentation réservés. Toutes les informations reproduites dans cette rubrique (dépêches, photos, logos) sont protégées par des droits de propriété intellectuelle détenus par l'AFP. Par conséquent, aucune de ces informations ne peut être reproduite, modifiée, rediffusée, traduite, exploitée commercialement ou réutilisée de quelque manière que ce soit sans l'accord préalable écrit de l'AFP.", "external_links": [], "published": "2016-10-01T22:20:00.000+03:00", "crawled": "2016-10-01T18:35:08.820+03:00", "highlightTitle": ""}