{"organizations": [], "uuid": "6b106b75db499715af1ad1bb78ea74281d24aec1", "thread": {"social": {"gplus": {"shares": 0}, "pinterest": {"shares": 0}, "vk": {"shares": 0}, "linkedin": {"shares": 0}, "facebook": {"likes": 0, "shares": 0, "comments": 0}, "stumbledupon": {"shares": 0}}, "site_full": "www.lefigaro.fr", "main_image": "http://i.f1g.fr/media/ext/orig/www.lefigaro.fr/img/logo-figaro-1200x360.jpg", "site_section": "http://www.lefigaro.fr/rss/figaro_flash-actu.xml", "section_title": "LE FIGARO - Le Figaro - Le Flash Actu", "url": "http://www.lefigaro.fr/flash-actu/2016/09/30/97001-20160930FILWWW00341-venezuela-onze-morts-dans-un-accident-de-car.php", "country": "FR", "domain_rank": 1013, "title": "Venezuela: onze morts dans un accident de car", "performance_score": 0, "site": "lefigaro.fr", "participants_count": 0, "title_full": "Venezuela: onze morts dans un accident de car", "spam_score": 0.0, "site_type": "news", "published": "2016-10-01T01:05:00.000+03:00", "replies_count": 0, "uuid": "6b106b75db499715af1ad1bb78ea74281d24aec1"}, "author": "", "url": "http://www.lefigaro.fr/flash-actu/2016/09/30/97001-20160930FILWWW00341-venezuela-onze-morts-dans-un-accident-de-car.php", "ord_in_thread": 0, "title": "Venezuela: onze morts dans un accident de car", "locations": [], "entities": {"persons": [], "locations": [], "organizations": []}, "highlightText": "", "language": "french", "persons": [], "text": "Venezuela: onze morts dans un accident de car Par lefigaro.fr avec AFP Publié le 30/09/2016 à 19:05 Au moins 11 personnes ont été tuées vendredi dans un accident de car au sud du Venezuela qui a également fait 14 blessés, a annoncé le ministre de l'Intérieur, Nestor Reverol. Le véhicule à deux étages s'est renversé alors qu'il roulait sur un axe important entre Ciudad Bolivar, capitale de l'état éponyme, et la localité de Santa Elena de Uairen, a proximité de la frontière avec le Brésil. \"Les autorités sont sur place depuis les premières heures de la matinée et les blessés ont été transférés vers différents hôpitaux\", a déclaré le général Reverol, sans préciser les causes de l'accident. Publicité", "external_links": [], "published": "2016-10-01T01:05:00.000+03:00", "crawled": "2016-10-01T01:30:39.394+03:00", "highlightTitle": ""}