{"organizations": [], "uuid": "67e5d11273ff708a91bc6b926c784e3b239b2594", "thread": {"social": {"gplus": {"shares": 0}, "pinterest": {"shares": 0}, "vk": {"shares": 0}, "linkedin": {"shares": 0}, "facebook": {"likes": 0, "shares": 0, "comments": 0}, "stumbledupon": {"shares": 0}}, "site_full": "www.anibis.ch", "main_image": "https://can01.anibis.ch/Chaines-a-neige-Michelin-Exreme-Grip-Automatic/?1024x728/3/90/anibis/247/761/016/67t9uaImgUi9opTCEBSReA_1.jpg", "site_section": "http://anibis.ch//fr/automobiles--4/rssexport.aspx", "section_title": "Petites annonces Automobiles", "url": "http://www.anibis.ch/fr/automobiles--4/michelin-exreme-grip-automatic--16761247.aspx", "country": "CH", "domain_rank": 8918, "title": "Michelin Exreme Grip Automatic", "performance_score": 0, "site": "anibis.ch", "participants_count": 0, "title_full": "Michelin Exreme Grip Automatic", "spam_score": 0.0, "site_type": "news", "published": "2016-10-01T22:08:00.000+03:00", "replies_count": 0, "uuid": "67e5d11273ff708a91bc6b926c784e3b239b2594"}, "author": "", "url": "http://www.anibis.ch/fr/automobiles--4/michelin-exreme-grip-automatic--16761247.aspx", "ord_in_thread": 0, "title": "Michelin Exreme Grip Automatic", "locations": [], "entities": {"persons": [], "locations": [], "organizations": []}, "highlightText": "", "language": "french", "persons": [], "text": "Pouvez-vous nous indiquer l'article de loi? Illégal Merci d'indiquer le chapitre de notre CG? Interdit sur anibis.ch Pouvez-vous nous donner une preuve de ces insultes (copie d'email) Insulte Merci de nous donner le site original Contrefaçon Pouvez-vous nous donner l'URL du texte ou l'image original? Copyright Veuillez préciser la raison de votre signalement : Autre raison", "external_links": [], "published": "2016-10-01T22:08:00.000+03:00", "crawled": "2016-10-01T17:33:51.340+03:00", "highlightTitle": ""}