{"organizations": [], "uuid": "b12cf292e3372403137183ec4a9a8d31ccc63d7f", "thread": {"social": {"gplus": {"shares": 0}, "pinterest": {"shares": 0}, "vk": {"shares": 0}, "linkedin": {"shares": 0}, "facebook": {"likes": 0, "shares": 0, "comments": 0}, "stumbledupon": {"shares": 0}}, "site_full": "www.anibis.ch", "main_image": "http://www.anibis.ch/img/anibis-logo-share.png", "site_section": "http://anibis.ch//fr/immobilier--16/rssexport.aspx", "section_title": "Petites annonces Immobilier", "url": "http://www.anibis.ch/fr/immobilier--16/grand-appartement-4-1-2-pi%c3%a8ces-%c3%a0-louer--16784596.aspx", "country": "CH", "domain_rank": 8918, "title": "Grand appartement 4 1/2 pièces à louer", "performance_score": 0, "site": "anibis.ch", "participants_count": 0, "title_full": "Grand appartement 4 1/2 pièces à louer", "spam_score": 0.0, "site_type": "news", "published": "2016-10-03T23:29:00.000+03:00", "replies_count": 0, "uuid": "b12cf292e3372403137183ec4a9a8d31ccc63d7f"}, "author": "", "url": "http://www.anibis.ch/fr/immobilier--16/grand-appartement-4-1-2-pi%c3%a8ces-%c3%a0-louer--16784596.aspx", "ord_in_thread": 0, "title": "Grand appartement 4 1/2 pièces à louer", "locations": [], "entities": {"persons": [], "locations": [], "organizations": []}, "highlightText": "", "language": "french", "persons": [], "text": "Grand appartement 4 1/2 pièces à louer Type d'insertion: 02.11.2016 Description: \nGrand appartement 4 1/2 pièces à louer dès le 1.11.2016 ou à convenir, Fribourg, quartier Beaumont, 12e étage, vue sur les Préalpes, grand salon, salle à manger, 2 chambres à coucher, cave et grand balcon fermé, parquet. Loyer: CHF 1'320.-, charges comprises Utile en cas de déménagement MOVU – Les meilleurs alliés pour les déménagements et les nettoyages. En savoir plus Fraude ?", "external_links": [], "published": "2016-10-03T23:29:00.000+03:00", "crawled": "2016-10-03T19:02:48.947+03:00", "highlightTitle": ""}