{"organizations": [], "uuid": "bd84646f8143ae10a88df1ff1ae156b1611b274f", "thread": {"social": {"gplus": {"shares": 0}, "pinterest": {"shares": 0}, "vk": {"shares": 0}, "linkedin": {"shares": 0}, "facebook": {"likes": 2, "shares": 2, "comments": 0}, "stumbledupon": {"shares": 0}}, "site_full": "www.7sur7.be", "main_image": "http://static1.7sur7.be/static/photo/2016/18/6/13/20161001212118/media_xll_9120778.jpg", "site_section": "http://www.7s7.be/rss.xml", "section_title": "7SUR7.be Info, sport et showbiz, 24/24, 7/7, plus de 350 mises à jour quotidiennes", "url": "http://www.7sur7.be/7s7/fr/1760/Ligue-1/article/detail/2893152/2016/10/01/Enfin-du-temps-de-jeu-pour-Ben-Arfa-avec-le-PSG.dhtml", "country": "BE", "domain_rank": 8663, "title": "Enfin du temps de jeu pour Ben Arfa avec le PSG", "performance_score": 0, "site": "7sur7.be", "participants_count": 1, "title_full": "Enfin du temps de jeu pour Ben Arfa avec le PSG", "spam_score": 0.0, "site_type": "news", "published": "2016-10-02T03:33:00.000+03:00", "replies_count": 0, "uuid": "bd84646f8143ae10a88df1ff1ae156b1611b274f"}, "author": "Pierre Ghislain", "url": "http://www.7sur7.be/7s7/fr/1760/Ligue-1/article/detail/2893152/2016/10/01/Enfin-du-temps-de-jeu-pour-Ben-Arfa-avec-le-PSG.dhtml", "ord_in_thread": 0, "title": "Enfin du temps de jeu pour Ben Arfa avec le PSG", "locations": [], "entities": {"persons": [], "locations": [], "organizations": []}, "highlightText": "", "language": "french", "persons": [], "text": "1/10/16 - 21h33 © afp. vidéo Renvoyé en tribunes par son entraîneur à de nombreuses reprises, Hatem Ben Arfa a enfin pu rejouer quelques minutes, avec le PSG. Lors de la victoire des Parisiens contre Bordeaux (2-0), au Parc des Princes. \nEmery « #BenArfa a montré bcp de motivation. Pas facile pour lui de sortir le ballon.Il faut du travail mais il est bon qu¿il soit entré» #PSG pic.twitter.com/6RngLnMsEH — Paris No Limit¿ (@ParisNoLimit) \nLe Parc l¿attendait. Il s¿est levé comme un seul homme pour montrer sa joie lorsque Ben Arfa a rejoint la pelouse. — Sondage4PSG (@PSGSondages) \nC'était le feuilleton du mois de septembre en Ligue 1. L'entente entre le nouvel entraîneur du PSG, Unai Emery, et Hatem Ben Arfa semblait loin d'être au beau fixe. Si bien que l'attaquant français avait pris place en tribunes à plusieurs reprises. Les images de Ben Arfa, assis dans les tribunes du Parc, aux côtés de Djamel Debouzze avaient d'ailleurs fait le tour de France et des réseaux sociaux. Ce soir, Ben Arfa a enfin retrouvé la pelouse. Une montée au jeu de quelques minutes qui, tout un symbole, a été acclamée par les supporters du PSG. Certains pensaient déjà le divorce Emery-Ben Arfa consommé, l'entraîneur parisien leur a donné tort. Et y est même allé de quelques encouragements: \"C'est bien qu'il soit rentré. Il a montré beaucoup de motivation\", a-t-il confié au micro de BeIn Sports à l'issue de la rencontre. Le bout du tunnel pour Ben Arfa? Eléments de réponses dans les semaines à venir. Lire aussi", "external_links": [], "published": "2016-10-02T03:33:00.000+03:00", "crawled": "2016-10-01T23:19:05.323+03:00", "highlightTitle": ""}