{"organizations": [], "uuid": "870ef11d7676eb7f9b8d319be1252261d6362580", "thread": {"social": {"gplus": {"shares": 0}, "pinterest": {"shares": 0}, "vk": {"shares": 0}, "linkedin": {"shares": 0}, "facebook": {"likes": 0, "shares": 0, "comments": 0}, "stumbledupon": {"shares": 0}}, "site_full": "www.lapresse.ca", "main_image": "http://images.lpcdn.ca/924x615/201610/03/1274445-camping-familial-shel-al-campground.jpg", "site_section": "http://www.lapresse.ca/rss/1476.xml", "section_title": "États-Unis", "url": "http://www.lapresse.ca/voyage/bons-plans/201610/03/01-5026810-bons-plans-surf-a-hampton-beach.php", "country": "CA", "domain_rank": 5430, "title": "Bons plans: surf à Hampton Beach", "performance_score": 0, "site": "lapresse.ca", "participants_count": 1, "title_full": "Bons plans: surf à Hampton Beach", "spam_score": 0.0, "site_type": "news", "published": "2016-10-03T21:27:00.000+03:00", "replies_count": 0, "uuid": "870ef11d7676eb7f9b8d319be1252261d6362580"}, "author": "Audrey Ruel-Manseau", "url": "http://www.lapresse.ca/voyage/bons-plans/201610/03/01-5026810-bons-plans-surf-a-hampton-beach.php", "ord_in_thread": 0, "title": "Bons plans: surf à Hampton Beach", "locations": [], "entities": {"persons": [], "locations": [], "organizations": []}, "highlightText": "", "language": "french", "persons": [], "text": "Summer Sessions, l'une des trois boutiques de surf de la région. Photo Audrey Ruel-Manseau, La Presse \nPour trouver la planche parfaite: Trio de boutiques spécialisées \nSi vous cherchez une planche de surf ou encore une planche à pagaie (SUP), vous trouverez certainement de quoi satisfaire l'amateur de vagues que vous êtes au Pioneers Board Shop, au Cinnamon Rainbow ou au Summer Sessions. Ces boutiques spécialisées ont des planches pour tous les goûts, neuves ou usagées, à vendre ou à louer. Pour un plus grand choix, allez au Cinnamon Rainbow; pour un meilleur service, optez pour le Summer Sessions. Si le soleil brille, peut-être même que Tyler, le propriétaire, vous servira pieds nus et en maillot de bain... Pour une expérience totalement beachbum . \nSummer Sessions (À Jenness Beach): http://www.newhampshiresurf.com/ \nCinnamon Rainbow (À The Wall): http://cinnamonrainbows.com/ \nPioneers Board Shop: http://www.pioneersboardshop.com/ Jenness Beach est habituellement un bon choix pour les surfeurs débutants et intermédiaires. Photo Audrey Ruel-Manseau, La Presse \nPour surfer sur les vagues: Prévoir le coup \nSi vous choisissez d'aller à Hampton Beach en automne plutôt que d'aller cueillir des pommes ou grimper le mont Saint-Hilaire, c'est sûrement pour les vagues! Alors, avant de vous taper plus de cinq heures de route dans les montagnes - c'est beau, mais c'est long - , vérifiez s'il y aura des vagues. Le site internet MagicSeaWeed est normalement plutôt fiable en termes de prédictions et l'application mobile est très facile à utiliser. Jenness Beach et The Wall sont habituellement de bons choix pour les surfeurs débutants et intermédiaires. Les boutiques présentées ci-dessus offrent des cours. Combinaison longue et bottillons sont fortement suggérés pour éviter l'hypothermie.", "external_links": [], "published": "2016-10-03T21:27:00.000+03:00", "crawled": "2016-10-03T18:04:26.059+03:00", "highlightTitle": ""}