{"organizations": [], "uuid": "85b8a58c488e0396acc0b90aa9f221ad2313ca9a", "thread": {"social": {"gplus": {"shares": 0}, "pinterest": {"shares": 0}, "vk": {"shares": 0}, "linkedin": {"shares": 0}, "facebook": {"likes": 0, "shares": 0, "comments": 0}, "stumbledupon": {"shares": 0}}, "site_full": "www.anibis.ch", "main_image": "https://can01.anibis.ch/iPhone-5s-IPhone-5s-64gb-gold--neuf-jamais-deballer/?1024x728/3/90/anibis/327/782/016/jUwYUuXzuEKHEH6VjKb_zg_1.jpg", "site_section": "http://anibis.ch//fr/t%c3%a9l%c3%a9phonie--31/rssexport.aspx", "section_title": "Petites annonces Téléphonie", "url": "http://www.anibis.ch/fr/t%c3%a9l%c3%a9phonie--31/iphone-5s-64gb-gold-neuf-jamais-d%c3%a9baller--16782327.aspx", "country": "CH", "domain_rank": 8918, "title": "IPhone 5s 64gb gold neuf jamais déballer", "performance_score": 0, "site": "anibis.ch", "participants_count": 0, "title_full": "IPhone 5s 64gb gold neuf jamais déballer", "spam_score": 0.0, "site_type": "news", "published": "2016-10-03T19:12:00.000+03:00", "replies_count": 0, "uuid": "85b8a58c488e0396acc0b90aa9f221ad2313ca9a"}, "author": "", "url": "http://www.anibis.ch/fr/t%c3%a9l%c3%a9phonie--31/iphone-5s-64gb-gold-neuf-jamais-d%c3%a9baller--16782327.aspx", "ord_in_thread": 0, "title": "IPhone 5s 64gb gold neuf jamais déballer", "locations": [], "entities": {"persons": [], "locations": [], "organizations": []}, "highlightText": "", "language": "french", "persons": [], "text": "IPhone 5s 64gb gold neuf jamais déballer Type d'insertion: \nIPhone 5s 64gb gold neuf jamais déballer. Tempered glass protection gratuit. Payer simplement et en toute sécurité? Envoyer et recevoir de l'argent avec Cet utilisateur a confirmé son compte avec un numéro de mobile valable. smartfixmontreux Membre depuis le 15.12.2015 Téléphone : +41 76 215 87 86 Êtes-vous intéressé par cette offre? Ecrivez un message à l’annonceur. Mon nom : Transmettre l'annonce par e-mail Vous connaissez quelqu'un qui pourrait s'intéresser à cette annonce ? Envoyez lui un e-mail grâce à ce formulaire. Expéditeur : Veuillez nous indiquer en quelques mots pourquoi cette annonce est une arnaque. e-mail* : Indiquez-nous d'autres annonces concernées (optionel): Multipostage (spam) A votre avis, pourquoi s'agit-il d'une fraude? Fraude Pouvez-vous nous indiquer l'article de loi? Illégal Merci d'indiquer le chapitre de notre CG? Interdit sur anibis.ch Pouvez-vous nous donner une preuve de ces insultes (copie d'email) Insulte Merci de nous donner le site original Contrefaçon Pouvez-vous nous donner l'URL du texte ou l'image original? Copyright Veuillez préciser la raison de votre signalement : Autre raison", "external_links": [], "published": "2016-10-03T19:12:00.000+03:00", "crawled": "2016-10-03T14:20:51.599+03:00", "highlightTitle": ""}