{"organizations": [], "uuid": "9399fcbfab0d47edcdda56cd674e20a8098f2520", "thread": {"social": {"gplus": {"shares": 0}, "pinterest": {"shares": 0}, "vk": {"shares": 0}, "linkedin": {"shares": 0}, "facebook": {"likes": 66, "shares": 66, "comments": 0}, "stumbledupon": {"shares": 0}}, "site_full": "actu.orange.fr", "main_image": "http://media3.woopic.com/api/v1/images/661%2Fmagic-article-actu%2Ff1d%2F23f%2F1e71d37aff77ba64630dd86b0e%2Fparis-des-moutons-remplacent-les-tondeuses-a-gazon-au-bord-du-peripherique%7Cf1d23f1e71d37aff77ba64630dd86b0e.jpg?format=470x264&amp;facedetect=1&amp;quality=85", "site_section": "", "section_title": "", "url": "http://actu.orange.fr/france/paris-des-moutons-remplacent-les-tondeuses-a-gazon-au-bord-du-peripherique-magic-CNT000000uwyCh.html", "country": "FR", "domain_rank": 208, "title": "Paris : des moutons remplacent les tondeuses à gazon au bord du périphérique sur Orange Actualités", "performance_score": 0, "site": "orange.fr", "participants_count": 0, "title_full": "Paris : des moutons remplacent les tondeuses à gazon au bord du périphérique sur Orange Actualités", "spam_score": 0.232, "site_type": "news", "published": "2016-10-01T19:27:00.000+03:00", "replies_count": 0, "uuid": "9399fcbfab0d47edcdda56cd674e20a8098f2520"}, "author": "", "url": "http://actu.orange.fr/france/paris-des-moutons-remplacent-les-tondeuses-a-gazon-au-bord-du-peripherique-magic-CNT000000uwyCh.html", "ord_in_thread": 0, "title": "Paris : des moutons remplacent les tondeuses à gazon au bord du périphérique sur Orange Actualités", "locations": [], "entities": {"persons": [], "locations": [], "organizations": []}, "highlightText": "", "language": "french", "persons": [], "text": "Un rapport pointe une faible culture du PV Orange avec AFP, publié le samedi 01 octobre 2016 à 11h27 \nDepuis ce vendredi, une dizaine de moutons d'Ouessant se sont installés sur les talus en bordure du périphérique parisien, à l'invitation de la Ville de Paris qui y voit là l'occasion \"d'entretenir les espaces verts sans machines ni désherbants chimiques\". Ces moutons d'Ouessant, espèce choisie notamment pour leur petite taille qui leur permet d'aller là où les agents de la Ville vont difficilement, ont en outre l'avantage de \"ne pas produire de déchets verts\". Paris: des moutons pour entretenir les bords du périphérique par BFMTV Cet \"éco-pâturage\", en \"limitant le développement des plantes envahissantes et en maintenant une végétalisation basse, favorise le développement de la faune et de la flore spécifiques des pelouses et enrichit la biodiversité de la capitale\", a indiqué Pénélope Komitès, adjointe chargée des Espaces verts à la maire de Paris Anne Hidalgo.Des moutons sont déjà utilisés dans d'autres lieux parisiens, les Archives de Paris, le Parc Floral, le centre de production horticole de la Ville et le bois de Vincennes. Publicité ", "external_links": [], "published": "2016-10-01T19:27:00.000+03:00", "crawled": "2016-10-01T13:49:35.830+03:00", "highlightTitle": ""}