{"organizations": [], "uuid": "c45be8c0c0a3cc1bfc9590d50ba1b7da7ab343c1", "thread": {"social": {"gplus": {"shares": 0}, "pinterest": {"shares": 0}, "vk": {"shares": 0}, "linkedin": {"shares": 0}, "facebook": {"likes": 24, "shares": 24, "comments": 0}, "stumbledupon": {"shares": 0}}, "site_full": "www.dhnet.be", "main_image": "http://r4.ldh.be/image/d4/57f214d9cd70871fc424b2d4.jpg", "site_section": "http://dh.be//rss.xml", "section_title": "DH.be - La Une", "url": "http://www.dhnet.be/regions/bruxelles/colis-suspect-decouvert-a-la-gare-du-nord-la-place-bolivar-a-nouveau-accessible-57f2143fcd70871fc424b2cb", "country": "BE", "domain_rank": 5754, "title": "Colis suspect découvert à la gare du Nord: la place Bolivar à nouveau accessible", "performance_score": 0, "site": "dhnet.be", "participants_count": 1, "title_full": "Colis suspect découvert à la gare du Nord: la place Bolivar à nouveau accessible", "spam_score": 0.0, "site_type": "news", "published": "2016-10-03T15:18:00.000+03:00", "replies_count": 0, "uuid": "c45be8c0c0a3cc1bfc9590d50ba1b7da7ab343c1"}, "author": "BELGA", "url": "http://www.dhnet.be/regions/bruxelles/colis-suspect-decouvert-a-la-gare-du-nord-la-place-bolivar-a-nouveau-accessible-57f2143fcd70871fc424b2cb", "ord_in_thread": 0, "title": "Colis suspect découvert à la gare du Nord: la place Bolivar à nouveau accessible", "locations": [], "entities": {"persons": [], "locations": [], "organizations": []}, "highlightText": "", "language": "french", "persons": [], "text": "Vous êtes ici: Accueil > Régions > Bruxelles Colis suspect découvert à la gare du Nord: la place Bolivar à nouveau accessible \nBELGA Publié le lundi 03 octobre 2016 à 10h18 - Mis à jour le lundi 03 octobre 2016 à 11h04 ... Alerte à l'anthrax à Bruxelles: un colis suspect contenant de la poudre blanche retrouvé dans un bus (PHOTOS) Bruxelles \nLa place Bolivar, située juste devant la gare du Nord à Bruxelles, était de nouveau accessible lundi vers 10h00, a indiqué la Stib. \nLa circulation des lignes de bus 14, 47, 57, 58 et 61 a repris normalement. \nPlus tôt dans la matinée, la place Bolivar avait étéévacuée par la police après la découverte d'un colis suspect. L'entrée principale de la gare du Nord était également inaccessible. \nLe personnel des bureaux situés à proximité avait reçu l'ordre de se tenir éloigné des fenêtre. Sur le même sujet :", "external_links": [], "published": "2016-10-03T15:18:00.000+03:00", "crawled": "2016-10-03T12:27:28.477+03:00", "highlightTitle": ""}