{"organizations": [], "uuid": "a563c90a6f2daf252e1d3bd244b1d3bb7b9e5c29", "thread": {"social": {"gplus": {"shares": 0}, "pinterest": {"shares": 0}, "vk": {"shares": 0}, "linkedin": {"shares": 0}, "facebook": {"likes": 0, "shares": 0, "comments": 0}, "stumbledupon": {"shares": 0}}, "site_full": "www.lavenir.net", "main_image": "http://s2.lavenircdn.net/Assets/Images_Upload/Actu24/2016/10/03/4c33476a-8976-11e6-b2d9-8580b01f81a2_original.JPG", "site_section": "http://www.lavenir.net/rss.aspx?foto=1&intro=1&section=info&info=8f8012c3-d2ca-4192-9ae8-fc61d77cb44d", "section_title": "L'Avenir.net: Le fil info", "url": "http://www.lavenir.net/cnt/dmf20161003_00890384", "country": "BE", "domain_rank": 8618, "title": "Terrible collision à Forville : un enfant entre la vie et la mort, sa maman et sa sœur gravement blessées", "performance_score": 0, "site": "lavenir.net", "participants_count": 0, "title_full": "Terrible collision à Forville : un enfant entre la vie et la mort, sa maman et sa sœur gravement blessées", "spam_score": 0.0, "site_type": "news", "published": "2016-10-03T22:34:00.000+03:00", "replies_count": 0, "uuid": "a563c90a6f2daf252e1d3bd244b1d3bb7b9e5c29"}, "author": "", "url": "http://www.lavenir.net/cnt/dmf20161003_00890384", "ord_in_thread": 0, "title": "Terrible collision à Forville : un enfant entre la vie et la mort, sa maman et sa sœur gravement blessées", "locations": [], "entities": {"persons": [], "locations": [], "organizations": []}, "highlightText": "", "language": "french", "persons": [], "text": "Aujourd'hui 16h34 - Sam GODART - L'Avenir Un enfant en bas âge est entre la vie et la mort, sa sœur et la maman sont eux gravement blessés.-Sam Godart \nUne terrible collision frontale s’est produite à Forville. Le bilan est lourd. \nCe lundi vers midi, une terrible collision frontale s’est produite rue de Branchons à Forville, le bilan est lourd car 3 blessés, une mère et ses deux enfants, ont été sortis de la petite Renault Clio qui a heurté de face un camion de la société Kauffman Gaz. \nLes pompiers d’Eghezée se sont rendus sur place avec un véhicule de désincarcération, un véhicule de balisage et deux ambulances. Les SMUR du CHR de Namur de Huy et l’hélicoptère de Bras-Sur-Lienne sont également intervenus. \nUn enfant en bas âge est entre la vie et la mort, sa sœur et la maman sont eux gravement blessés. \nLe parquet est descendu sur place et la route a été fermée à la circulation. \nÀ lire dans L’Avenir de ce mardi 4 octobre, sur tablette , smartphone ou PC Les + lus", "external_links": [], "published": "2016-10-03T22:34:00.000+03:00", "crawled": "2016-10-03T19:02:44.961+03:00", "highlightTitle": ""}