{"organizations": [], "uuid": "d1ab271e24bc7af99218e159c1850c130f0864c1", "thread": {"social": {"gplus": {"shares": 0}, "pinterest": {"shares": 0}, "vk": {"shares": 0}, "linkedin": {"shares": 0}, "facebook": {"likes": 0, "shares": 0, "comments": 0}, "stumbledupon": {"shares": 0}}, "site_full": "www.melty.fr", "main_image": "http://media.melty.fr/article-3341710-fb-f1475513630/quantico-saison-2-episode-3-episode-2-episode.jpg", "site_section": "http://www.melty.fr/actu.rss", "section_title": "melty | News, tendances & youth culture", "url": "http://www.melty.fr/quantico-saison-2-episode-3-alex-se-met-en-danger-dans-la-video-promo-de-stescalade-a562146.html", "country": "FR", "domain_rank": 7007, "title": "Quantico saison 2 : Episode 3, Alex se met en danger dans la vidéo promo de \"Stescalade\"", "performance_score": 0, "site": "melty.fr", "participants_count": 0, "title_full": "Quantico saison 2 : Episode 3, Alex se met en danger dans la vidéo promo de \"Stescalade\"", "spam_score": 0.0, "site_type": "news", "published": "2016-10-04T00:56:00.000+03:00", "replies_count": 0, "uuid": "d1ab271e24bc7af99218e159c1850c130f0864c1"}, "author": "", "url": "http://www.melty.fr/quantico-saison-2-episode-3-alex-se-met-en-danger-dans-la-video-promo-de-stescalade-a562146.html", "ord_in_thread": 0, "title": "Quantico saison 2 : Episode 3, Alex se met en danger dans la vidéo promo de \"Stescalade\"", "locations": [], "entities": {"persons": [], "locations": [], "organizations": []}, "highlightText": "", "language": "french", "persons": [], "text": "Quantico saison 2 : Episode 3, Alex se met en danger dans la vidéo promo de \"Stescalade\" Publié il y a 25 minutes   18:56:17 Ecrit par Charles Nisolle 2 La vidéo promo de l'épisode 3 de la saison 2 de Quantico a été dévoilée ! Découvrez-la, dès à présent, sur melty. Hier soir, l'épisode 2 de la saison 2 de Quantico dont notre critique est disponible , était diffusé sur ABC . Et le moins que l'on puisse dire, c'est que cette deuxième saison démarre sur les chapeaux de roues. Dans le passé, Alex a des difficultés avec la formation de la CIA. Bien différente de celle du FBI, notre héroïne ne semble pas encore saisir tous les aspects des exercices demandés et il se pourrait bien que sa négligence lui joue des tours par la suite. Dans le futur, les choses n'ont pas encore beaucoup bougé. Cependant, Miranda semble cacher quelque chose. Est-elle impliquée dans la nouvelle attaque ? Tout est possible dans Quantico . On peut néanmoins être légèrement déçus tant la mécanique de ces nouveaux épisodes sont semblables à ce que l'on a pu voir dans la saison 1. Ci-dessous, découvrez la bande-annonce du prochain épisode de la série qui sera diffusé non pas dans une, mais dans deux semaines ! Intitulé \"Stescalade\" , cet épisode verra la tension monter d'un cran pour notre héroïne. Eh oui les meltynautes : dans le futur, Alex tentera de se fondre dans le groupe terroriste. On peut le voir dans la bande-annonce : la jolie brune s'emparera du même équipement que les nouveaux bourreaux de la saison . Va-t-elle se faire démasquer ? On ne le lui souhaite pas ! Dans le passé, une nouvelle mission sera proposée aux recrues de la C.I.A. On espère que Ryan et Alex ne finiront pas en bas du tableau : ils n'ont le droit qu'à deux ou trois échecs. En attendant la diffusion de ce nouvel épisode, découvre ou re-découvrez le synopsis de l'épisode 3 de la saison 2 de Quantico sur melty. Qu'attendez-vous de la suite ? Source : ABC - Crédit : ABC", "external_links": [], "published": "2016-10-04T00:56:00.000+03:00", "crawled": "2016-10-03T20:33:54.250+03:00", "highlightTitle": ""}