{"organizations": [], "uuid": "ccb314268260d6e86706516f4efcdcfd04650f35", "thread": {"social": {"gplus": {"shares": 0}, "pinterest": {"shares": 0}, "vk": {"shares": 0}, "linkedin": {"shares": 0}, "facebook": {"likes": 0, "shares": 0, "comments": 0}, "stumbledupon": {"shares": 0}}, "site_full": "www.anibis.ch", "main_image": "https://can01.anibis.ch/Lecteurs-Ipod-touch-5/?1024x728/3/90/anibis/542/780/016/hQdhgB2hu0Gkhtdwqi985A_1.jpg", "site_section": "http://anibis.ch//fr/audio-tv-vid%c3%a9o--32/rssexport.aspx", "section_title": "Petites annonces Audio - TV - Vidéo", "url": "http://www.anibis.ch/fr/audio-tv-vid%c3%a9o--32/ipod-touch-5--16780542.aspx", "country": "CH", "domain_rank": 8918, "title": "Ipod touch 5", "performance_score": 0, "site": "anibis.ch", "participants_count": 0, "title_full": "Ipod touch 5", "spam_score": 0.0, "site_type": "news", "published": "2016-10-03T15:01:00.000+03:00", "replies_count": 0, "uuid": "ccb314268260d6e86706516f4efcdcfd04650f35"}, "author": "", "url": "http://www.anibis.ch/fr/audio-tv-vid%c3%a9o--32/ipod-touch-5--16780542.aspx", "ord_in_thread": 0, "title": "Ipod touch 5", "locations": [], "entities": {"persons": [], "locations": [], "organizations": []}, "highlightText": "", "language": "french", "persons": [], "text": "Pouvez-vous nous indiquer l'article de loi? Illégal Merci d'indiquer le chapitre de notre CG? Interdit sur anibis.ch Pouvez-vous nous donner une preuve de ces insultes (copie d'email) Insulte Merci de nous donner le site original Contrefaçon Pouvez-vous nous donner l'URL du texte ou l'image original? Copyright Veuillez préciser la raison de votre signalement : Autre raison", "external_links": [], "published": "2016-10-03T15:01:00.000+03:00", "crawled": "2016-10-03T10:06:34.416+03:00", "highlightTitle": ""}