{"organizations": [], "uuid": "3e27a17d479872f3ce058be821aca53df0bd0f09", "thread": {"social": {"gplus": {"shares": 0}, "pinterest": {"shares": 0}, "vk": {"shares": 0}, "linkedin": {"shares": 0}, "facebook": {"likes": 0, "shares": 0, "comments": 0}, "stumbledupon": {"shares": 0}}, "site_full": "www.anibis.ch", "main_image": "https://can01.anibis.ch/Fours-Four-a-raclette/?1024x728/3/90/anibis/101/762/016/lgzQCbiRnEur13wJtSyHAg_1.jpg", "site_section": "http://anibis.ch//fr/m%c3%a9nage-,-maison--21/rssexport.aspx", "section_title": "Petites annonces Ménage & Maison", "url": "http://www.anibis.ch/fr/m%c3%a9nage-~-maison--21/four-%c3%a0-raclette--16762101.aspx", "country": "CH", "domain_rank": 8918, "title": "Four à raclette", "performance_score": 0, "site": "anibis.ch", "participants_count": 0, "title_full": "Four à raclette", "spam_score": 0.0, "site_type": "news", "published": "2016-10-01T23:41:00.000+03:00", "replies_count": 0, "uuid": "3e27a17d479872f3ce058be821aca53df0bd0f09"}, "author": "", "url": "http://www.anibis.ch/fr/m%c3%a9nage-~-maison--21/four-%c3%a0-raclette--16762101.aspx", "ord_in_thread": 0, "title": "Four à raclette", "locations": [], "entities": {"persons": [], "locations": [], "organizations": []}, "highlightText": "", "language": "french", "persons": [], "text": "  Envoyer \nLes annonces suivantes pourront peut-être aussi vous intéresser", "external_links": [], "published": "2016-10-01T23:41:00.000+03:00", "crawled": "2016-10-01T18:45:43.642+03:00", "highlightTitle": ""}