{"organizations": [], "uuid": "a981d34cb9abe768e404fd75d428d0cb859dd707", "thread": {"social": {"gplus": {"shares": 0}, "pinterest": {"shares": 0}, "vk": {"shares": 0}, "linkedin": {"shares": 0}, "facebook": {"likes": 0, "shares": 0, "comments": 0}, "stumbledupon": {"shares": 0}}, "site_full": "fr.news.yahoo.com", "main_image": "https://s.yimg.com/uu/api/res/1.2/i40fd1g6yNvGOip9Q62Jvw--/aD0zOTM7dz03MDA7c209MTthcHBpZD15dGFjaHlvbg--/http://media.zenfs.com/fr_FR/News/Francetvinfo.fr/10858267.jpg", "site_section": "https://fr.news.yahoo.com/insolite/?format=rss", "section_title": "News Insolite | Actualités & informations - Yahoo Actualités FR", "url": "https://fr.news.yahoo.com/afrique-sud-kidnappeurs-buddy-manchot-inculp%C3%A9s-vol-163704191.html", "country": "US", "domain_rank": 5, "title": "Afrique du Sud : les kidnappeurs de Buddy le manchot inculpés pour vol", "performance_score": 0, "site": "yahoo.com", "participants_count": 0, "title_full": "Afrique du Sud : les kidnappeurs de Buddy le manchot inculpés pour vol", "spam_score": 0.0, "site_type": "news", "published": "2016-10-01T03:00:00.000+03:00", "replies_count": 0, "uuid": "a981d34cb9abe768e404fd75d428d0cb859dd707"}, "author": "", "url": "https://fr.news.yahoo.com/afrique-sud-kidnappeurs-buddy-manchot-inculp%C3%A9s-vol-163704191.html", "ord_in_thread": 0, "title": "Afrique du Sud : les kidnappeurs de Buddy le manchot inculpés pour vol", "locations": [], "entities": {"persons": [], "locations": [], "organizations": []}, "highlightText": "", "language": "french", "persons": [], "text": "Deux hommes ont été inculpés, vendredi 30 septembre, par la justice sud-africaine pour avoir kidnappé Buddy , un manchot élevé dans un parc aquatique, avant de le relâcher dans l'océan Indien afin de protester contre la captivité des animaux .\nAdrian Donian et Emile du Plessis, deux étudiants de 22 et 24 ans, ont fait une brève apparition jeudi devant le tribunal de Port Elizabeth (sud) où ils ont été inculpés de vol avec effraction et d'infraction aux lois de protection marine.\n\"Ils ont comparu devant la justice avant d'être libérés avec un avertissement. L'audience a été ajournée pour approfondir l'enquête\" , a indiqué Priscilla Naidu, porte-parole de la police de Port Elizabeth. La prochaine comparution des deux hommes est prévue le 3 novembre.\nBuddy est toujours introuvable Buddy, un manchot du Cap, une espèce protégée, a été enlevé dans la nuit du 20 au 21 septembre dans le parc de Bayworld. Enveloppé dans une chemise, il a été transporté en voiture avant d'être relâché dans l'océan Indien, sur une plage voisine de Port Elizabeth.\nCette semaine, Dylan Bailey, le responsable du parc, a indiqué à l'AFP que les deux hommes avaient avoué leur méfait, expliquant vouloir dénoncer ainsi le maintien d'animaux en captivité. Mais depuis le rapt, Buddy, âgé de trois ans, n'a toujours pas été retrouvé.\nA cause de ce kidnapping, Buddy a été séparé de sa femelle Frances, et l'un de leurs deux petits est mort depuis l'enlèvement de son père, selon le quotidien régional The Herald (en anglais). Des bénévoles, ainsi que des employés de Bayworld, recherchent activement Buddy dans le mince espoir de le retrouver en vie. \n\nRetrouvez cet article sur Francetv info \n\nVIDEO. Vous n'avez jamais vu autant de bébés pandas réunis \n\"Adopte un bobo\", la campagne d'une fédération écologiste pour sauver la biodiversité en Rhône-Alpes \nVIDEO. Les premiers pas d'un petit rhinocéros dans un zoo américain \nVIDEO. Une minute de bonheur avec trois pandas \nAfrique du Sud : un manchot kidnappé d'un parc aquatique pour être relâché dans l'océan", "external_links": [], "published": "2016-10-01T03:00:00.000+03:00", "crawled": "2016-10-01T03:40:18.007+03:00", "highlightTitle": ""}