{"organizations": [], "uuid": "90936c2035f8b9c7facf8d9a494beef0d083d890", "thread": {"social": {"gplus": {"shares": 0}, "pinterest": {"shares": 0}, "vk": {"shares": 0}, "linkedin": {"shares": 0}, "facebook": {"likes": 0, "shares": 0, "comments": 0}, "stumbledupon": {"shares": 0}}, "site_full": "www.anibis.ch", "main_image": "https://can01.anibis.ch/Bateaux-a-voiles-Capot-de-pont/?1024x728/3/90/anibis/035/772/016/MWMbCywdjUuUDjhGtN-h_Q_1.jpg", "site_section": "http://anibis.ch//fr/nautisme--24/rssexport.aspx", "section_title": "Petites annonces Nautisme", "url": "http://www.anibis.ch/fr/nautisme--24/capot-de-pont--16772035.aspx", "country": "CH", "domain_rank": 8918, "title": "Capot de pont", "performance_score": 0, "site": "anibis.ch", "participants_count": 0, "title_full": "Capot de pont", "spam_score": 0.0, "site_type": "news", "published": "2016-10-02T20:58:00.000+03:00", "replies_count": 0, "uuid": "90936c2035f8b9c7facf8d9a494beef0d083d890"}, "author": "", "url": "http://www.anibis.ch/fr/nautisme--24/capot-de-pont--16772035.aspx", "ord_in_thread": 0, "title": "Capot de pont", "locations": [], "entities": {"persons": [], "locations": [], "organizations": []}, "highlightText": "", "language": "french", "persons": [], "text": "Pouvez-vous nous indiquer l'article de loi? Illégal Merci d'indiquer le chapitre de notre CG? Interdit sur anibis.ch Pouvez-vous nous donner une preuve de ces insultes (copie d'email) Insulte Merci de nous donner le site original Contrefaçon Pouvez-vous nous donner l'URL du texte ou l'image original? Copyright Veuillez préciser la raison de votre signalement : Autre raison Envoyer \nLes annonces suivantes pourront peut-être aussi vous intéresser", "external_links": [], "published": "2016-10-02T20:58:00.000+03:00", "crawled": "2016-10-02T23:15:19.815+03:00", "highlightTitle": ""}