{"organizations": [], "uuid": "bb862cc477b30052e9cfe0cc5517023064c43358", "thread": {"social": {"gplus": {"shares": 0}, "pinterest": {"shares": 0}, "vk": {"shares": 0}, "linkedin": {"shares": 0}, "facebook": {"likes": 0, "shares": 0, "comments": 0}, "stumbledupon": {"shares": 0}}, "site_full": "sports.orange.fr", "main_image": "http://media1.woopic.com/504/f/470x264/q/85/fd/p/media365-sport-news|f84|f88|ea5ff3399a2f04b704a827a1ad/nba-golden-state-s-incline-pour-sa-premiere-sortie|2728279_durant-curry-1024x425_ext.jpg", "site_section": "", "section_title": "", "url": "http://sports.orange.fr/basket/nba/breves/nba-golden-state-s-incline-pour-sa-premiere-sortie-CNT000000uyPkC.html", "country": "FR", "domain_rank": 208, "title": "NBA : Golden State s'incline pour sa première sortie - Orange Sport", "performance_score": 0, "site": "orange.fr", "participants_count": 0, "title_full": "NBA : Golden State s'incline pour sa première sortie - Orange Sport", "spam_score": 0.382, "site_type": "news", "published": "2016-10-02T16:02:00.000+03:00", "replies_count": 0, "uuid": "bb862cc477b30052e9cfe0cc5517023064c43358"}, "author": "", "url": "http://sports.orange.fr/basket/nba/breves/nba-golden-state-s-incline-pour-sa-premiere-sortie-CNT000000uyPkC.html", "ord_in_thread": 0, "title": "NBA : Golden State s'incline pour sa première sortie - Orange Sport", "locations": [], "entities": {"persons": [], "locations": [], "organizations": []}, "highlightText": "", "language": "french", "persons": [], "text": "NBA : Golden State s'incline pour sa première sortie &copyMedia365 publié le 2 octobre \nOpposé aux Raptors pour le premier match de préparation, Golden State s'est incliné 97-93. Stephen Curry et Kevin Durant n'ont pas brillé. \nLe match entre Golden State et Toronto était l'occasion de voir Stephen Curry et Kevin Durant évoluer ensemble pour la première fois de la saison. Malheureusement, la défaite des Warriors sur le parquet des Raptors (97-93) n'aura délivré aucun indice sur le potentiel de leur relation. Les deux hommes, à l'image du match, se sont davantage illustrés par leur déchet. En 19 et 17 minutes passées sur le parquet Durant et Curry ont inscrits 9 (1/4 à trois points) et 8 points (1/5 à trois points). Une mise en route qui se poursuivra dès mardi face au Clippers pour Golden State, et lundi contre Denver pour les Raptors. Dans l'autre match de la nuit, Les Pelicans ont dominé les Mavericks de Dallas (116-102). Publicité ", "external_links": [], "published": "2016-10-02T16:02:00.000+03:00", "crawled": "2016-10-02T15:08:50.071+03:00", "highlightTitle": ""}