{"organizations": [], "uuid": "84b69072048c22627c1584fb7319c3af53b65196", "thread": {"social": {"gplus": {"shares": 5}, "pinterest": {"shares": 0}, "vk": {"shares": 0}, "linkedin": {"shares": 0}, "facebook": {"likes": 64, "shares": 64, "comments": 0}, "stumbledupon": {"shares": 0}}, "site_full": "fr.euronews.com", "main_image": "http://static.euronews.com/articles/345526/1000x563_345526.jpg", "site_section": "http://feeds.feedburner.com/euronews/fr/home", "section_title": "Flux RSS Euronews", "url": "http://fr.euronews.com/2016/10/02/la-hongrie-aux-urnes-pour-le-referendum-antirefugies-du-premier-ministre", "country": "FR", "domain_rank": 4015, "title": "La Hongrie aux urnes pour le référendum antiréfugiés du Premier ministre", "performance_score": 0, "site": "euronews.com", "participants_count": 0, "title_full": "La Hongrie aux urnes pour le référendum antiréfugiés du Premier ministre", "spam_score": 0.0, "site_type": "news", "published": "2016-10-02T17:54:00.000+03:00", "replies_count": 0, "uuid": "84b69072048c22627c1584fb7319c3af53b65196"}, "author": "", "url": "http://fr.euronews.com/2016/10/02/la-hongrie-aux-urnes-pour-le-referendum-antirefugies-du-premier-ministre", "ord_in_thread": 0, "title": "La Hongrie aux urnes pour le référendum antiréfugiés du Premier ministre", "locations": [], "entities": {"persons": [], "locations": [], "organizations": []}, "highlightText": "", "language": "french", "persons": [], "text": "La Hongrie aux urnes pour le référendum antiréfugiés du Premier ministre   \nLes Hongrois ont commencé à voter dimanche à l’occasion d’un référendum que le Premier ministre Viktor Orban veut transformer en plébiscite pour sa politique anti-migrants et en pied-de-nez à la volonté de l’Union européenne de répartir les réfugiés entre Etats membres. “ Je suis fier que nous soyons les premiers (en Europe) à répondre à cette question dans les urnes, même si nous somme malheureusement les seuls “, a déclaré M. Orban en votant en matinée à Budapest. \nQuelque 8,3 millions d‘électeurs sont appelés à répondre à la question “Voulez-vous que l’Union européenne décrète une relocalisation obligatoire de citoyens non-hongrois en Hongrie sans l’approbation du Parlement hongrois?” Budapest n’a proposé à ce jour aucune place d’accueil et se considérera, si le non l’emporte, définitivement affranchie de toute obligation de contribuer à l’effort européen de répartition des migrants arrivant sur le continent. \nLa Commission européenne affirme que le scrutin n’aura aucun impact juridique sur les engagements adoptés. “Les Etats membres ont la responsabilité légale d’appliquer les décisions prises”, a rappelé le commissaire aux Migrations Dimitris Avramopoulos. En pratique, le plan de répartition de 160.000 demandeurs d’asile entre les 28 Etats membres adopté il y a un an est largement resté lettre morte, seuls quelques milliers de personnes ayant été “relocalisées”. Mais les responsables européens redoutent que le référendum hongrois ne porte un nouveau coup à une UE déjà malmenée par une succession de chocs, de la crise migratoire au Brexit. \nLes sondages donnent le non largement vainqueur, un résultat à même de conforter politiquement Viktor Orban en Hongrie et de peaufiner son image de meneur du camp populiste anti-immigration en Europe. La seule inconnue et le seul risque politique pour lui réside dans le taux de participation : pour que le scrutin soit valide, le nombre de votes exprimés doit en effet représenter au moins 50% des inscrits. \nAfin d‘éviter que ce quorum ne soit atteint, l’opposition de gauche et les ONG de défense des droits de l’homme ont appelé au boycott ou au vote nul. \nAvec agence ( AFP )", "external_links": [], "published": "2016-10-02T17:54:00.000+03:00", "crawled": "2016-10-02T14:50:58.471+03:00", "highlightTitle": ""}