{"organizations": [], "uuid": "e74a357f8e44eba8e45682e86acf2ad10c4c210d", "thread": {"social": {"gplus": {"shares": 0}, "pinterest": {"shares": 0}, "vk": {"shares": 0}, "linkedin": {"shares": 0}, "facebook": {"likes": 0, "shares": 0, "comments": 0}, "stumbledupon": {"shares": 0}}, "site_full": "madame.lefigaro.fr", "main_image": "http://i.f1g.fr/media/ext/1200x1200/madame.lefigaro.fr/sites/default/files/img/2016/09/the-coat-le-manteau-zara-que-toutes-les-londoniennes-sarrachent_0.jpg", "site_section": "", "section_title": "", "url": "http://madame.lefigaro.fr/style/that-coat-le-manteau-que-toutes-les-londoniennes-sarrachent-270916-116874", "country": "FR", "domain_rank": 1013, "title": "\"That Coat\", le manteau Zara que toutes les Londoniennes s'arrachent | Le Figaro Madame", "performance_score": 0, "site": "lefigaro.fr", "participants_count": 0, "title_full": "\"That Coat\", le manteau Zara que toutes les Londoniennes s'arrachent | Le Figaro Madame", "spam_score": 0.2, "site_type": "news", "published": "2016-09-27T18:24:00.000+03:00", "replies_count": 0, "uuid": "e74a357f8e44eba8e45682e86acf2ad10c4c210d"}, "author": "Marie-Caroline Boug Re", "url": "http://madame.lefigaro.fr/style/that-coat-le-manteau-que-toutes-les-londoniennes-sarrachent-270916-116874", "ord_in_thread": 0, "title": "\"That Coat\", le manteau Zara que toutes les Londoniennes s'arrachent | Le Figaro Madame", "locations": [], "entities": {"persons": [], "locations": [], "organizations": []}, "highlightText": "", "language": "french", "persons": [], "text": "\nMi-Long et à broderies bleues et blanches, ce manteau Zara vendu environ 80 euros est un must have à Londres, au point de le croiser à touts les coins de rue. Photo Instagram @thecoat \"That Coat\", le manteau Zara que toutes les Londoniennes s'arrachent Par Marie-Caroline Bougère | Le 27 septembre 2016 Partager \nMi-long et à broderies bleues et blanches, un manteau signé Zara a envahi les rues de Londres. Une omniprésence désormais moquée par le compte Instagram \"That Coat\". En ce moment Comment broder un message sur un tee-shirt \nOn l'a toutes fusillée du regard quand elle est arrivée à la soirée : elle, la fille vêtue de la même robe que nous. Ce sentiment de solitude qui marque à jamais, risque de faire des victimes à Londres où l'on peut croiser le même manteau Zara à presque tous les coins de rue. Un style Middleton ? \nCe manteau long à broderies bleues et blanches, vendu environ 80 euros par le géant espagnol, est un tel phénomène dans la capitale britannique qu'un compte Instagram lui est désormais dédié. Sur \" That Coat \", on peut le voir porté par des femmes de tous âges au bureau, au supermarché, à la gare, dans le métro, sur le plateau d'une émission de télévision, à un mariage ou encore à la terrasse d'un restaurant. \nAucun doute, c'est un succès. Entre lignes BCBG et motifs mode, c'est une pièce qu'auraient très bien pû porter Pippa ou Kate Middleton . Elle va aussi bien à une femme politique en campagne qu'à une jeune fille allant à l'université. Que les Londoniennes se rassurent, ce manteau de mi-saison et aux couleurs claires de l'été, ne devrait plus être aussi souvent aperçu dès l'arrivée de l'hiver. Zara lance une collection unisexe : En images Zara lance une collection unisexe \"That Coat\", le manteau Zara que toutes les Londoniennes s'arrachent - photo 1 Photo Zara Zara lance une collection unisexe \"That Coat\", le manteau Zara que toutes les Londoniennes s'arrachent - photo 2 Photo Zara Zara lance une collection unisexe \"That Coat\", le manteau Zara que toutes les Londoniennes s'arrachent - photo 3 Photo Zara Zara lance une collection unisexe \"That Coat\", le manteau Zara que toutes les Londoniennes s'arrachent - photo 4 Photo Zara ", "external_links": [], "published": "2016-09-27T18:24:00.000+03:00", "crawled": "2016-10-03T17:17:35.629+03:00", "highlightTitle": ""}