{"organizations": [], "uuid": "849cc50136b69c1bb930c6727cb0d224cbe6a14a", "thread": {"social": {"gplus": {"shares": 0}, "pinterest": {"shares": 0}, "vk": {"shares": 0}, "linkedin": {"shares": 0}, "facebook": {"likes": 0, "shares": 0, "comments": 0}, "stumbledupon": {"shares": 0}}, "site_full": "finance.orange.fr", "main_image": "http://media3.woopic.com/493/f/470x264/q/85/fd/p/newsweb-finance-article|024|43d|06f13a1d67a11c37f9964e36f6/edf-michele-rousseau-succede-a-gerard-magnin-en-qualite-d-administratrice|l_edf-tarif-reglementes-energies.jpg", "site_section": "", "section_title": "", "url": "http://finance.orange.fr/bourse/article/edf-michele-rousseau-succede-a-gerard-magnin-en-qualite-d-administratrice-CNT000000uwHAY.html", "country": "FR", "domain_rank": 208, "title": "EDF : Michèle Rousseau succède à Gérard Magnin en qualité d'administratrice sur Orange Finance", "performance_score": 0, "site": "orange.fr", "participants_count": 0, "title_full": "EDF : Michèle Rousseau succède à Gérard Magnin en qualité d'administratrice sur Orange Finance", "spam_score": 0.227, "site_type": "news", "published": "2016-10-01T22:41:00.000+03:00", "replies_count": 0, "uuid": "849cc50136b69c1bb930c6727cb0d224cbe6a14a"}, "author": "", "url": "http://finance.orange.fr/bourse/article/edf-michele-rousseau-succede-a-gerard-magnin-en-qualite-d-administratrice-CNT000000uwHAY.html", "ord_in_thread": 0, "title": "EDF : Michèle Rousseau succède à Gérard Magnin en qualité d'administratrice sur Orange Finance", "locations": [], "entities": {"persons": [], "locations": [], "organizations": []}, "highlightText": "", "language": "french", "persons": [], "text": "Une administratrice de Sanofi démissionne Boursier.com, publié le samedi 01 octobre 2016 à 14h41 \nLe Conseil d'administration d' EDF , réuni le 30 septembre sous la présidence de Jean-Bernard Lévy (Président-Directeur Général) a décidé de coopter Mme Michèle Rousseau (59 ans) en qualité d'administratrice. Elle remplacera Gérard Magnin, démissionnaire. Cette nomination vaut pour la durée du mandat restant à courir de ce dernier, soit jusqu'à l'Assemblée générale ordinaire qui statuera sur les comptes de l'exercice clos le 31 décembre 2018. \nAinsi, EDF atteint, dès l'exercice 2016, la proportion de 40% de femmes au sein du Conseil d'administration requise par la loi en 2017. \nMichèle Rousseau a débuté sa carrière en 1983 à la Drire Nord-Pas de Calais en qualité de Chef de la division environnement. Elle a ensuite occupé divers postes au sein de ministères avant d'être nommée, en 2011, directrice générale de l'Agence de l'eau Seine-Normandie. Elle a rejoint en 2016 le Conseil général de l'environnement et du développement durable où elle présidente la Mission régionale d'autorité environnementale (MRAe) Haut-de-France. Publicité ", "external_links": [], "published": "2016-10-01T22:41:00.000+03:00", "crawled": "2016-10-01T22:41:32.536+03:00", "highlightTitle": ""}