{"organizations": [], "uuid": "8aa77118c9876c35a3a3bdc961faa8bd20981ce6", "thread": {"social": {"gplus": {"shares": 0}, "pinterest": {"shares": 0}, "vk": {"shares": 0}, "linkedin": {"shares": 0}, "facebook": {"likes": 13, "shares": 13, "comments": 0}, "stumbledupon": {"shares": 0}}, "site_full": "fr.news.yahoo.com", "main_image": "https://s.yimg.com/uu/api/res/1.2/cvIUqJx48GMbKymeyqqQ2g--/aD02OTg7dz0xMDI0O3NtPTE7YXBwaWQ9eXRhY2h5b24-/http://media.zenfs.com/fr_FR/News/20minutes/Attentat_de_Nice_Pourquoi_le-d2c20073bab5b6182dd61781e9b9af20", "site_section": "https://fr.news.yahoo.com/france/?format=rss", "section_title": "News France | Actualités & informations - Yahoo Actualités FR", "url": "https://fr.news.yahoo.com/attentat-nice-pourquoi-tueur-mohamed-lahouaiej-bouhlel-t-082009729.html", "country": "US", "domain_rank": 5, "title": "Attentat de Nice: Pourquoi le tueur Mohamed Lahouaiej Bouhlel a-t-il laissé autant d’indices?", "performance_score": 0, "site": "yahoo.com", "participants_count": 9, "title_full": "Attentat de Nice: Pourquoi le tueur Mohamed Lahouaiej Bouhlel a-t-il laissé autant d’indices?", "spam_score": 0.0, "site_type": "news", "published": "2016-10-03T03:00:00.000+03:00", "replies_count": 10, "uuid": "8aa77118c9876c35a3a3bdc961faa8bd20981ce6"}, "author": "", "url": "https://fr.news.yahoo.com/attentat-nice-pourquoi-tueur-mohamed-lahouaiej-bouhlel-t-082009729.html", "ord_in_thread": 0, "title": "Attentat de Nice: Pourquoi le tueur Mohamed Lahouaiej Bouhlel a-t-il laissé autant d’indices?", "locations": [], "entities": {"persons": [], "locations": [], "organizations": []}, "highlightText": "", "language": "french", "persons": [], "text": "ENQUETE - La profusion d’éléments laissés par le tueur de Nice intrigue de plus en plus les policiers… Plus de deux mois après l’attentat de Nice qui a coûté la vie à 86 personnes,\nl’enquête se poursuit avec encore de nombreuses zones d’ombre. Les enquêteurs se posent aujourd’hui beaucoup de questions, notamment sur le très grand nombre d’indices laissé par\nle tueur, Mohamed Salmene Lahouaiej Bouhlel.\n>> A lire aussi : Le scénario, heure par heure, de l’attaque au camion sur la Promenade des Anglais \nQuelques minutes avant de passer à l’acte, ce dernier aurait en effet envoyé un étrange SMS très détaillé dévoilant le nom de plusieurs de ses « complices » présumés, révèle Le Monde. A 22 h 27, Mohamed Lahouaiej Bouhlel aurait écrit : « Ramzy, je suis passé tout à l’heure au Taxiphone rue Marceau, je t’ai pas trouvé. Je voulais te dire que le pistolet que tu m’as donné avant-hier est très bien. Dis à ton copain qui habite au 7, rue Miollis au 5e étage qu’il nous [en] ramène cinq. Chokri est ses amis sont prêts pour le mois prochain maintenant ils sont chez Walid ».\nDes textos et des photos à profusion\nEn un seul message, le tueur parle ainsi de trois de ses complices, et évoque l’adresse d’un quatrième en précisant même l’étage de son appartement. Mieux encore, Mohamed Lahouaiej Bouhlel prend le soin de photographier une feuille où sont inscrits plusieurs\nnuméros de téléphone, alors que certains figurent déjà dans le répertoire de son portable. Pour les enquêteurs, toutes ces informations semblent avoir été volontairement laissées par le tueur.\n>> A lire aussi : Dragueur, violent, non-pratiquant... Le mystère reste entier autour de la personnalité de Mohamed Lahouaiej Bouhel \nD’autres indices découverts après le massacre ajoutent du crédit à cette thèse. Les policiers ont en effet retrouvé dans son téléphone de nombreuses photos prises\nà bord ou à proximité du camion qui a servi à commettre le massacre. Dès le 11 juillet, date à (...) Lire la suite sur 20minutes.fr \n\nCollège: Une association milite pour supprimer les devoirs à la maison \nLe Brexit peut-il avoir des conséquences sur la sécurité européenne? \nVIDEO. Najat Vallaud-Belkacem répond au pape sur la «théorie du genre» dans les manuels scolaires \nCondamné pour incitation à commettre un attentat : «On se fend la poire sur Telegram» \nTéléchargez gratuitement l'application iPhone 20 Minutes", "external_links": [], "published": "2016-10-03T03:00:00.000+03:00", "crawled": "2016-10-03T13:49:43.736+03:00", "highlightTitle": ""}