{"organizations": [], "uuid": "7ab5eaf273c9b999dd36cd698e6432d2558b783e", "thread": {"social": {"gplus": {"shares": 0}, "pinterest": {"shares": 0}, "vk": {"shares": 0}, "linkedin": {"shares": 0}, "facebook": {"likes": 0, "shares": 0, "comments": 0}, "stumbledupon": {"shares": 0}}, "site_full": "fr.motorsport.com", "main_image": "http://cdn-1.motorsport.com/static/img/vmt/0/70000/76000/76000/76051/s1_1.jpg", "site_section": "http://fr.motorsport.com/rss/category/monoplace/videos", "section_title": "Motorsport.com - MONOPLACE - Vidéos", "url": "http://fr.motorsport.com/formula-e/video/main-gallery/un-tour-du-circuit-de-hong-kong-en-virtuel-76051/", "country": "US", "domain_rank": 6573, "title": "Un tour du circuit de Hong Kong en virtuel", "performance_score": 0, "site": "motorsport.com", "participants_count": 0, "title_full": "Un tour du circuit de Hong Kong en virtuel", "spam_score": 0.0, "site_type": "news", "published": "2016-10-03T21:44:00.000+03:00", "replies_count": 0, "uuid": "7ab5eaf273c9b999dd36cd698e6432d2558b783e"}, "author": "", "url": "http://fr.motorsport.com/formula-e/video/main-gallery/un-tour-du-circuit-de-hong-kong-en-virtuel-76051/", "ord_in_thread": 0, "title": "Un tour du circuit de Hong Kong en virtuel", "locations": [], "entities": {"persons": [], "locations": [], "organizations": []}, "highlightText": "", "language": "french", "persons": [], "text": "Un tour du circuit de Hong Kong en virtuel Description \nDécouvrez le circuit de Hong Kong, théâtre de la première manche de la saison 2016-2017 de Formule E, avec ce tour en caméra embarquée virtuelle ! A propos de cette vidéo Vidéo de Chargement Retour en haut Ce site utilise des cookies pour vous permettre de profiter de la meilleure expérience sur notre site internet. En fermant cette bannière ou en descendant sur cette page, vous consentez à l'utilisation des cookies. Plus d'infos Accepter \nInscrivez-vous pour des contenus exclusifs de sports mécaniques, et bien plus encore !", "external_links": [], "published": "2016-10-03T21:44:00.000+03:00", "crawled": "2016-10-03T19:58:44.208+03:00", "highlightTitle": ""}