{"organizations": [], "uuid": "0e3e6fcd60624a4e1c99c98de216abead236c92e", "thread": {"social": {"gplus": {"shares": 0}, "pinterest": {"shares": 0}, "vk": {"shares": 0}, "linkedin": {"shares": 0}, "facebook": {"likes": 0, "shares": 0, "comments": 0}, "stumbledupon": {"shares": 0}}, "site_full": "www.businesswire.com", "main_image": "", "site_section": "http://feed.businesswire.com/rss/fr/?rss=G1QFDERJXkJeGVtYVA==", "section_title": "Business Wire French Language News", "url": "http://www.businesswire.com/news/home/20161003005546/fr/", "country": "US", "domain_rank": 5013, "title": "ETAM DÉVELOPPEMENT : DÉCLARATION DU NOMBRE D’ACTIONS ET DE DROITS DE VOTE", "performance_score": 0, "site": "businesswire.com", "participants_count": 0, "title_full": "ETAM DÉVELOPPEMENT : DÉCLARATION DU NOMBRE D’ACTIONS ET DE DROITS DE VOTE", "spam_score": 0.0, "site_type": "news", "published": "2016-10-03T23:45:00.000+03:00", "replies_count": 0, "uuid": "0e3e6fcd60624a4e1c99c98de216abead236c92e"}, "author": "", "url": "http://www.businesswire.com/news/home/20161003005546/fr/", "ord_in_thread": 0, "title": "ETAM DÉVELOPPEMENT : DÉCLARATION DU NOMBRE D’ACTIONS ET DE DROITS DE VOTE", "locations": [], "entities": {"persons": [], "locations": [], "organizations": []}, "highlightText": "", "language": "french", "persons": [], "text": "Total net (1) des droits de vote 13 695 709 \n(1) Total net = (nombre total des droits de vote attachés au nombre total d’actions) – (actions privées de droit de vote : auto détention, etc.) Etam DéveloppementSociété en commandite par actions au capital de 10 961 739 euros – R.C.S. PARIS 308 382 035Siège social : 78, rue de Rivoli, 75004 Paris – France / Adresse postale : 57-59, rue Henri Barbusse, 92110 CLICHY FRANCE Contacts", "external_links": [], "published": "2016-10-03T23:45:00.000+03:00", "crawled": "2016-10-03T21:37:50.724+03:00", "highlightTitle": ""}