{"organizations": [], "uuid": "4ee3d7439cb11fa98c6ee711d8f0a39865f0c31c", "thread": {"social": {"gplus": {"shares": 0}, "pinterest": {"shares": 0}, "vk": {"shares": 0}, "linkedin": {"shares": 0}, "facebook": {"likes": 0, "shares": 0, "comments": 0}, "stumbledupon": {"shares": 0}}, "site_full": "affaires.lapresse.ca", "main_image": "http://images.lpcdn.ca/924x615/201606/22/1217004-eventuellement-quebec-veut-reglementer-toutes.jpg", "site_section": "http://www.lapresse.ca/rss/225.xml", "section_title": "LaPresse.ca - Accueil manchettes", "url": "http://affaires.lapresse.ca/economie/energie-et-ressources/201610/03/01-5026845-une-premiere-station-multicarburants-au-quebec-dici-la-fin-2018.php", "country": "CA", "domain_rank": 5430, "title": "Une première station multicarburants au Québec d'ici la fin 2018", "performance_score": 0, "site": "lapresse.ca", "participants_count": 1, "title_full": "Une première station multicarburants au Québec d'ici la fin 2018", "spam_score": 0.0, "site_type": "news", "published": "2016-10-03T23:29:00.000+03:00", "replies_count": 0, "uuid": "4ee3d7439cb11fa98c6ee711d8f0a39865f0c31c"}, "author": "Lia Lévesque", "url": "http://affaires.lapresse.ca/economie/energie-et-ressources/201610/03/01-5026845-une-premiere-station-multicarburants-au-quebec-dici-la-fin-2018.php", "ord_in_thread": 0, "title": "Une première station multicarburants au Québec d'ici la fin 2018", "locations": [], "entities": {"persons": [], "locations": [], "organizations": []}, "highlightText": "", "language": "french", "persons": [], "text": "Une première station multicarburants au Québec d'ici la fin 2018 Une première station multicarburants au Québec d'ici la fin 2018 Éventuellement, Québec veut réglementer toutes les stations-service en voie d'être rénovées ou nouvelles afin de les pousser vers les multicarburants. Photothèque Le Soleil La Presse CanadienneMontréal Des véhicules électriques qui vont «faire le plein» d'énergie aux côtés de véhicules alimentés à l'hydrogène, au propane ou au gaz naturel dans la même station-service. Cette vision du futur verra le jour d'ici la fin de 2018 au Québec. \nLe ministre des Ressources naturelles et de l'Énergie, Pierre Arcand, a en effet annoncé lundi à Montréal un projet pilote pour implanter des stations multicarburants, dont la première d'ici la fin de 2018. \nQuatre régions ont été choisies, soit Montréal, Québec, l'Estrie et l'Outaouais. \nC'est un comité qui verra au bon fonctionnement du projet, piloté par Québec et par la Coop fédérée, qui s'est adjoint plusieurs partenaires, soit Gaz Métro, Hydro-Québec, Air Liquide, Toyota Canada et Énergie Sonic, qui est une filiale de la Coop fédérée. \nÉventuellement, Québec veut réglementer toutes les stations-service en voie d'être rénovées ou nouvelles afin de les pousser vers les multicarburants. Partager", "external_links": [], "published": "2016-10-03T23:29:00.000+03:00", "crawled": "2016-10-03T19:28:02.976+03:00", "highlightTitle": ""}