{"organizations": [], "uuid": "190a00c667935f60c7d213f6c8f48c2031d8e155", "thread": {"social": {"gplus": {"shares": 1}, "pinterest": {"shares": 0}, "vk": {"shares": 0}, "linkedin": {"shares": 0}, "facebook": {"likes": 3, "shares": 3, "comments": 0}, "stumbledupon": {"shares": 0}}, "site_full": "fr.euronews.com", "main_image": "http://static.euronews.com/articles/345511/1000x563_345511.jpg", "site_section": "http://feeds.feedburner.com/euronews/fr/home", "section_title": "Flux RSS Euronews", "url": "http://fr.euronews.com/2016/10/02/la-jamaique-se-prepare-a-l-ouragan-matthew", "country": "FR", "domain_rank": 4015, "title": "La Jamaïque se prépare à l'ouragan Matthew", "performance_score": 0, "site": "euronews.com", "participants_count": 0, "title_full": "La Jamaïque se prépare à l'ouragan Matthew", "spam_score": 0.0, "site_type": "news", "published": "2016-10-02T10:58:00.000+03:00", "replies_count": 0, "uuid": "190a00c667935f60c7d213f6c8f48c2031d8e155"}, "author": "", "url": "http://fr.euronews.com/2016/10/02/la-jamaique-se-prepare-a-l-ouragan-matthew", "ord_in_thread": 0, "title": "La Jamaïque se prépare à l'ouragan Matthew", "locations": [], "entities": {"persons": [], "locations": [], "organizations": []}, "highlightText": "", "language": "french", "persons": [], "text": "La Jamaïque se prépare à l'ouragan Matthew   02/10/2016 Euronews \nLe vent commence à se lever sur les côtes jamaïcaines. Selon les projections des météorologues, l’ouragan Matthew pourrait impacter l’ile dans les 48 heures. Classé catégorie 4 sur 5, la puissance de ses vents peut atteindre plus de 200 km/h. En 1988, Gilbert avait frappé la Jamaïque et fait plus de 40 morts, alors les autorités veulent se montrer à la hauteur et s’organisent. “Des gens vont peut être résister et nous demandons à nos citoyens d’obtempérer. C’est dans leur propre intérêt car cela économisera des ressources qui seront précieuses durant la période d’urgence, quand ce sera plus difficile de réagir” , a déclaré Andrew Holness, le Premier ministre jamaïcain. Ouragan #Matthew Catégorie 4 Vents soutenus de 240 km/h Direction Haïti & Cuba Impact lundi 3 octobre Avis aux voyageurs pic.twitter.com/4BuZHs4Wjv — TOUJOULA (@toujoula) 2 octobre 2016 \nAprès plusieurs alertes à l’ouragan, qui au final n’ont produit que de la pluie, les habitants de l‘île se méfient désormais des consignes des autorités. D’importantes files d’attente se sont formées devant les stations essence ou les supermarchés. Haïti aussi devrait être frappé de plein fouet par l’ouragan. Le pays semble mal préparé. Seul une trentaine de pompiers sont actifs pour l’ensemble de l‘île. \nAvec AFP", "external_links": [], "published": "2016-10-02T10:58:00.000+03:00", "crawled": "2016-10-02T11:32:31.608+03:00", "highlightTitle": ""}