{"organizations": [], "uuid": "2666086a392af7cf4800351b45cfcb6620e80de0", "thread": {"social": {"gplus": {"shares": 0}, "pinterest": {"shares": 0}, "vk": {"shares": 0}, "linkedin": {"shares": 0}, "facebook": {"likes": 0, "shares": 0, "comments": 0}, "stumbledupon": {"shares": 0}}, "site_full": "www.anibis.ch", "main_image": "https://can01.anibis.ch/Autres-Seduisante-femme-black/?1024x728/3/90/anibis/348/785/016/2CEGmuYgqkOE7p22B4kCMA_1.jpg", "site_section": "http://anibis.ch//fr/erotique--15/rssexport.aspx", "section_title": "Petites annonces Erotique", "url": "http://www.anibis.ch/fr/erotique--15/seduisante-femme-black--16785348.aspx", "country": "CH", "domain_rank": 8918, "title": "Seduisante femme black", "performance_score": 0, "site": "anibis.ch", "participants_count": 0, "title_full": "Seduisante femme black", "spam_score": 0.0, "site_type": "news", "published": "2016-10-04T01:11:00.000+03:00", "replies_count": 0, "uuid": "2666086a392af7cf4800351b45cfcb6620e80de0"}, "author": "", "url": "http://www.anibis.ch/fr/erotique--15/seduisante-femme-black--16785348.aspx", "ord_in_thread": 0, "title": "Seduisante femme black", "locations": [], "entities": {"persons": [], "locations": [], "organizations": []}, "highlightText": "", "language": "french", "persons": [], "text": "Pouvez-vous nous indiquer l'article de loi? Illégal Merci d'indiquer le chapitre de notre CG? Interdit sur anibis.ch Pouvez-vous nous donner une preuve de ces insultes (copie d'email) Insulte Merci de nous donner le site original Contrefaçon Pouvez-vous nous donner l'URL du texte ou l'image original? Copyright Veuillez préciser la raison de votre signalement : Autre raison Si le prix n'est pas mentionné dans l'annonce, pouvez-vous nous donner une preuve (e-mail) ? Vénale", "external_links": [], "published": "2016-10-04T01:11:00.000+03:00", "crawled": "2016-10-03T20:15:08.430+03:00", "highlightTitle": ""}