{"organizations": [], "uuid": "094a55c42f357a24cf6286ae5565d8926b1146d6", "thread": {"social": {"gplus": {"shares": 0}, "pinterest": {"shares": 0}, "vk": {"shares": 0}, "linkedin": {"shares": 0}, "facebook": {"likes": 0, "shares": 0, "comments": 0}, "stumbledupon": {"shares": 0}}, "site_full": "www.anibis.ch", "main_image": "https://can01.anibis.ch/Tapis-de-course-Tapis-de-course-electrique/?1024x728/3/90/anibis/967/762/016/QvhtWJ4yU0CT9QzALFCq4A_1.jpg", "site_section": "http://anibis.ch//fr/sport-loisirs--30/rssexport.aspx", "section_title": "Petites annonces Sport - Loisirs", "url": "http://www.anibis.ch/fr/sport-loisirs--30/tapis-de-course-%c3%a9lectrique--16762967.aspx", "country": "CH", "domain_rank": 8918, "title": "Tapis de course électrique", "performance_score": 0, "site": "anibis.ch", "participants_count": 0, "title_full": "Tapis de course électrique", "spam_score": 0.0, "site_type": "news", "published": "2016-10-02T01:20:00.000+03:00", "replies_count": 0, "uuid": "094a55c42f357a24cf6286ae5565d8926b1146d6"}, "author": "", "url": "http://www.anibis.ch/fr/sport-loisirs--30/tapis-de-course-%c3%a9lectrique--16762967.aspx", "ord_in_thread": 0, "title": "Tapis de course électrique", "locations": [], "entities": {"persons": [], "locations": [], "organizations": []}, "highlightText": "", "language": "french", "persons": [], "text": "À venir chercher sur courtelary Plus CHF 30.- pour livraison à domicile Appareil de fitness idéal pour une utilisation par particulier Couleur conformément à l'image Ecran moderne et visible avec affichage de la vitesse, du temps, de la distance, des calories consommées, etc. Poignées ergonomiques Incl. bouton d'arrêt d'urgence en cas de danger Facile à transporter Facile à ouvrir et à fermer Charge maximale : 100 kg", "external_links": [], "published": "2016-10-02T01:20:00.000+03:00", "crawled": "2016-10-01T21:50:05.549+03:00", "highlightTitle": ""}