{"organizations": [], "uuid": "09f8e9facc8fc86a25c17cc68daeaefd684bb270", "thread": {"social": {"gplus": {"shares": 0}, "pinterest": {"shares": 0}, "vk": {"shares": 0}, "linkedin": {"shares": 0}, "facebook": {"likes": 0, "shares": 0, "comments": 0}, "stumbledupon": {"shares": 0}}, "site_full": "www.anibis.ch", "main_image": "https://can01.anibis.ch/VTT---Mountainbikes-Velo-freeride-DH/?1024x728/3/90/anibis/376/786/016/Eaqn3xecUEa4G5VGZtTEdA_1.jpg", "site_section": "http://anibis.ch//fr/moto-,-v%c3%a9lo--11/rssexport.aspx", "section_title": "Petites annonces Moto & vélo", "url": "http://www.anibis.ch/fr/moto-~-v%c3%a9lo--11/velo-freeride-dh--16786376.aspx", "country": "CH", "domain_rank": 8918, "title": "Velo freeride DH", "performance_score": 0, "site": "anibis.ch", "participants_count": 0, "title_full": "Velo freeride DH", "spam_score": 0.0, "site_type": "news", "published": "2016-10-04T02:33:00.000+03:00", "replies_count": 0, "uuid": "09f8e9facc8fc86a25c17cc68daeaefd684bb270"}, "author": "", "url": "http://www.anibis.ch/fr/moto-~-v%c3%a9lo--11/velo-freeride-dh--16786376.aspx", "ord_in_thread": 0, "title": "Velo freeride DH", "locations": [], "entities": {"persons": [], "locations": [], "organizations": []}, "highlightText": "", "language": "french", "persons": [], "text": "Pouvez-vous nous indiquer l'article de loi? Illégal Merci d'indiquer le chapitre de notre CG? Interdit sur anibis.ch Pouvez-vous nous donner une preuve de ces insultes (copie d'email) Insulte Merci de nous donner le site original Contrefaçon Pouvez-vous nous donner l'URL du texte ou l'image original? Copyright Veuillez préciser la raison de votre signalement : Autre raison", "external_links": [], "published": "2016-10-04T02:33:00.000+03:00", "crawled": "2016-10-03T22:23:33.240+03:00", "highlightTitle": ""}