{"organizations": [], "uuid": "709dc9c48c61d3935e228340a689bb9151e11f6a", "thread": {"social": {"gplus": {"shares": 0}, "pinterest": {"shares": 0}, "vk": {"shares": 0}, "linkedin": {"shares": 0}, "facebook": {"likes": 0, "shares": 0, "comments": 0}, "stumbledupon": {"shares": 0}}, "site_full": "www.ladepeche.fr", "main_image": "http://static.ladepeche.fr/content/media/image/zoom/2016/09/30/designated-surv-7fc78125358-original.jpg", "site_section": "http://www.ladepeche.fr/tv-people/tele-medias/", "section_title": "Télé - Programme TLT, Médias, actualités TV - ladepeche.fr", "url": "http://www.ladepeche.fr/article/2016/09/30/2429930-retour-gagnant-pour-kiefer-sutherland-avec-designated-survivor.html", "country": "FR", "domain_rank": 5847, "title": "Retour gagnant pour Kiefer Sutherland avec \"Designated Survivor\" - 30/09/2016", "performance_score": 0, "site": "ladepeche.fr", "participants_count": 1, "title_full": "Retour gagnant pour Kiefer Sutherland avec \"Designated Survivor\" - 30/09/2016 - ladepeche.fr", "spam_score": 0.0, "site_type": "news", "published": "2016-09-30T15:50:00.000+03:00", "replies_count": 0, "uuid": "709dc9c48c61d3935e228340a689bb9151e11f6a"}, "author": "RelaxNews", "url": "http://www.ladepeche.fr/article/2016/09/30/2429930-retour-gagnant-pour-kiefer-sutherland-avec-designated-survivor.html", "ord_in_thread": 0, "title": "Retour gagnant pour Kiefer Sutherland avec \"Designated Survivor\" - 30/09/2016", "locations": [], "entities": {"persons": [], "locations": [], "organizations": []}, "highlightText": "", "language": "french", "persons": [], "text": "La nouvelle série de l'ancienne star de \"24 Heures Chrono\" est assurée de rester une saison complète sur ABC suite à de bonnes audiences, a annoncé la chaîne américaine.\nLancé le 21 septembre dernier à la télévision américaine, \"Designated Survivor\" a obtenu la commande de neuf épisodes supplémentaires qui lui permettront de rester une saison complète, soit 22 épisodes, à l'antenne.\nABC a pris cette décision après la diffusion des deux premiers épisodes, les 21 et 28 septembre derniers. Le pilote a très bien fonctionné auprès des Américains avec 15,3 millions de téléspectateurs, en comptant les replays et les enregistrements numériques à J+3. Le suivant a attiré huit millions de personnes en direct.\nLa série place Kiefer Sutherland dans la peau de Tom Kirkman, secrétaire au Logement et au Développement urbain, l'un des rares survivants d'une attaque terroriste visant le Capitole et le président des Etats-Unis. Du jour au lendemain, ce membre du cabinet présidentiel est désigné comme le \"Designated Survivor\", l'homme qui occupera désormais le Bureau ovale.\nABC a réservé un sort similaire à \"Spechless\", nouveauté portée par Minnie Driver. Plus tôt cette semaine, NBC avait décidé d'accorder une saison complète à \"This is us\".", "external_links": [], "published": "2016-09-30T15:50:00.000+03:00", "crawled": "2016-10-02T00:25:15.713+03:00", "highlightTitle": ""}