{"organizations": [], "uuid": "40fb50a208e0402e9505dc4ee9218a307f5a457b", "thread": {"social": {"gplus": {"shares": 0}, "pinterest": {"shares": 0}, "vk": {"shares": 0}, "linkedin": {"shares": 0}, "facebook": {"likes": 0, "shares": 0, "comments": 0}, "stumbledupon": {"shares": 0}}, "site_full": "www.anibis.ch", "main_image": "http://www.anibis.ch/img/anibis-logo-share.png", "site_section": "http://anibis.ch//fr/perdus-trouv%c3%a9s--25/rssexport.aspx", "section_title": "Petites annonces Perdus - Trouvés", "url": "http://www.anibis.ch/fr/perdus-trouv%c3%a9s--25/j'ai-perdu-mon-porte-monnaie-dans-le-train--16764120.aspx", "country": "CH", "domain_rank": 8918, "title": "J'ai perdu mon porte monnaie dans le train", "performance_score": 0, "site": "anibis.ch", "participants_count": 0, "title_full": "J'ai perdu mon porte monnaie dans le train", "spam_score": 0.0, "site_type": "news", "published": "2016-10-02T04:52:00.000+03:00", "replies_count": 0, "uuid": "40fb50a208e0402e9505dc4ee9218a307f5a457b"}, "author": "", "url": "http://www.anibis.ch/fr/perdus-trouv%c3%a9s--25/j'ai-perdu-mon-porte-monnaie-dans-le-train--16764120.aspx", "ord_in_thread": 0, "title": "J'ai perdu mon porte monnaie dans le train", "locations": [], "entities": {"persons": [], "locations": [], "organizations": []}, "highlightText": "", "language": "french", "persons": [], "text": "J'ai perdu mon porte monnaie dans le train Type d'insertion: \nLe vendredi à 16h j'ai oublier mon porte monnaie dans le train qui dais payerne-Morat. \nDedans se trouvais des sous et mes cartes au nom de Sébastien Rey \nSi par le plus grand des hasard vous l'avez récupérer, vu merci de me contacter  ", "external_links": [], "published": "2016-10-02T04:52:00.000+03:00", "crawled": "2016-10-02T00:39:32.245+03:00", "highlightTitle": ""}