{"organizations": [], "uuid": "95887a74dffd4a208309ac927ec846ea4d254716", "thread": {"social": {"gplus": {"shares": 0}, "pinterest": {"shares": 0}, "vk": {"shares": 0}, "linkedin": {"shares": 0}, "facebook": {"likes": 11, "shares": 11, "comments": 0}, "stumbledupon": {"shares": 0}}, "site_full": "actu.orange.fr", "main_image": "http://media1.woopic.com/api/v1/images/661%2Fafp-news%2Fb00%2F72a%2F54c26a0ca5e7627b833d3956bc%2Ffrancois-morel-le-melancomique-de-retour-en-chansons%7C9600963410262fb6c5788ade5447784848cd426d-highDef.jpg?format=470x264&amp;facedetect=1&amp;quality=85", "site_section": "", "section_title": "", "url": "http://actu.orange.fr/societe/culture/francois-morel-le-melancomique-de-retour-en-chansons-CNT000000uvUnY.html", "country": "FR", "domain_rank": 208, "title": "François Morel, le \"mélancomique\", de retour en chansons sur Orange Actualités", "performance_score": 0, "site": "orange.fr", "participants_count": 0, "title_full": "François Morel, le \"mélancomique\", de retour en chansons sur Orange Actualités", "spam_score": 0.208, "site_type": "news", "published": "2016-10-01T16:57:00.000+03:00", "replies_count": 0, "uuid": "95887a74dffd4a208309ac927ec846ea4d254716"}, "author": "", "url": "http://actu.orange.fr/societe/culture/francois-morel-le-melancomique-de-retour-en-chansons-CNT000000uvUnY.html", "ord_in_thread": 0, "title": "François Morel, le \"mélancomique\", de retour en chansons sur Orange Actualités", "locations": [], "entities": {"persons": [], "locations": [], "organizations": []}, "highlightText": "", "language": "french", "persons": [], "text": "E. Macron : \"Le PS est dirigé par des gens qui ne veulent pas le moderniser\" AFP, publié le samedi 01 octobre 2016 à 08h57 Musique: François Morel est de retour en chansons avec un nouvel album à son image, à la fois optimiste et teinté de mélancolie \nLa \"fin du monde\", titre de son dernier spectacle, n'ayant pas eu lieu, François Morel est de retour. En chansons, cette fois, avec un nouvel album à son image, à la fois optimiste et teinté de mélancolie. \nLa scène, François Morel la retrouve à partir de mardi pour 28 concerts au théâtre du Rond-Point à Paris, avant de partir en tournée. \nRévélé en 1988 dans le rôle du groom de la série TV \"Palace\" de Jean-Michel Ribes et pensionnaire des Deschiens, la troupe de Jérôme Deschamps et Macha Makeïeff, François Morel s'est transformé en touche-à-tout surdoué, à la fois comédien, chanteur, parolier, écrivain et chroniqueur sur France Inter depuis 2009. \nAu lendemain des attentats parisiens de novembre 2015, son émouvant appel en direct sur les ondes à \"ne renoncer à rien\" avait fait du bien: \"Ne renoncer à rien ! Surtout pas au Chablis, surtout pas à l'esprit, ni au théâtre, aux terrasses de café, à la musique, à l'amitié, aux feuilles de menthe et aux citrons verts dans les mojitos, aux promenades dans Paris...\". \nUn an plus tard, avec la même fougue, François Morel revient avec dix-huit chansons pour célébrer la vie. Des refrains tour à tour tendres, drôles, fantaisistes, poétiques, avec des clins d'œil à l'actualité, dont il signe les textes et que son complice artistique Antoine Sahler a mis en musique. \nDans \"Selon la police\", titre guilleret et mutin, François Morel chante : \"Nous étions presque un milliard/Selon les organisateurs/A convoiter son regard/Selon la police (...) Entre Nation et République/Selon les organisateurs/J'acquis un grand sens politique/Selon la police/Dans le genre lubrique...\" \n- La vie... \"provisoire par définition\" - \n\"L'album s'intitule +La vie (titre provisoire)+, car la vie ne peut être que provisoire, par définition\", explique à l'AFP le lauréat 2013 du prix Raymond Devos de la langue française. \n\"Je raconte souvent les mêmes choses dans mes différents registres. En changeant de support, on ne se rend pas compte de l'imposture !\", s'amuse cet amoureux du music-hall, fasciné depuis toujours par les artistes multicartes comme Francis Blanche ou Boris Vian. \n\"J'ai une liberté totale. Sur France Inter, aussi : je suis même libre de ne pas être drôle !\", se félicite-t-il. \"Après les attentats, j'ai eu besoin d'écrire et de créer, comme une réconciliation avec le fait d'exister, dans un désir immense de consolation... La plupart des titres évoquent d'ailleurs une tradition de la chanson réaliste\". \nAmoureux des comédies italiennes qui mélangent rires et larmes, François Morel revendique plus que jamais son statut de \"mélancomique\", expression empruntée à Guy Bedos. \nAvec lui, le quotidien est volontiers réenchanté. Dans la chanson \"Ce baiser\", il endosse ainsi l'habit sur mesures du romantique absolu : \"Ce doux baiser que vous m'avez donné/Ce cadeau de roi, plus précieux qu'un bijou en or/J'ai peur qu'il manque à vos années/Ce serait un délice de vous le rétrocéder\". \nPour faire vivre cet album en récital, François Morel a enrôlé une nouvelle fois pour la mise en scène sa grande amie et complice la chanteuse Juliette. \"On travaille vite et bien ensemble, on s'amuse beaucoup !\", confie-t-il à l'heure de s'installer au théâtre du Rond-Point. Publicité ", "external_links": [], "published": "2016-10-01T16:57:00.000+03:00", "crawled": "2016-10-01T10:55:19.650+03:00", "highlightTitle": ""}