{"organizations": [], "uuid": "4e219453d02b9254142de1d4e838b7373b2291c7", "thread": {"social": {"gplus": {"shares": 0}, "pinterest": {"shares": 0}, "vk": {"shares": 0}, "linkedin": {"shares": 0}, "facebook": {"likes": 1, "shares": 1, "comments": 0}, "stumbledupon": {"shares": 0}}, "site_full": "www.lefigaro.fr", "main_image": "http://i.f1g.fr/media/figaro/orig/2016/10/03/XVM7c4d9a7a-894b-11e6-8bce-57b23a9183a7.jpg", "site_section": "http://www.lefigaro.fr/rss/figaro_societes.xml", "section_title": "LE FIGARO - Le Figaro - Bourse de Paris : Actualité financière, cotations et cours en direct", "url": "http://www.lefigaro.fr/societes/2016/10/03/20005-20161003ARTFIG00089-dfs-s-adapte-aux-soubresauts-du-marche-a-hongkong-et-macao.php", "country": "FR", "domain_rank": 1013, "title": "DFS s'adapte aux soubresauts du marché à Hongkong et Macao", "performance_score": 0, "site": "lefigaro.fr", "participants_count": 1, "title_full": "DFS s'adapte aux soubresauts du marché à Hongkong et Macao", "spam_score": 0.0, "site_type": "news", "published": "2016-10-03T17:31:00.000+03:00", "replies_count": 0, "uuid": "4e219453d02b9254142de1d4e838b7373b2291c7"}, "author": "iletessier@lefigaro.fr", "url": "http://www.lefigaro.fr/societes/2016/10/03/20005-20161003ARTFIG00089-dfs-s-adapte-aux-soubresauts-du-marche-a-hongkong-et-macao.php", "ord_in_thread": 0, "title": "DFS s'adapte aux soubresauts du marché à Hongkong et Macao", "locations": [], "entities": {"persons": [], "locations": [], "organizations": []}, "highlightText": "", "language": "french", "persons": [], "text": "Publié le 03/10/2016 à 11:31 \nLe magasin T Galleria de Hongkong distribue les produits de luxe de LVMH. Crédits photo : SAMANTHA SIN/AFP Alors que les riches touristes chinois privilégient d'autres destinations, la filiale de LVMH, pilier du pôle de distribution de l'empire dirigé par Bernard Arnault en Asie, réorganise son offre. \nC'est sans doute la filiale la plus méconnue de LVMH. Fondée en 1960 et contrôlée à 61 % par le leader mondial du luxe depuis 1997, DFS (acronyme de Duty Free Stores) exploite plus de 400 boutiques dans 17 aéroports ainsi que 18 grands magasins T Galleria, tous situés en centre-ville dans de grandes destinations touristiques, principalement en Asie. \nPilier du pôle de distribution de l'empire dirigé par Bernard Arnault, qui regroupe également Sephora et Le Bon Marché, ... Cet article a été publié dans l'édition du Figaro du 03/10/2016 .", "external_links": [], "published": "2016-10-03T17:31:00.000+03:00", "crawled": "2016-10-03T13:12:46.471+03:00", "highlightTitle": ""}