{"organizations": [], "uuid": "ad54b612bb1acc55898179fa1315441da3069405", "thread": {"social": {"gplus": {"shares": 0}, "pinterest": {"shares": 0}, "vk": {"shares": 0}, "linkedin": {"shares": 11}, "facebook": {"likes": 14, "shares": 14, "comments": 0}, "stumbledupon": {"shares": 0}}, "site_full": "www.lemonde.fr", "main_image": "http://s1.lemde.fr/image/2016/10/01/644x322/5006575_3_10b7_la-financial-conduct-authority-le-regulateur_993a60206a0d14572bb609a15c2c95fc.jpg", "site_section": "", "section_title": "", "url": "http://www.lemonde.fr/economie/article/2016/10/01/brexit-la-city-se-prepare-au-pire_5006578_3234.html", "country": "FR", "domain_rank": 944, "title": "Brexit : la City se prépare au pire", "performance_score": 0, "site": "lemonde.fr", "participants_count": 0, "title_full": "Brexit : la City se prépare au pire", "spam_score": 0.205, "site_type": "news", "published": "2016-10-01T17:42:00.000+03:00", "replies_count": 0, "uuid": "ad54b612bb1acc55898179fa1315441da3069405"}, "author": "Eric Albert", "url": "http://www.lemonde.fr/economie/article/2016/10/01/brexit-la-city-se-prepare-au-pire_5006578_3234.html", "ord_in_thread": 0, "title": "Brexit : la City se prépare au pire", "locations": [], "entities": {"persons": [], "locations": [], "organizations": []}, "highlightText": "", "language": "french", "persons": [], "text": "Brexit : la City se prépare au pire Le Monde | | Par Eric Albert (Londres, correspondance) \nL’ambiance est lourde dans le palais de Guildhall depuis le vote en faveur du Brexit. Ce splendide bâtiment, dont les fondations remontent aux Romains, abrite aujourd’hui la corporation de la City, institution millénaire, qui défend désormais les intérêts du centre financier. \nMark Boleat, son « directeur des politiques », en est le lobbyiste en chef. Très actif pour le « Remain » pendant la campagne du référendum, il ne cache pas sa déception face au résultat. Cent jours après le vote, il est même de plus en plus inquiet. Selon lui, le « Brexit hard » sera difficile à éviter. « C’est une vraie possibilité, et ce serait mauvais pour la City » , confie-t-il dans un entretien au Monde. \nEn clair, il sera très dur pour le Royaume-Uni de conserver le fameux « passeport financier » qui permet aux entreprises sises à Londres de vendre leurs produits financiers à travers l’Union européenne (UE). « Il est clair que nous allons perdre des emplois, qui vont partir en Europe. La vraie question est combien. Notre espoir est que ce soit très peu. » Il rappelle néanmoins que « certains estiment que 50 000 personnes pourraient être concernées » . Les grandes institutions financières se mobilisent \nL’importance du passeport financier a été détaillée le 20 septembre par la Financial Conduct Authority, le régulateur financier britannique. Celui-ci a dévoilé que 5 500 entreprises basées au Royaume-Uni en faisaient l’usage. Elles emploient au... L’accès à la totalité de l’article est protégé Déjà abonné ? Identifiez-vous Brexit : la City se prépare au pire Il vous reste 74% de l'article à lire ", "external_links": [], "published": "2016-10-01T17:42:00.000+03:00", "crawled": "2016-10-01T22:25:21.019+03:00", "highlightTitle": ""}