{"organizations": [], "uuid": "20178bd21da2ed2f9d7adb96d57eada6390025e8", "thread": {"social": {"gplus": {"shares": 0}, "pinterest": {"shares": 0}, "vk": {"shares": 0}, "linkedin": {"shares": 0}, "facebook": {"likes": 0, "shares": 0, "comments": 0}, "stumbledupon": {"shares": 0}}, "site_full": "actu.orange.fr", "main_image": "http://media3.woopic.com/api/v1/images/661%2Fmagic-article-actu%2F525%2F336%2F5775d6f58eb54ae776e7d84500%2Fmanuel-valls-je-suis-venu-pour-casser-la-baraque%7C5253365775d6f58eb54ae776e7d84500.jpg?format=470x264&amp;facedetect=1&amp;quality=85", "site_section": "", "section_title": "", "url": "http://actu.orange.fr/politique/manuel-valls-je-suis-venu-pour-casser-la-baraque-magic-CNT000000uz3Pa.html", "country": "FR", "domain_rank": 208, "title": "Manuel Valls : \"Je suis venu pour casser la baraque\" sur Orange Actualités", "performance_score": 0, "site": "orange.fr", "participants_count": 0, "title_full": "Manuel Valls : \"Je suis venu pour casser la baraque\" sur Orange Actualités", "spam_score": 0.206, "site_type": "news", "published": "2016-10-02T21:15:00.000+03:00", "replies_count": 0, "uuid": "20178bd21da2ed2f9d7adb96d57eada6390025e8"}, "author": "", "url": "http://actu.orange.fr/politique/manuel-valls-je-suis-venu-pour-casser-la-baraque-magic-CNT000000uz3Pa.html", "ord_in_thread": 0, "title": "Manuel Valls : \"Je suis venu pour casser la baraque\" sur Orange Actualités", "locations": [], "entities": {"persons": [], "locations": [], "organizations": []}, "highlightText": "", "language": "french", "persons": [], "text": "Patrick de Carolis : « Ça fait deux ans que je déguste » Orange avec AFP, publié le dimanche 02 octobre 2016 à 13h15 \nIl le répète à l'envi. La gauche \"peut gagner la présidentielle si elle défend son bilan\", a estimé dimanche 2 octobre, en jugeant que \"ça suffit d'être déprimé, ça suffit d'être honteux\". \"J'en ai assez de cette gauche honteuse d'assumer les responsabilités (...) Ca suffit d'être déprimé, d'être honteux, gouverner la France, c'est une énorme fierté\", a lancé le patron de Matignon, invité du Grand jury RTL/LCI/ Le Figaro où, dès le départ, il a dit être \"venu pour casser la baraque\". \nUne expression déjà utilisée, à droite, par François Fillon en vue de la primaire pour 2017. \"Je ne mise pas sur l'empêchement du président de la République ni sur la défaite de la gauche. la politique c'est une affaire de convictions, pas de sondages. J'en ai assez qu'on choisisse à la place des Français. L'élection présidentielle, elle est en avril et en mai\", a-t-il ajouté. \"Si j'étais à la place du président, je dirais la chose suivante: je suis fier comme président d'avoir sauvé le Mali, d'avoir permis à la Grèce de rester dans la zone euro, de ce peuple français qui a manifesté sa résistance et sa résilience (...) après tous les attentats, je suis fier d'avoir engagé la France dans la voie de la compétitivité, nous avons retrouvé, notamment dans le secteur industriel, un coût du travail équivalent, voire meilleur que celui de l'Allemagne\", a-t-il également déclaré.Dans la campagne qui se profile, le chef du gouvernement, qui se voit en \"premier de cordée\", \"sonne la mobilisation\" et veut \"\"réveiller la gauche\". Publicité ", "external_links": [], "published": "2016-10-02T21:15:00.000+03:00", "crawled": "2016-10-02T14:41:53.948+03:00", "highlightTitle": ""}