{"organizations": [], "uuid": "67b9116165363b078f44dad90ef433bf67547f1a", "thread": {"social": {"gplus": {"shares": 0}, "pinterest": {"shares": 0}, "vk": {"shares": 0}, "linkedin": {"shares": 0}, "facebook": {"likes": 0, "shares": 0, "comments": 0}, "stumbledupon": {"shares": 0}}, "site_full": "www.anibis.ch", "main_image": "https://can01.anibis.ch/Voitures-de-tourisme-Suzuki-Alto-1.1,-2010,-130000-km/?1024x728/3/90/anibis/727/758/016/elOTvMwz2EyJXGvaLEQNTQ_1.jpg", "site_section": "http://anibis.ch//fr/automobiles--4/rssexport.aspx", "section_title": "Petites annonces Automobiles", "url": "http://www.anibis.ch/fr/automobiles--4/suzuki-alto-11,-2010,-130'000-km--16758727.aspx", "country": "CH", "domain_rank": 8918, "title": "Suzuki Alto 1.1, 2010, 130'000 km", "performance_score": 0, "site": "anibis.ch", "participants_count": 0, "title_full": "Suzuki Alto 1.1, 2010, 130'000 km", "spam_score": 0.0, "site_type": "news", "published": "2016-10-01T16:42:00.000+03:00", "replies_count": 0, "uuid": "67b9116165363b078f44dad90ef433bf67547f1a"}, "author": "", "url": "http://www.anibis.ch/fr/automobiles--4/suzuki-alto-11,-2010,-130'000-km--16758727.aspx", "ord_in_thread": 0, "title": "Suzuki Alto 1.1, 2010, 130'000 km", "locations": [], "entities": {"persons": [], "locations": [], "organizations": []}, "highlightText": "", "language": "french", "persons": [], "text": "Suzuki Alto 1.1, 2010, 130'000 km Type d'insertion: Belle petite voiture tres economique et facile a conduire. Annee 2010,km:130000,expertise. Cet utilisateur a confirmé son compte avec un numéro de mobile valable. adrianuccio Membre depuis le 21.12.2008 Téléphone : +41 078 704 01 70 Êtes-vous intéressé par cette offre? Ecrivez un message à l’annonceur. Mon nom : Problèmes de contact? \n1) Exemple de calcul: crédit de CHF 10 000.–. Un taux d’intérêt annuel effectif entre 7,95% et 9,95% et une durée de 12 mois engendrent des intérêts totaux entre CHF 421.– et CHF 524.–. Le prêteur est Cembra Money Bank SA, dont le siège est à Zurich. L’octroi d’un crédit est interdit s’il entraîne le surendettement du consommateur. Transmettre l'annonce par e-mail Vous connaissez quelqu'un qui pourrait s'intéresser à cette annonce ? Envoyez lui un e-mail grâce à ce formulaire. Expéditeur :", "external_links": [], "published": "2016-10-01T16:42:00.000+03:00", "crawled": "2016-10-01T11:57:37.112+03:00", "highlightTitle": ""}