{"organizations": [], "uuid": "86aa3b0059e6efc82ad450cd124e861331362163", "thread": {"social": {"gplus": {"shares": 0}, "pinterest": {"shares": 0}, "vk": {"shares": 0}, "linkedin": {"shares": 0}, "facebook": {"likes": 0, "shares": 0, "comments": 0}, "stumbledupon": {"shares": 0}}, "site_full": "www.ladepeche.fr", "main_image": "http://static.ladepeche.fr/content/media/image/zoom/2016/09/30/20160930150950314-0.jpg", "site_section": "http://www.ladepeche.fr/", "section_title": "ladepeche.fr : Actualités Toulouse, informations emploi économie...", "url": "http://www.ladepeche.fr/article/2016/09/30/2429941-les-cles-de-l-eveche-remises-a-jean-claude-luche.html", "country": "FR", "domain_rank": 5847, "title": "Les clés de l'évêché remises à Jean-Claude Luche - 30/09/2016", "performance_score": 0, "site": "ladepeche.fr", "participants_count": 1, "title_full": "Les clés de l'évêché remises à Jean-Claude Luche - 30/09/2016 - ladepeche.fr", "spam_score": 0.0, "site_type": "news", "published": "2016-09-30T15:57:00.000+03:00", "replies_count": 0, "uuid": "86aa3b0059e6efc82ad450cd124e861331362163"}, "author": "ROMAIN GRUFFAZ", "url": "http://www.ladepeche.fr/article/2016/09/30/2429941-les-cles-de-l-eveche-remises-a-jean-claude-luche.html", "ord_in_thread": 0, "title": "Les clés de l'évêché remises à Jean-Claude Luche - 30/09/2016", "locations": [], "entities": {"persons": [], "locations": [], "organizations": []}, "highlightText": "", "language": "french", "persons": [], "text": "Monseigneur Fonlupt, évêque de Rodez et de Vabres, a officiellement remis les clés de l'évêché à Jean-Claude Luche, président du conseil départemental, ce matin. L'administration est en effet propriétaire du bâtiment, dans lequel le membre du clergé habitait avant de déménager, récemment, dans le bâtiment de l'avenue Victor-Hugo. Ce geste symbolique marque une étape supplémentaire dans la mutation prochaine de l'édifice, qui va être converti au cours des prochains mois en hôtel cinq étoiles.", "external_links": [], "published": "2016-09-30T15:57:00.000+03:00", "crawled": "2016-10-01T06:14:06.308+03:00", "highlightTitle": ""}