{"organizations": [], "uuid": "a448c9e87735faac4b468aed5fef8403c72e3158", "thread": {"social": {"gplus": {"shares": 0}, "pinterest": {"shares": 0}, "vk": {"shares": 0}, "linkedin": {"shares": 0}, "facebook": {"likes": 0, "shares": 0, "comments": 0}, "stumbledupon": {"shares": 0}}, "site_full": "www.melty.fr", "main_image": "http://media.melty.fr/article-3341450-fb-f121443609/tf1-secret-story-marvin-nt1-saison-10.jpg", "site_section": "http://www.melty.fr/actu.rss", "section_title": "melty | News, tendances & youth culture", "url": "http://www.melty.fr/secret-story-10-marvin-exclu-definitivement-de-la-maison-des-secrets-voici-ce-qu-il-a-fait-a562333.html", "country": "FR", "domain_rank": 7007, "title": "Secret Story 10 : Marvin exclu définitivement de la maison des secrets ? Voici ce qu'il a fait", "performance_score": 0, "site": "melty.fr", "participants_count": 0, "title_full": "Secret Story 10 : Marvin exclu définitivement de la maison des secrets ? Voici ce qu'il a fait", "spam_score": 0.0, "site_type": "news", "published": "2016-10-03T21:31:00.000+03:00", "replies_count": 0, "uuid": "a448c9e87735faac4b468aed5fef8403c72e3158"}, "author": "", "url": "http://www.melty.fr/secret-story-10-marvin-exclu-definitivement-de-la-maison-des-secrets-voici-ce-qu-il-a-fait-a562333.html", "ord_in_thread": 0, "title": "Secret Story 10 : Marvin exclu définitivement de la maison des secrets ? Voici ce qu'il a fait", "locations": [], "entities": {"persons": [], "locations": [], "organizations": []}, "highlightText": "", "language": "french", "persons": [], "text": "Secret Story 10 : Marvin exclu définitivement de la maison des secrets ? Voici ce qu'il a fait Mise à jour le 3 oct. 2016 15:31:44  31:48 Ecrit par Thomas M. 2 C'est l'information qui fait du bruit : Marvin serait sur le point d'être exclu définitivement de la maison des secrets. On vous explique tout On vous révélait il y a quelques jours que Marvin de Secret Story 10 était détesté des candidats de télé-réalité et les réactions ont été plutôt violentes ... Mais aujourd’hui, Jeremstar vient de partager une information qui a laissé les fans du programmes sous le choc : Le jeune homme serait sur le point d'être exclu définitivement du programme ! Le blogueur a même affirmé que la production est en pleine réunion pour décider du sort du candidat. Il aurait eu un comportement inacceptable, tenant des propos très graves envers un habitant de la maison des secrets. Marvin aurait-il été violent avec un habitant ? La production a décidé de se réunir pour décider de la sanction vis-à-vis du jeune homme car ce n'est pas la première fois qu'il est allé trop loin. Marvin a en effet eu de gros clashs avec Fanny et Bastien et il avait failli en venir aux mains plusieurs fois, avant d’être arrêté par d’autres candidats. D'après les informations de Jeremstar, Marvin aurait déjà tenu des propos déplacés envers certaines filles de la maison ainsi que des propos homophobes à plusieurs reprises . La violence est-elle la cause de cette possible sanction ? Nous le saurons rapidement... En attendant, Emilie Fiorelli clashe violemment ses followers sur Twitter . Aïe... Que pensez-vous de cette affaire ? Retrouvez toutes les infos autour de Secret Story 10 tous les jours sur melty et sur MyTF1 ! RDV tous les jours sur NT1 pour le Before à 18h35 , la quotidienne à 18h40 et le débrief à 19h55 , ainsi que pour le prime tous les jeudis à 20H55 ! Source : Jeremstar - Crédit : NT1", "external_links": [], "published": "2016-10-03T21:31:00.000+03:00", "crawled": "2016-10-03T16:51:16.005+03:00", "highlightTitle": ""}