{"organizations": [], "uuid": "c0cd46e4a866bad8312ea270b8112551a4dc2400", "thread": {"social": {"gplus": {"shares": 0}, "pinterest": {"shares": 0}, "vk": {"shares": 0}, "linkedin": {"shares": 0}, "facebook": {"likes": 0, "shares": 0, "comments": 0}, "stumbledupon": {"shares": 0}}, "site_full": "www.anibis.ch", "main_image": "https://can01.anibis.ch/Autres-Collection-de-fee/?1024x728/3/90/anibis/205/759/016/7K7bcmQTPUaBYApktoFbfA_1.jpg", "site_section": "http://anibis.ch//fr/collections--10/rssexport.aspx", "section_title": "Petites annonces Collections", "url": "http://www.anibis.ch/fr/collections--10/collection-de-f%c3%a9e--16759205.aspx", "country": "CH", "domain_rank": 8918, "title": "Collection de fée", "performance_score": 0, "site": "anibis.ch", "participants_count": 0, "title_full": "Collection de fée", "spam_score": 0.0, "site_type": "news", "published": "2016-10-01T17:44:00.000+03:00", "replies_count": 0, "uuid": "c0cd46e4a866bad8312ea270b8112551a4dc2400"}, "author": "", "url": "http://www.anibis.ch/fr/collections--10/collection-de-f%c3%a9e--16759205.aspx", "ord_in_thread": 0, "title": "Collection de fée", "locations": [], "entities": {"persons": [], "locations": [], "organizations": []}, "highlightText": "", "language": "french", "persons": [], "text": "Description: bonjour je vend ma collection de fée sois en lot sois as l'unité en lot c'est 1500 (car la grande fée je l'ai payé 1250 , la plus petite fée je l'ai eu as 59.90 si c'est as l'unité le prix es as discuter Payer simplement et en toute sécurité? Envoyer et recevoir de l'argent avec", "external_links": [], "published": "2016-10-01T17:44:00.000+03:00", "crawled": "2016-10-01T13:20:13.621+03:00", "highlightTitle": ""}