{"organizations": [], "uuid": "ae7deebf6fc74ba786ae40b532624d4fe7f1274c", "thread": {"social": {"gplus": {"shares": 0}, "pinterest": {"shares": 0}, "vk": {"shares": 0}, "linkedin": {"shares": 0}, "facebook": {"likes": 1, "shares": 1, "comments": 0}, "stumbledupon": {"shares": 0}}, "site_full": "www.europe1.fr", "main_image": "http://cdn1-europe1.new2.ladmedia.fr/var/europe1/storage/images/europe1/international/la-police-de-new-york-achete-1000-cameras-corporelles-2861431/29149660-1-fre-FR/La-police-de-New-York-achete-1.000-cameras-corporelles.jpg", "site_section": "http://www.europe1.fr/var/export/rss/europe1/international.xml", "section_title": "Europe 1: International", "url": "http://www.europe1.fr/international/la-police-de-new-york-achete-1000-cameras-corporelles-2861431", "country": "FR", "domain_rank": 9784, "title": "La police de New York achète 1.000 caméras corporelles", "performance_score": 0, "site": "europe1.fr", "participants_count": 1, "title_full": "La police de New York achète 1.000 caméras corporelles", "spam_score": 0.0, "site_type": "news", "published": "2016-10-01T17:25:00.000+03:00", "replies_count": 0, "uuid": "ae7deebf6fc74ba786ae40b532624d4fe7f1274c"}, "author": "Rédaction Europe1.fr avec AFP", "url": "http://www.europe1.fr/international/la-police-de-new-york-achete-1000-cameras-corporelles-2861431", "ord_in_thread": 0, "title": "La police de New York achète 1.000 caméras corporelles", "locations": [], "entities": {"persons": [], "locations": [], "organizations": []}, "highlightText": "", "language": "french", "persons": [], "text": "La police de New York achète 1.000 caméras corporelles 11h25, le 01 octobre 2016 A A 0 partage Le contrat total, qui doit s'étendre sur cinq ans, porte sur 6,4 millions de dollars, un montant que la police a refusé de confirmer. \nLa police new-yorkaise va bientôt acquérir quelque 1.000 caméras corporelles qui s'accrochent à l'uniforme, témoin de la pression sur la police américaine pour généraliser ces \"body cameras\" censées limiter les bavures. La police de New York, la première des Etats-Unis avec près de 35.000 agents, a décidé d'acheter ces mini-caméras à la société Vievu basée à Seattle, a confirmé vendredi un porte-parole de la mairie. \nL'impact de ce nouvel équipement sera suivi de près tant par la police que par un expert indépendant suivi par un juge, selon le Daily News . Selon le journal, le contrat total, qui doit s'étendre sur cinq ans, porte sur 6,4 millions de dollars, un montant que la police a refusé de confirmer. La société Vievu, qui n'était pas immédiatement joignable vendredi, se targue d'équiper des polices du monde entier avec ses mini-caméras conçues pour résister à tous les chocs. Elle fournit également la partie logiciel qui permet de stocker les images sur le Cloud. \nLa police américaine est sous forte pression pour s'équiper massivement de ces caméras intégrées, après une longue série de bavures policières dont les Noirs ont été les premières victimes. Chaque incident s'accompagne souvent de la diffusion de vidéos amateur sur les réseaux sociaux qui viennent relancer le débat. Sur le même sujet :", "external_links": [], "published": "2016-10-01T17:25:00.000+03:00", "crawled": "2016-10-01T13:00:31.893+03:00", "highlightTitle": ""}