{"organizations": [], "uuid": "124b966b87ee677b0a77b523d89e164c25c6cf2f", "thread": {"social": {"gplus": {"shares": 0}, "pinterest": {"shares": 0}, "vk": {"shares": 0}, "linkedin": {"shares": 0}, "facebook": {"likes": 0, "shares": 0, "comments": 0}, "stumbledupon": {"shares": 0}}, "site_full": "www.anibis.ch", "main_image": "https://can01.anibis.ch/kitesurf-2-Kites-Core-GTS3-(2014)-9m2---12m2-+-barre/?1024x728/3/90/anibis/304/748/016/hmCb0TDjEU-mEGWiejS3dA_1.jpg", "site_section": "http://anibis.ch//fr/nautisme--24/rssexport.aspx", "section_title": "Petites annonces Nautisme", "url": "http://www.anibis.ch/fr/nautisme--24/2-kites-core-gts3-2014-9m2-12m2-barre--16748304.aspx", "country": "CH", "domain_rank": 8918, "title": "2 Kites Core GTS3 (2014) 9m2 / 12m2 + barre", "performance_score": 0, "site": "anibis.ch", "participants_count": 0, "title_full": "2 Kites Core GTS3 (2014) 9m2 / 12m2 + barre", "spam_score": 0.0, "site_type": "news", "published": "2016-09-30T18:09:00.000+03:00", "replies_count": 0, "uuid": "124b966b87ee677b0a77b523d89e164c25c6cf2f"}, "author": "", "url": "http://www.anibis.ch/fr/nautisme--24/2-kites-core-gts3-2014-9m2-12m2-barre--16748304.aspx", "ord_in_thread": 0, "title": "2 Kites Core GTS3 (2014) 9m2 / 12m2 + barre", "locations": [], "entities": {"persons": [], "locations": [], "organizations": []}, "highlightText": "", "language": "french", "persons": [], "text": "  Envoyer \nLes annonces suivantes pourront peut-être aussi vous intéresser", "external_links": [], "published": "2016-09-30T18:09:00.000+03:00", "crawled": "2016-10-01T00:46:29.656+03:00", "highlightTitle": ""}