{"organizations": [], "uuid": "af682395037bc0bcb1024728652758b16c1a8409", "thread": {"social": {"gplus": {"shares": 0}, "pinterest": {"shares": 0}, "vk": {"shares": 0}, "linkedin": {"shares": 0}, "facebook": {"likes": 0, "shares": 0, "comments": 0}, "stumbledupon": {"shares": 0}}, "site_full": "www.anibis.ch", "main_image": "https://can01.anibis.ch/Travestis---Transsexuels-Superbe-transex-LOLITA-bresilenne--Geneve-1foi/?1024x728/3/90/anibis/070/403/016/MsGV99a_e0mu33CYqYT4PQ_1.jpg", "site_section": "http://anibis.ch//fr/erotique--15/rssexport.aspx", "section_title": "Petites annonces Erotique", "url": "http://www.anibis.ch/fr/erotique--15/superbe-transex-lolita-bresilenne-geneve-1foi--16403070.aspx", "country": "CH", "domain_rank": 8918, "title": "Superbe transex LOLITA bresilenne Geneve 1foi", "performance_score": 0, "site": "anibis.ch", "participants_count": 0, "title_full": "Superbe transex LOLITA bresilenne Geneve 1foi", "spam_score": 0.0, "site_type": "news", "published": "2016-10-04T03:36:00.000+03:00", "replies_count": 0, "uuid": "af682395037bc0bcb1024728652758b16c1a8409"}, "author": "", "url": "http://www.anibis.ch/fr/erotique--15/superbe-transex-lolita-bresilenne-geneve-1foi--16403070.aspx", "ord_in_thread": 0, "title": "Superbe transex LOLITA bresilenne Geneve 1foi", "locations": [], "entities": {"persons": [], "locations": [], "organizations": []}, "highlightText": "", "language": "french", "persons": [], "text": "Superbe transex LOLITA bresilenne Geneve 1foi Type d'insertion: Prix sur demande Description: \nBonjour mes amours. Je me présente, je m'appelle Lolita une belle et très sensuelle trans Brésilienne une mélange que je suis sûr ça vais vous rendre fou. Le côté délicat d'une asiatique avec le côté salope et gourmand d'une Brésilienne peu pas être intéressant? Alors je suis sûr vous vont pas regretter de venir découvrir cette inoubliable expérience avec mois. Je vous accueille dans un endroit discret et super confortable. Une douche peu être prise chez mois bien sûr, avant et après la prestation. Prestation celui la que vais changer ta manière de voir le monde de sex et la perversité. Une prestation rempli de sensualité, avec la expérience de une vrais escort. Je peux tout offrir à celui qui me recherchons, ça dire un rapport complet avec une extraordinaire felation, je peux être active bien que passive. Le caresse est aussi très important pour une bonnes relations... \nGENEVE 077 9877823", "external_links": [], "published": "2016-10-04T03:36:00.000+03:00", "crawled": "2016-10-03T22:56:07.006+03:00", "highlightTitle": ""}