{"organizations": [], "uuid": "93dcfe19db87e136e1ef02a22ca106c8337c3b92", "thread": {"social": {"gplus": {"shares": 0}, "pinterest": {"shares": 0}, "vk": {"shares": 0}, "linkedin": {"shares": 0}, "facebook": {"likes": 0, "shares": 0, "comments": 0}, "stumbledupon": {"shares": 0}}, "site_full": "www.anibis.ch", "main_image": "https://can01.anibis.ch/Voitures-de-tourisme-Opel-Astra,-2005,-20000-km/?1024x728/3/90/anibis/238/771/016/JzO3C_gVfU6NrZ_jMnpYWg_1.jpg", "site_section": "http://anibis.ch//fr/automobiles--4/rssexport.aspx", "section_title": "Petites annonces Automobiles", "url": "http://www.anibis.ch/fr/automobiles--4/opel-astra,-2005,-20'000-km--16771238.aspx", "country": "CH", "domain_rank": 8918, "title": "Opel Astra, 2005, 20'000 km", "performance_score": 0, "site": "anibis.ch", "participants_count": 0, "title_full": "Opel Astra, 2005, 20'000 km", "spam_score": 0.0, "site_type": "news", "published": "2016-10-02T19:30:00.000+03:00", "replies_count": 0, "uuid": "93dcfe19db87e136e1ef02a22ca106c8337c3b92"}, "author": "", "url": "http://www.anibis.ch/fr/automobiles--4/opel-astra,-2005,-20'000-km--16771238.aspx", "ord_in_thread": 0, "title": "Opel Astra, 2005, 20'000 km", "locations": [], "entities": {"persons": [], "locations": [], "organizations": []}, "highlightText": "", "language": "french", "persons": [], "text": "Opel Astra, 2005, 20'000 km Type d'insertion: \nCherche pièce carrosserie pour Opel Astra H. - Capot - 2 Phares avant - calandre - Aile Etc... \n0791379421 Cet utilisateur a confirmé son compte avec un numéro de mobile valable. rabit01 Membre depuis le 13.05.2014 Téléphone : +41 791379421 Problèmes de contact? \n1) Exemple de calcul: crédit de CHF 10 000.–. Un taux d’intérêt annuel effectif entre 7,95% et 9,95% et une durée de 12 mois engendrent des intérêts totaux entre CHF 421.– et CHF 524.–. Le prêteur est Cembra Money Bank SA, dont le siège est à Zurich. L’octroi d’un crédit est interdit s’il entraîne le surendettement du consommateur. Transmettre l'annonce par e-mail Vous connaissez quelqu'un qui pourrait s'intéresser à cette annonce ? Envoyez lui un e-mail grâce à ce formulaire. Expéditeur :", "external_links": [], "published": "2016-10-02T19:30:00.000+03:00", "crawled": "2016-10-02T14:46:50.996+03:00", "highlightTitle": ""}